Sr. No.,Company name,ISIN,BSE Symbol,BSE 6 month Avg Total Market Cap in (Rs. Crs.),NSE Symbol,NSE 6 month Avg Total Market Cap (Rs. Crs.),MSEI Symbol,MSEI 6 month Avg Total Market Cap in (Rs Crs.),Average of All Exchanges (Rs. Cr.),"Categorization as per SEBI Circular dated Oct 6, 2017"
1,Reliance Industries Ltd,INE002A01018,RELIANCE,1873294.7184957801,RELIANCE,1873278.8315999999,-,,1873286.7750478899,Large Cap
2,HDFC Bank Ltd.,INE040A01034,HDFCBANK,1286604.4144720901,HDFCBANK,1286302.0508999999,-,,1286453.2326860451,Large Cap
3,Bharti Airtel  Ltd.,INE397D01024,BHARTIARTL,1113793.5644059698,BHARTIARTL,1119187.6484000001,-,,1116490.6064029848,Large Cap
4,State Bank Of India,INE062A01020,SBIN,975713.20131054393,SBIN,975713.97050000005,-,,975713.58590527205,Large Cap
5,ICICI Bank Ltd.,INE090A01021,ICICIBANK,948884.55179492105,ICICIBANK,948002.50989999995,-,,948443.5308474605,Large Cap
6,Tata Consultancy Services Ltd.,INE467B01029,TCS,934776.62883280893,TCS,934786.88009999995,-,,934781.75446640444,Large Cap
7,Bajaj Finance Limited,INE296A01032,BAJFINANCE,580386.21073194605,BAJFINANCE,580280.71299999999,-,,580333.46186597296,Large Cap
8,Larsen & Toubro Limited,INE018A01030,LT,546367.52038670599,LT,546381.85320000001,-,,546374.68679335294,Large Cap
9,Infosys Ltd,INE009A01021,INFY,538050.46418697992,INFY,534465.19510000001,-,,536257.82964349003,Large Cap
10,Hindustan Unilever Ltd.,INE030A01027,HINDUNILVR,529065.10063614196,HINDUNILVR,529080.37300000002,-,,529072.73681807099,Large Cap
11,LIFE INSURANCE CORPORATION OF INDIA,INE0J1Y01017,LICI,519005.06551954005,LICI,519014.55300000001,-,,519009.80925977003,Large Cap
12,Maruti Suzuki India  Ltd.,INE585B01010,MARUTI,440752.49272120901,MARUTI,440745.24839999998,-,,440748.8705606045,Large Cap
13,Sun Pharmaceutical Industries Ltd.,INE044A01036,SUNPHARMA,421545.70380629197,SUNPHARMA,421567.55300000001,-,,421556.62840314599,Large Cap
14,Mahindra & Mahindra Ltd.,INE101A01026,M&M,406921.44196546701,M&M,406923.77360000001,-,,406922.60778273351,Large Cap
15,AXIS Bank Ltd.,INE238A01034,AXISBANK,405286.87226577499,AXISBANK,405048.61109999998,-,,405167.74168288748,Large Cap
16,Kotak Mahindra Bank Ltd.,INE237A01036,KOTAKBANK,394006.08193962899,KOTAKBANK,393995.64840000001,-,,394000.8651698145,Large Cap
17,ITC Ltd,INE154A01025,ITC,386430.447543293,ITC,386407.76150000002,-,,386419.10452164651,Large Cap
18,Titan Company Limited,INE280A01028,TITAN,373554.59634717996,TITAN,373577.97470000002,-,,373566.28552358999,Large Cap
19,HCL Technologies Ltd,INE860A01027,HCLTECH,371546.31860213703,HCLTECH,371546.20549999998,-,,371546.26205106848,Large Cap
20,NTPC Limited,INE733E01010,NTPC,360544.67241643299,NTPC,360546.69260000001,-,,360545.68250821647,Large Cap
21,Adani Ports and Special Economic Zone Ltd,INE742F01042,ADANIPORTS,360756.99828382302,ADANIPORTS,359961.68,-,,360359.33914191148,Large Cap
22,UltraTech Cement Ltd,INE481G01011,ULTRACEMCO,348401.63953305798,ULTRACEMCO,348437.7377,-,,348419.68861652899,Large Cap
23,Adani Power Limited,INE814H01029,ADANIPOWER,346676.93906705501,ADANIPOWER,346677.26049999997,-,,346677.09978352749,Large Cap
24,Oil And Natural Gas Corporation Ltd,INE213A01029,ONGC,338166.29191008396,ONGC,338169.1225,-,,338167.70720504201,Large Cap
25,Bharat Electronics Ltd.,INE263A01024,BEL,313326.35972625599,BEL,313318.74540000001,-,,313322.552563128,Large Cap
26,JSW Steel Limited,INE019A01038,JSWSTEEL,300876.32681289501,JSWSTEEL,300895.58480000001,-,,300885.95580644754,Large Cap
27,Bajaj Finserv Limited,INE918I01026,BAJAJFINSV,295721.77097538399,BAJAJFINSV,295641.57490000001,-,,295681.67293769203,Large Cap
28,Adani Enterprises Ltd.,INE423A01024,ADANIENT,289707.59149977297,ADANIENT,284446.53149999998,-,,287077.06149988645,Large Cap
29,Hindustan Aeronautics Limited,INE066F01020,HAL,283574.75573749997,HAL,283586.73800000001,-,,283580.74686874996,Large Cap
30,Coal India Limited,INE522F01014,COALINDIA,274209.31300813,COALINDIA,274243.97840000002,-,,274226.64570406498,Large Cap
31,Bajaj Auto Limited,INE917I01010,BAJAJ-AUTO,272697.18198632798,BAJAJ-AUTO,272624.23340000003,-,,272660.707693164,Large Cap
32,POWER GRID CORPORATION OF INDIA LIMITED,INE752E01010,POWERGRID,271267.22386234102,POWERGRID,271282.72489999997,-,,271274.97438117047,Large Cap
33,Avenue Supermarts Limited,INE192R01011,DMART,264823.85912115098,DMART,264571.46000000002,-,,264697.6595605755,Large Cap
34,Nestle India Ltd.,INE239A01024,NESTLEIND,256373.4061655,NESTLEIND,256402.49160000001,-,,256387.94888275,Large Cap
35,Hindustan Zinc Ltd.,INE267A01025,HINDZINC,252509.992978833,HINDZINC,252546.26029999999,-,,252528.1266394165,Large Cap
36,TATA STEEL LIMITED,INE081A01020,TATASTEEL,250567.141148867,TATASTEEL,250558.12220000001,-,,250562.63167443351,Large Cap
37,Eternal Limited,INE758T01015,ETERNAL,247370.25282015602,ETERNAL,247387.70389999999,-,,247378.97836007801,Large Cap
38,Asian Paints Ltd.,INE021A01026,ASIANPAINT,240473.76354637003,ASIANPAINT,240484.5545,-,,240479.15902318503,Large Cap
39,Hindalco Industries Ltd.,INE038A01020,HINDALCO,221149.37485955298,HINDALCO,221156.02290000001,-,,221152.69887977649,Large Cap
40,Wipro  Ltd.,INE075A01022,WIPRO,219128.13008068898,WIPRO,219059.1827,-,,219093.65639034449,Large Cap
41,Indian Oil Corporation Ltd.,INE242A01010,IOC,215445.38046970099,IOC,215437.02540000001,-,,215441.2029348505,Large Cap
42,Shriram Finance Limited,INE721A01047,SHRIRAMFIN,206426.965363183,SHRIRAMFIN,201676.06510000001,-,,204051.5152315915,Large Cap
43,Eicher Motors Ltd.,INE066A01021,EICHERMOT,199691.21922891898,EICHERMOT,199670.33040000001,-,,199680.7748144595,Large Cap
44,Grasim Industries Ltd,INE047A01021,GRASIM,194954.365359883,GRASIM,194980.29860000001,-,,194967.33197994152,Large Cap
45,SBI Life Insurance Company Limited,INE123W01016,SBILIFE,192377.76020763998,SBILIFE,192357.47709999999,-,,192367.61865381998,Large Cap
46,Adani Green Energy Limited,INE364U01010,ADANIGREEN,184592.168456871,ADANIGREEN,184610.2874,-,,184601.22792843549,Large Cap
47,Vedanta Aluminium Metal Limited,INE1CDF01017,VAML,181237.59919636601,VAML,180581.00949999999,-,,180909.30434818298,Large Cap
48,InterGlobe Aviation Limited,INE646L01027,INDIGO,178600.15825551999,INDIGO,178587.42739999999,-,,178593.79282775999,Large Cap
49,TVS Motor Company Ltd.,INE494B01023,TVSMOTOR,170873.612322856,TVSMOTOR,170898.65340000001,-,,170886.13286142802,Large Cap
50,Divi's Laboratories Ltd.,INE361B01024,DIVISLAB,169328.22673535201,DIVISLAB,169320.9485,-,,169324.58761767601,Large Cap
51,HYUNDAI MOTOR INDIA LIMITED,INE0V6F01027,HYUNDAI,163329.12350215399,HYUNDAI,163319.33919999999,-,,163324.23135107697,Large Cap
52,Varun Beverages Limited,INE200M01039,VBL,161053.48328959098,VBL,161037.5595,-,,161045.52139479551,Large Cap
53,Jio Financial Services Limited,INE758E01017,JIOFIN,160459.08013267,JIOFIN,158515.7757,-,,159487.427916335,Large Cap
54,Tata Motors Limited,INE1TAE01010,TMCV,157503.54952018399,TMCV,157503.03450000001,-,,157503.292010092,Large Cap
55,ICICI Prudential Asset Management Company Limited,INE346A01027,ICICIAMC,152767.70930725499,ICICIAMC,152782.43410000001,-,,152775.0717036275,Large Cap
56,DLF LIMITED,INE271C01023,DLF,149055.22617227599,DLF,149063.16209999999,-,,149059.19413613799,Large Cap
57,Pidilite Industries Ltd.,INE318A01026,PIDILITIND,147097.03233056,PIDILITIND,147117.55660000001,-,,147107.29446528002,Large Cap
58,Bank Of Baroda,INE028A01039,BANKBARODA,146176.09355927899,BANKBARODA,146187.77220000001,-,,146181.9328796395,Large Cap
59,Tech Mahindra Limited,INE669C01036,TECHM,145632.387247846,TECHM,145628.3609,-,,145630.37407392298,Large Cap
60,Trent Ltd [Lakme Ltd],INE849A01020,TRENT,144051.76295924801,TRENT,144053.51490000001,-,,144052.63892962399,Large Cap
61,Torrent Pharmaceuticals Ltd.,INE685A01028,TORNTPHARM,143545.59701079299,TORNTPHARM,143568.97870000001,-,,143557.28785539651,Large Cap
62,Bharat Petroleum Corpn. Ltd.,INE029A01011,BPCL,141514.71874787699,BPCL,141521.5067,-,,141518.11272393848,Large Cap
63,Adani Energy Solutions Limited,INE931S01010,ADANIENSOL,140977.82584143899,ADANIENSOL,140987.8365,-,,140982.8311707195,Large Cap
64,Tata Capital Limited,INE976I01016,TATACAP,140954.76750353602,TATACAP,140948.57709999999,-,,140951.67230176801,Large Cap
65,HDFC LIFE INSURANCE COMPANY LIMITED,INE795G01014,HDFCLIFE,139784.08215408702,HDFCLIFE,139789.8443,-,,139786.96322704351,Large Cap
66,LTM LIMITED,INE214T01019,LTM,138924.49542319,LTM,138930.07329999999,-,,138927.284361595,Large Cap
67,MUTHOOT FINANCE LIMITED,INE414G01012,MUTHOOTFIN,138916.92500247201,MUTHOOTFIN,138913.4791,-,,138915.202051236,Large Cap
68,Power Finance Corporation Ltd,INE134E01011,PFC,137591.28018392,PFC,137610.53080000001,-,,137600.90549196,Large Cap
69,Indian Railway Finance Corporation,INE053F01010,IRFC,136809.28862425001,IRFC,136807.00159999999,-,,136808.145112125,Large Cap
70,Cholamandalam Investment and Finance Company Ltd,INE121A01024,CHOLAFIN,136937.14197419799,CHOLAFIN,136586.97440000001,-,,136762.058187099,Large Cap
71,Britannia Industries Ltd.,INE216A01030,BRITANNIA,136320.32541348899,BRITANNIA,136338.07939999999,-,,136329.20240674447,Large Cap
72,Cummins India Ltd.,INE298A01020,CUMMINSIND,135855.66224999999,CUMMINSIND,135873.2298,-,,135864.44602500001,Large Cap
73,Solar Industries India Limited,INE343H01029,SOLARINDS,135239.78518395801,SOLARINDS,135235.04949999999,-,,135237.41734197899,Large Cap
74,BSE Ltd.,INE118H01025,-,-,BSE,134291.2776,-,,134291.2776,Large Cap
75,Union Bank of India,INE692A01016,UNIONBANK,133699.73960450201,UNIONBANK,133709.1544,-,,133704.44700225099,Large Cap
76,ABB India Limited,INE117A01022,ABB,133304.66286079699,ABB,133323.6551,-,,133314.1589803985,Large Cap
77,Samvardhana Motherson International Limited,INE775A01035,MOTHERSON,133097.46893118799,MOTHERSON,133119.84229999999,-,,133108.65561559401,Large Cap
78,Punjab National Bank,INE160A01022,PNB,131606.17223450402,PNB,131616.2286,-,,131611.20041725202,Large Cap
79,TATA MOTORS PASSENGER VEHICLES LIMITED,INE155A01022,TMPV,131036.324907931,TMPV,131051.7791,-,,131044.05200396551,Large Cap
80,Canara Bank,INE476A01022,CANBK,127339.84948871999,CANBK,127342.34390000001,-,,127341.09669435999,Large Cap
81,Tata Power Co. Ltd,INE245A01021,TATAPOWER,126038.43762249399,TATAPOWER,126054.01489999999,-,,126046.22626124699,Large Cap
82,Polycab India Limited,INE455K01017,POLYCAB,123528.25313169199,POLYCAB,123511.81510000001,-,,123520.03411584601,Large Cap
83,VODAFONE IDEA LIMITED,INE669E01016,IDEA,123384.65969363898,IDEA,123332.2939,-,,123358.47679681949,Large Cap
84,Vedanta Ltd.,INE205A01025,-,-,VEDL,122260.19010000001,-,,122260.19010000001,Large Cap
85,HITACHI ENERGY INDIA LIMITED,INE07Y701011,POWERINDIA,121537.05193971399,POWERINDIA,121538.4708,-,,121537.76136985699,Large Cap
86,Siemens Ltd.,INE003A01024,SIEMENS,120253.30313131699,SIEMENS,120259.1643,-,,120256.2337156585,Large Cap
87,JINDAL STEEL LIMITED,INE749A01030,JINDALSTEL,119276.095939943,JINDALSTEL,119299.3029,-,,119287.6994199715,Large Cap
88,CG Power and Industrial Solutions Limited,INE067A01029,CGPOWER,118913.141085229,CGPOWER,118912.78449999999,-,,118912.9627926145,Large Cap
89,Indian Bank,INE562A01011,INDIANB,118262.93242030701,INDIANB,118254.28939999999,-,,118258.61091015351,Large Cap
90,Ambuja Cements Ltd.,INE079A01024,AMBUJACEM,116079.43987218001,AMBUJACEM,116092.00659999999,-,,116085.72323609001,Large Cap
91,Bajaj Holdings & Investment Limited,INE118A01012,BAJAJHLDNG,116062.274600465,BAJAJHLDNG,116084.1391,-,,116073.2068502325,Large Cap
92,INDUS TOWERS LIMITED,INE121J01017,INDUSTOWER,113366.80022345901,INDUSTOWER,113371.30710000001,-,,113369.0536617295,Large Cap
93,Godrej Consumer Products Ltd.,INE102D01028,GODREJCP,112829.42805007299,GODREJCP,112834.7574,-,,112832.09272503649,Large Cap
94,TATA CONSUMER PRODUCTS LIMITED,INE192A01025,TATACONSUM,112644.845908049,TATACONSUM,112658.75689999999,-,,112651.8014040245,Large Cap
95,Billionbrains Garage Ventures Limited,INE0HOQ01053,GROWW,112178.419564674,GROWW,112047.2613,-,,112112.84043233699,Large Cap
96,HDFC Asset Management Company Limited,INE127D01025,HDFCAMC,111806.738470475,HDFCAMC,111787.1633,-,,111796.9508852375,Large Cap
97,Apollo Hospitals Enterprises Ltd.,INE437A01024,APOLLOHOSP,110658.37947000201,APOLLOHOSP,110667.63559999999,-,,110663.007535001,Large Cap
98,Bharat Heavy Electricals Ltd.,INE257A01026,BHEL,109926.41874178,BHEL,109931.1485,-,,109928.78362089,Large Cap
99,Cipla Ltd.,INE059A01026,CIPLA,108558.395310899,CIPLA,108571.4059,-,,108564.9006054495,Large Cap
100,Gail (India) Ltd.,INE129A01019,GAIL,106342.100113575,GAIL,106350.20940000001,-,,106346.15475678749,Large Cap
101,Bosch Ltd,INE323A01026,BOSCHLTD,106277.10587312499,BOSCHLTD,106279.3486,-,,106278.2272365625,Mid Cap
102,Siemens Energy India Limited,INE1NPP01017,ENRIN,106269.41539300101,ENRIN,106259.7408,-,,106264.57809650051,Mid Cap
103,Hero MotoCorp Limited,INE158A01026,HEROMOTOCO,106195.92983089,HEROMOTOCO,106190.319,-,,106193.124415445,Mid Cap
104,Dr. Reddy's Laboratories Ltd.,INE089A01031,DRREDDY,105958.1695721,DRREDDY,105972.13250000001,-,,105965.15103605,Mid Cap
105,Lupin Ltd,INE326A01037,LUPIN,103596.63567973299,LUPIN,103584.12360000001,-,,103590.3796398665,Mid Cap
106,GMR Airports Limited,INE776C01039,GMRAIRPORT,103213.19800760401,GMRAIRPORT,103227.8046,-,,103220.50130380201,Mid Cap
107,Ashok Leyland Ltd.,INE208A01029,ASHOKLEY,102983.59967688001,ASHOKLEY,102986.2919,-,,102984.94578844,Mid Cap
108,LG Electronics India Limited,INE324D01010,LGEINDIA,102828.64377323001,LGEINDIA,102836.5062,-,,102832.57498661501,Mid Cap
109,GE Vernova T&D India Limited,INE200A01026,GVT&D,102435.161007324,GVT&D,102441.57279999999,-,,102438.366903662,Mid Cap
110,Marico Limited,INE196A01026,MARICO,101407.76162909101,MARICO,101411.7025,-,,101409.7320645455,Mid Cap
111,Max Healthcare Institute Limited,INE027H01010,MAXHEALTH,99178.725635149996,MAXHEALTH,99169.721799999999,-,,99174.223717574991,Mid Cap
112,Mazagon Dock Shipbuilders Limited,INE249Z01020,MAZDOCK,98568.961964999995,MAZDOCK,98569.499800000005,-,,98569.230882500007,Mid Cap
113,United Spirits Limited,INE854D01024,UNITDSPR,96380.200811036004,UNITDSPR,96382.958700000003,-,,96381.579755518003,Mid Cap
114,Zydus Lifesciences Limited,INE010B01027,ZYDUSLIFE,95645.811009968005,ZYDUSLIFE,95664.132899999997,-,,95654.971954984008,Mid Cap
115,Indian Hotels Co. Ltd,INE053A01029,INDHOTEL,94191.298015368011,INDHOTEL,94205.7696,-,,94198.533807683998,Mid Cap
116,IDBI Bank Ltd,INE008A01015,IDBI,94177.244136875001,IDBI,94167.387799999997,-,,94172.315968437499,Mid Cap
117,REC LIMITED,INE020B01018,RECLTD,92820.816846999995,RECLTD,92827.509600000005,-,,92824.1632235,Mid Cap
118,Lodha Developers Limited,INE670K01029,LODHA,92581.308927000005,LODHA,92579.578099999999,-,,92580.443513500009,Mid Cap
119,Mankind Pharma Limited,INE634S01028,MANKIND,91891.258101875006,MANKIND,91898.416500000007,-,,91894.837300937506,Mid Cap
120,Shree Cements Ltd.,INE070A01015,SHREECEM,91551.804125858995,SHREECEM,91555.499400000001,-,,91553.651762929498,Mid Cap
121,JSW Energy Limited,INE121E01018,JSWENERGY,91870.497484774998,JSWENERGY,91008.719899999996,-,,91439.608692387497,Mid Cap
122,ICICI Lombard General Insurance Company Limited ,INE765G01017,ICICIGI,91309.819506840999,ICICIGI,91259.243300000002,-,,91284.531403420493,Mid Cap
123,Aditya Birla Capital Ltd,INE674K01013,ABCAPITAL,90654.668787381001,ABCAPITAL,90627.538499999995,-,,90641.103643690498,Mid Cap
124,Waaree Energies Limited,INE377N01017,WAAREEENER,86083.554634392,WAAREEENER,86084.092999999993,-,,86083.823817195997,Mid Cap
125,Lenskart Solutions Limited,INE956O01016,LENSKART,85747.707106800997,LENSKART,85704.755900000004,-,,85726.231503400501,Mid Cap
126,Hindustan Petroleum Corporation Ltd,INE094A01015,HINDPETRO,85445.904903910996,HINDPETRO,85446.348199999993,-,,85446.126551955502,Mid Cap
127,Bharat Forge Ltd,INE465A01025,BHARATFORG,84931.708421492003,BHARATFORG,84938.222399999999,-,,84934.965410745994,Mid Cap
128,ICICI Prudential Life Insurance Company Limited,INE726G01019,ICICIPRULI,83348.502857970001,ICICIPRULI,83310.374100000001,-,,83329.438478985001,Mid Cap
129,Persistent Systems Limited,INE262H01021,PERSISTENT,83244.556687499993,PERSISTENT,83254.126900000003,-,,83249.341793750005,Mid Cap
130,Dabur India Ltd.,INE016A01026,DABUR,82889.797071277004,DABUR,82885.816500000001,-,,82887.806785638502,Mid Cap
131,NTPC GREEN ENERGY LIMITED,INE0ONG01011,NTPCGREEN,82154.818348574001,NTPCGREEN,82150.254100000006,-,,82152.536224287003,Mid Cap
132,Havells India Limited,INE176B01034,HAVELLS,80755.217876858995,HAVELLS,80759.769700000004,-,,80757.493788429507,Mid Cap
133,SWIGGY LIMITED,INE00H001014,SWIGGY ,80243.120135304009,SWIGGY,80241.854999999996,-,,80242.487567652002,Mid Cap
134,SRF Ltd.,INE647A01010,SRF,79691.763929543988,SRF,79703.892600000006,-,,79697.82826477199,Mid Cap
135,Lloyds Metals and Energy Limited,INE281B01032,LLOYDSME,78885.301900623992,LLOYDSME,78346.291500000007,-,,78615.796700311999,Mid Cap
136,Bharti Hexacom Limited,INE343G01021,BHARTIHEXA,78561.104166667006,BHARTIHEXA,78575.041700000002,-,,78568.072933333504,Mid Cap
137,NHPC Limited,INE848E01016,NHPC,78262.372920976006,NHPC,78260.280199999994,-,,78261.326560488,Mid Cap
138,Aurobindo Pharma Ltd.,INE406A01037,AUROPHARMA,76940.097802461998,AUROPHARMA,76928.461200000005,-,,76934.279501231009,Mid Cap
139,Meesho Limited,INE0VDM01015,MEESHO,76301.205363271991,MEESHO,75725.452399999995,-,,76013.328881636,Mid Cap
140,Oil India Limited,INE274J01014,OIL,75872.578208598003,OIL,75876.102499999994,-,,75874.340354298998,Mid Cap
141,FSN E-Commerce Ventures Limited,INE388Y01029,NYKAA,75127.065882477997,NYKAA,75115.700899999996,-,,75121.383391238996,Mid Cap
142,NMDC Ltd,INE584A01023,NMDC,74364.563034628009,NMDC,74366.614499999996,-,,74365.58876731401,Mid Cap
143,TORRENT POWER LIMITED,INE813H01021,TORNTPOWER,73802.300795246992,TORNTPOWER,73815.318299999999,-,,73808.809547623503,Mid Cap
144,PB Fintech Limited,INE417T01026,POLICYBZR,73570.441970493994,POLICYBZR,73571.805200000003,-,,73571.123585246998,Mid Cap
145,AU Small Finance Bank Limited,INE949L01017,AUBANK,73416.852184364005,AUBANK,73378.535199999998,-,,73397.693692182002,Mid Cap
146,One 97 Communications Limited,INE982J01020,PAYTM,72433.151173249993,PAYTM,72417.437399999995,-,,72425.294286624994,Mid Cap
147,Bajaj Housing Finance Limited,INE377Y01014,BAJAJHFL,72344.384351518005,BAJAJHFL,72346.675700000007,-,,72345.530025759013,Mid Cap
148,Oracle Financial Services Software Limited,INE881D01027,OFSS,71003.881533011998,OFSS,71001.765599999999,-,,71002.823566506006,Mid Cap
149,L&T Finance Limited,INE498L01015,LTF,70816.40953251801,LTF,70798.908299999996,-,,70807.65891625901,Mid Cap
150,Federal Bank Ltd.,INE171A01029,FEDERALBNK,70646.223507889008,FEDERALBNK,70669.658599999995,-,,70657.941053944494,Mid Cap
151,National Aluminium Co. Ltd.,INE139A01034,NATIONALUM,70527.961568316008,NATIONALUM,70536.991699999999,-,,70532.476634157996,Mid Cap
152,IndusInd Bank Ltd.,INE095A01012,INDUSINDBK,69578.728987469993,INDUSINDBK,69584.162500000006,-,,69581.445743735007,Mid Cap
153,Steel Authority of India Ltd.,INE114A01011,SAIL,69462.299066394989,SAIL,69471.683499999999,-,,69466.991283197494,Mid Cap
154,Info Edge(India) Ltd.,INE663F01032,NAUKRI,69213.765720249998,NAUKRI,69213.495500000005,-,,69213.630610124994,Mid Cap
155,Bank of India,INE084A01016,BANKINDIA,68754.579806826005,BANKINDIA,68758.146099999998,-,,68756.362953413001,Mid Cap
156,Fortis Healthcare Ltd,INE061F01013,FORTIS,68480.083100404998,FORTIS,68482.914199999999,-,,68481.498650202499,Mid Cap
157,Multi Commodity Exchange of India Ltd,INE745G01043,MCX,68025.581195662002,-,,-,,68025.581195662002,Mid Cap
158,SUZLON ENERGY LTD.,INE040H01021,SUZLON,67867.819540382989,SUZLON,67840.450800000006,-,,67854.135170191497,Mid Cap
159,Dixon Technologies (India) Limited,INE935N01020,DIXON,67418.273885912,DIXON,67329.886199999994,-,,67374.080042955989,Mid Cap
160,Yes Bank Ltd.,INE528G01035,YESBANK,66854.818453440006,YESBANK,66843.664699999994,-,,66849.24157672,Mid Cap
161,SBI CARDS AND PAYMENT SERVICES LIMITED,INE018E01016,SBICARD,66642.332993415999,SBICARD,66637.763600000006,-,,66640.048296708002,Mid Cap
162,General Insurance Corporation of India,INE481Y01014,GICRE,66596.804699999993,GICRE,66605.211200000005,-,,66601.007949999999,Mid Cap
163,Indian Overseas Bank,INE565A01014,IOB,66338.149485867005,IOB,66332.051600000006,-,,66335.100542933505,Mid Cap
164,Alkem Laboratories Limited,INE540L01014,ALKEM,65703.259162500006,ALKEM,65719.500100000005,-,,65711.379631250005,Mid Cap
165,ADANI TOTAL GAS LIMITED,INE399L01023,ATGL,65557.525252883992,ATGL,65554.2258,-,,65555.875526441989,Mid Cap
166,UNO Minda Limited,INE405E01023,UNOMINDA,65398.816611948001,UNOMINDA,65412.202400000002,-,,65405.509505973998,Mid Cap
167,IDFC FIRST BANK LIMITED,INE092T01019,IDFCFIRSTB,63360.996154264001,IDFCFIRSTB,63329.994400000003,-,,63345.495277132002,Mid Cap
168,Schaeffler India Limited,INE513A01022,SCHAEFFLER,62395.962665643005,SCHAEFFLER,62398.157399999996,-,,62397.0600328215,Mid Cap
169,The Phoenix Mills Ltd.,INE211B01039,PHOENIXLTD,62289.080210867003,PHOENIXLTD,62299.044900000001,-,,62294.062555433498,Mid Cap
170,Jindal Stainless Limited,INE220G01021,JSL,62015.795579550002,JSL,62032.490100000003,-,,62024.142839774999,Mid Cap
171,Laurus Labs Limited,INE947Q01028,LAURUSLABS,61935.631214581008,LAURUSLABS,61938.150500000003,-,,61936.890857290506,Mid Cap
172,NIPPON LIFE INDIA ASSET MANAGEMENT LIMITED,INE298J01013,NAM-INDIA,61878.247340656009,NAM-INDIA,61832.950400000002,-,,61855.598870328002,Mid Cap
173,Biocon Ltd.,INE376G01013,BIOCON,61791.850109724997,BIOCON,60919.548499999997,-,,61355.699304862501,Mid Cap
174,Coromandel International Limited,INE169A01031,COROMANDEL,61037.803992532994,COROMANDEL,61032.515800000001,-,,61035.159896266501,Mid Cap
175,Prestige Estates Projects Limited,INE811K01011,PRESTIGE,60895.007014696996,PRESTIGE,60910.997900000002,-,,60903.002457348499,Mid Cap
176,Glenmark Pharmaceuticals ltd,INE935A01035,GLENMARK,60774.872051543003,GLENMARK,60775.565799999997,-,,60775.2189257715,Mid Cap
177,Rail Vikas Nigam Limited,INE415G01027,RVNL,60265.681597912997,RVNL,60259.461300000003,-,,60262.5714489565,Mid Cap
178,Linde India Limited,INE473A01011,LINDEINDIA,58318.808626209997,LINDEINDIA,58335.119200000001,-,,58326.963913104999,Mid Cap
179,OBEROI REALTY LIMITED,INE093I01010,OBEROIRLTY,58175.827666737998,OBEROIRLTY,58169.025300000001,-,,58172.426483368996,Mid Cap
180,Max Financial Services Limited,INE180A01020,MFSL,57325.562252815005,MFSL,57325.087699999996,-,,57325.324976407501,Mid Cap
181,M.R.F. Ltd.,INE883A01011,MRF,57208.945628863003,MRF,57205.685400000002,-,,57207.315514431502,Mid Cap
182,HDB FINANCIAL SERVICES LIMITED,INE756I01012,HDBFS,56784.523041656998,HDBFS,56776.469499999999,-,,56780.496270828502,Mid Cap
183,Abbott India Ltd.,INE358A01014,ABBOTINDIA,56740.839762827003,-,,-,,56740.839762827003,Mid Cap
184,JSW Infrastructure Limited,INE880J01026,JSWINFRA,56661.629780336996,JSWINFRA,56662.417300000001,-,,56662.023540168499,Mid Cap
185,Colgate-Palmolive (India) Ltd.,INE259A01022,COLPAL,56476.116989888003,COLPAL,56479.040800000002,-,,56477.578894944003,Mid Cap
186,Bank of maharashtra,INE457A01014,MAHABANK,56081.498703226003,MAHABANK,56077.716999999997,-,,56079.607851613,Mid Cap
187,UPL Limited,INE628A01036,UPL,56063.336264802005,UPL,56045.945599999999,-,,56054.640932401002,Mid Cap
188,Berger Paints India Ltd,INE463A01038,BERGEPAINT,55881.815530173,BERGEPAINT,55879.579299999998,-,,55880.697415086499,Mid Cap
189,Vishal Mega Mart Limited,INE01EA01019,VMM,55800.118692692005,VMM,55792.309200000003,-,,55796.213946346004,Mid Cap
190,APL Apollo Tubes Limited,INE702C01027,APLAPOLLO,55065.616876644992,APLAPOLLO,55068.306199999999,-,,55066.961538322495,Mid Cap
191,Fertilizers and Chemicals Travancore Limited,INE188A01015,FACT,54490.308389191996,FACT,54490.200499999999,-,,54490.254444595994,Mid Cap
192,SUNDARAM FINANCE LTD,INE660A01013,SUNDARMFIN,54175.242070740002,SUNDARMFIN,54183.065600000002,-,,54179.153835370002,Mid Cap
193,Tube Investments of India Ltd,INE974X01010,TIINDIA,52952.944329580001,TIINDIA,52956.125699999997,-,,52954.535014790003,Mid Cap
194,Hindustan Copper Ltd.,INE531E01026,HINDCOPPER,52823.525921829998,HINDCOPPER,52824.6944,-,,52824.110160914999,Mid Cap
195,Knowledge Realty Trust,INE1JAR25012,KRT,52765.47443830163,KRT,52756.790399999998,-,,52761.132419150817,Mid Cap
196,Godrej Properties Limited,INE484J01027,GODREJPROP,52515.593487290003,GODREJPROP,52520.573799999998,-,,52518.083643645004,Mid Cap
197,Patanjali Foods Limited,INE619A01035,PATANJALI,52417.033586620004,PATANJALI,52366.509899999997,-,,52391.771743310004,Mid Cap
198,Bharat Dynamics Limited,INE171Z01026,BDL,48905.638515625003,BDL,48905.027600000001,-,,48905.333057812502,Mid Cap
199,Motilal Oswal Financial Services Limited,INE338I01027,MOTILALOFS,48138.217621181,MOTILALOFS,48118.791400000002,-,,48128.504510590501,Mid Cap
200,COFORGE LIMITED,INE591G01025,COFORGE,48708.438228377003,COFORGE,46873.72,-,,47791.079114188498,Mid Cap
201,Tata Communications Limited,INE151A01013,TATACOMM,47437.513749999998,TATACOMM,47438.131300000001,-,,47437.822524999996,Mid Cap
202,Supreme Industries Ltd.,INE195A01028,SUPREMEIND,46513.132591870002,SUPREMEIND,46515.408499999998,-,,46514.270545934996,Mid Cap
203,Mahindra & Mahindra Financial Services Limited,INE774D01024,M&MFIN,45966.693753990003,M&MFIN,45960.149299999997,-,,45963.421526995,Mid Cap
204,Voltas Ltd.,INE226A01021,VOLTAS,45611.179230633003,VOLTAS,45609.869500000001,-,,45610.524365316502,Mid Cap
205,PI Industries Limited,INE603J01030,PIIND,45534.697279397995,PIIND,45538.559800000003,-,,45536.628539698999,Mid Cap
206,Mphasis Limited,INE356A01018,MPHASIS,45450.931068592996,MPHASIS,45438.368000000002,-,,45444.649534296499,Mid Cap
207,Indian Railway Catering & Tourism Corporation Ltd,INE335Y01020,IRCTC,45249.733333333003,IRCTC,45247.6,-,,45248.666666666497,Mid Cap
208,KEI Industries Ltd.,INE878B01027,KEI,45235.715938529996,KEI,45233.6924,-,,45234.704169264995,Mid Cap
209,Apar Industries Ltd,INE372A01015,APARINDS,44436.108235450003,APARINDS,44449.146500000003,-,,44442.627367724999,Mid Cap
210,Balkrishna Industries Ltd.,INE787D01026,BALKRISIND,44252.246017783,BALKRISIND,44250.788099999998,-,,44251.517058891499,Mid Cap
211,360 ONE WAM LIMITED,INE466L01038,360ONE,44248.756238709997,360ONE,44202.507100000003,-,,44225.631669355003,Mid Cap
212,Thermax Ltd.,INE152A01029,THERMAX,44148.973076438,THERMAX,44157.984299999996,-,,44153.478688218995,Mid Cap
213,Authum Investment & Infrastructure Limited,INE206F01022,AIIL,42648.677837212999,AIIL,42654.664900000003,-,,42651.671368606505,Mid Cap
214,PETRONET LNG LTD.,INE347G01014,PETRONET,42154.252473048997,PETRONET,42158.764999999999,-,,42156.508736524498,Mid Cap
215,J.K. CEMENT LTD,INE823G01014,JKCEMENT,42141.893269943997,JKCEMENT,42161.453399999999,-,,42151.673334972002,Mid Cap
216,Piramal Finance Limited,INE202B01038,PIRAMALFIN,41944.007142408002,PIRAMALFIN,41955.907700000003,-,,41949.957421204002,Mid Cap
217,ASTRAL LIMITED,INE006I01046,ASTRAL,41608.526051683002,ASTRAL,41608.1567,-,,41608.341375841497,Mid Cap
218,Radico Khaitan Ltd.,INE944F01028,RADICO,41392.909154203997,RADICO,41393.272900000004,-,,41393.091027101997,Mid Cap
219,Kalyan Jewellers India Limited,INE303R01014,KALYANKJIL,41307.548095913,KALYANKJIL,41306.091500000002,-,,41306.819797956501,Mid Cap
220,EMBASSY OFFICE PARKS REIT,INE041025011,EMBASSY,40934.025077346065,EMBASSY,40926.497199999998,-,,40930.261138673028,Mid Cap
221,GlaxoSmithkline Pharmaceuticals Ltd.,INE159A01016,GLAXO,40592.318598512,GLAXO,40594.457300000002,-,,40593.387949256001,Mid Cap
222,Premier Energies Limited,INE0BS701011,PREMIERENE,40559.705099917999,PREMIERENE,40560.021000000001,-,,40559.863049959,Mid Cap
223,NLC India Limited,INE589A01014,NLCINDIA,39990.079814832003,NLCINDIA,39990.021999999997,-,,39990.050907416,Mid Cap
224,Housing &Urban Development Corporation Ltd.,INE031A01017,HUDCO,39895.614862499999,HUDCO,39892.912300000004,-,,39894.263581250001,Mid Cap
225,Cochin Shipyard Limited,INE704P01025,COCHINSHIP,39571.306485399,COCHINSHIP,39565.902399999999,-,,39568.604442699499,Mid Cap
226,Anthem Biosciences Limited,INE0CZ201020,ANTHEM,39498.948415734994,ANTHEM,39491.791599999997,-,,39495.370007867496,Mid Cap
227,Page Industries Ltd.,INE761H01022,PAGEIND,39466.521062016996,PAGEIND,39468.401400000002,-,,39467.461231008499,Mid Cap
228,United Breweries Ltd.,INE686F01025,UBL,39195.540473453002,UBL,39199.120999999999,-,,39197.330736726501,Mid Cap
229,Ipca Laboratories Ltd.,INE571A01038,IPCALAB,38657.041244289001,IPCALAB,38652.0913,-,,38654.566272144497,Mid Cap
230,Gujarat Fluorochemicals Limited,INE09N301011,FLUOROCHEM,37942.244924999999,FLUOROCHEM,37942.0435,-,,37942.144212500003,Mid Cap
231,L&T Technology Services Limited,INE010V01017,LTTS,37676.040933281998,LTTS,37670.521800000002,-,,37673.281366641,Mid Cap
232,3M India Ltd.,INE470A01017,3MINDIA,37608.206199821005,3MINDIA,37599.471100000002,-,,37603.838649910504,Mid Cap
233,AIA Engineering Ltd.,INE212H01026,AIAENG,37380.298533434994,AIAENG,37378.190999999999,-,,37379.2447667175,Mid Cap
234,Container Corporation Of India Ltd.,INE111A01025,CONCOR,37252.764182009996,CONCOR,37253.367100000003,-,,37253.065641005,Mid Cap
235,Narayana Hrudayalaya Limited,INE410P01011,NH,37112.816084917999,NH,37115.038500000002,-,,37113.927292459004,Mid Cap
236,Ajanta Pharma Ltd.,INE031B01049,AJANTPHARM,36651.442612653002,AJANTPHARM,36653.478000000003,-,,36652.460306326502,Mid Cap
237,Blue Star Ltd,INE472A01039,BLUESTARCO,36220.01300916,BLUESTARCO,36224.339500000002,-,,36222.176254580001,Mid Cap
238,Escorts Kubota Limited,INE042A01014,ESCORTS,36170.679211128001,ESCORTS,36171.625500000002,-,,36171.152355564001,Mid Cap
239,DALMIA BHARAT LIMITED,INE00R701025,DALBHARAT,36051.878480814004,DALBHARAT,36057.6463,-,,36054.762390407006,Mid Cap
240,Indian Renewable Energy Development Agency Limited,INE202E01016,IREDA,35719.960829134005,IREDA,35716.098100000003,-,,35718.029464567007,Mid Cap
241,POONAWALLA FINCORP LIMITED,INE511C01022,POONAWALLA,35680.939262769003,POONAWALLA,35444.153200000001,-,,35562.546231384506,Mid Cap
242,Bagmane Prime Office REIT,INE2OVN25015,BAGMANE,35147.818749999991,BAGMANE,35143.993799999997,-,,35145.906274999994,Mid Cap
243,Endurance Technologies Limited,INE913H01037,ENDURANCE,35046.939807720002,ENDURANCE,35053.275500000003,-,,35050.107653860003,Mid Cap
244,Aster DM Healthcare Limited,INE914M01019,ASTERDM,34941.823135245999,ASTERDM,34943.636599999998,-,,34942.729867622998,Mid Cap
245,ITC Hotels Limited,INE379A01028,ITCHOTELS,34847.664444736998,ITCHOTELS,34845.366499999996,-,,34846.515472368497,Mid Cap
246,Procter & Gamble Hygiene & Health Care Ltd.,INE179A01014,PGHH,34229.992185312003,PGHH,34225.802000000003,-,,34227.897092656,Mid Cap
247,UCO Bank,INE691A01018,UCOBANK,33815.951180292999,UCOBANK,33810.621899999998,-,,33813.286540146495,Mid Cap
248,Sona BLW Precision Forgings Limited,INE073K01018,SONACOMS,33740.241979188999,SONACOMS,33744.626100000001,-,,33742.434039594504,Mid Cap
249,Godfrey Phillips India Ltd.,INE260B01028,GODFRYPHLP,33670.554174839999,GODFRYPHLP,33666.5311,-,,33668.542637420003,Mid Cap
250,Godrej Industries Ltd.,INE233A01035,GODREJIND,33663.784293251003,GODREJIND,33664.640299999999,-,,33664.212296625497,Mid Cap
251,Navin Fluorine International Limited,INE048G01026,NAVINFLUOR,33450.258658360995,NAVINFLUOR,33433.614699999998,-,,33441.936679180493,Small Cap
252,Tata Investment Corporation Ltd.,INE672A01026,TATAINVEST,33333.909677413001,TATAINVEST,33336.544800000003,-,,33335.227238706502,Small Cap
253,Delhivery Limited,INE148O01028,DELHIVERY,32795.266290959,DELHIVERY,32790.653400000003,-,,32792.959845479505,Small Cap
254,Hexaware Technologies Limited,INE093A01041,HEXT ,32739.840768339003,HEXT,32733.807000000001,-,,32736.823884169502,Small Cap
255,J.B. Chemicals & Pharmaceuticals Lt,INE572A01036,JBCHEPHARM,32748.553983701,JBCHEPHARM,32469.212200000002,-,,32608.883091850501,Small Cap
256,Central Bank of India,INE483A01010,CENTRALBK,31958.913903271001,CENTRALBK,31956.198499999999,-,,31957.5562016355,Small Cap
257,K.P.R. Mill Ltd.,INE930H01031,KPRMILL,31797.318561249998,KPRMILL,31798.301299999999,-,,31797.809930625001,Small Cap
258,Jubilant Foodworks Limited,INE797F01020,JUBLFOOD,31404.397513299999,JUBLFOOD,31410.885999999999,-,,31407.641756649999,Small Cap
259,CRISIL Ltd.,INE007A01025,CRISIL,31192.719002809998,CRISIL,31191.561099999999,-,,31192.140051404996,Small Cap
260,Ather Energy Limited,INE0LEZ01016,ATHERENERG,31115.755970504997,ATHERENERG,31072.781800000001,-,,31094.268885252499,Small Cap
261, Gland Pharma Limited,INE068V01023,GLAND,31084.107062988001,GLAND,31085.977999999999,-,,31085.042531494,Small Cap
262,Global Health Limited,INE474Q01031,MEDANTA,30819.264121931999,MEDANTA,30821.796300000002,-,,30820.530210966001,Small Cap
263,Physicswallah Limited,INE0LP301011,PWL,30738.240916684004,PWL,30665.133300000001,-,,30701.687108342005,Small Cap
264,CHOLAMANDALAM FINANCIAL HOLDINGS LIMITED,INE149A01033,CHOLAHLDNG,30448.983934061998,CHOLAHLDNG,30450.9791,-,,30449.981517030999,Small Cap
265,MINDSPACE BUSINESS PARKS REIT,INE0CCU25019,MINDSPACE,30618.879347096728,MINDSPACE,30279.4859,-,,30449.182623548364,Small Cap
266,Emcure Pharmaceuticals Limited,INE168P01015,EMCURE,30229.023880508001,EMCURE,30232.7837,-,,30230.903790254,Small Cap
267,Mangalore Refinery & Petrochemicals,INE103A01014,MRPL,29753.431287434996,MRPL,29750.495699999999,-,,29751.9634937175,Small Cap
268,Go Digit General Insurance Limited,INE03JT01014,GODIGIT,29641.166733105998,GODIGIT,29631.044999999998,-,,29636.105866553,Small Cap
269,Garden Reach Shipbuilders & Engineers Limited,INE382Z01011,GRSE,29291.810313000002,GRSE,29289.800899999998,-,,29290.805606499998,Small Cap
270,Lic Housing Finance Ltd.,INE115A01026,LICHSGFIN,29251.456487625001,LICHSGFIN,29256.177899999999,-,,29253.817193812502,Small Cap
271,Exide Industries Ltd.,INE302A01020,EXIDEIND,29229.268749999999,EXIDEIND,29230.047900000001,-,,29229.658325,Small Cap
272,SJVN LIMITED,INE002L01015,SJVN,29120.535457491998,SJVN,29112.577600000001,-,,29116.556528745998,Small Cap
273,Star Health and Allied Insurance Company Limited,INE575P01011,STARHEALTH,28714.508423176001,STARHEALTH,28719.8851,-,,28717.196761587998,Small Cap
274,TVS Holdings Limited,INE105A01035,TVSHLTD,28613.619893903997,TVSHLTD,28608.903200000001,-,,28611.261546951999,Small Cap
275,Tata Elxsi Ltd,INE670A01012,TATAELXSI,28536.541461454999,TATAELXSI,28538.599300000002,-,,28537.570380727499,Small Cap
276,Honeywell Automation India Ltd.,INE671A01010,HONAUT,28410.090459569001,HONAUT,28411.129000000001,-,,28410.609729784501,Small Cap
277,Bandhan Bank Limited,INE545U01014,BANDHANBNK,28378.630535696997,BANDHANBNK,28381.5383,-,,28380.084417848499,Small Cap
278,Gujarat Gas Limited,INE844O01030,GUJGASLTD,27110.951613042002,GUJGASLTD,29407.54,-,,28259.245806521001,Small Cap
279,Karur Vysya Bank Ltd.,INE036D01028,KARURVYSYA,28051.836769624999,KARURVYSYA,28236.543300000001,-,,28144.190034812498,Small Cap
280,Metro Brands Limited,INE317I01021,METROBRAND,28034.699692001002,METROBRAND,28041.869900000002,-,,28038.284796000502,Small Cap
281,Apollo Tyres Ltd,INE438A01022,APOLLOTYRE,28015.123066782002,APOLLOTYRE,28017.028399999999,-,,28016.075733391001,Small Cap
282,ACC Ltd,INE012A01025,ACC,27899.209387260998,ACC,27897.034199999998,-,,27898.121793630497,Small Cap
283,ZF Commercial Vehicle Control Systems India Limited,INE342J01019,ZFCVINDIA,27780.951727515996,ZFCVINDIA,27788.632799999999,-,,27784.792263757998,Small Cap
284,Aditya Birla Sun Life AMC Limited,INE404A01024,ABSLAMC,27716.603447090998,ABSLAMC,27713.928599999999,-,,27715.266023545497,Small Cap
285,Krishna Institute of Medical Sciences Limited,INE967H01025,KIMS,27697.744844708002,KIMS,27652.716899999999,-,,27675.230872354001,Small Cap
286,ITI Limited (Indian Teleph.Ind.Ltd),INE248A01017,ITI,27634.988226013,ITI,27630.006700000002,-,,27632.497463006501,Small Cap
287,Anand Rathi Wealth Limited,INE463V01026,ANANDRATHI,27471.033125989001,ANANDRATHI,27479.186399999999,-,,27475.1097629945,Small Cap
288,Motherson Sumi Wiring India Limited,INE0FS801015,MSUMI,27248.946100391,MSUMI,27243.8066,-,,27246.3763501955,Small Cap
289,Welspun Corp Limited,INE191B01025,WELCORP,27064.469534648,WELCORP,27073.504400000002,-,,27068.986967324003,Small Cap
290,INVENTURUS KNOWLEDGE SOLUTIONS LIMITED,INE115Q01022,IKS ,26922.773986329998,IKS,26924.1895,-,,26923.481743165001,Small Cap
291,Central Depository Services (India) Ltd.,INE736A01011,-,-,CDSL,26919.617999999999,-,,26919.617999999999,Small Cap
292,Force Motors Limited,INE451A01017,FORCEMOT,26916.711524549999,FORCEMOT,26915.139599999999,-,,26915.925562274999,Small Cap
293,Himadri Speciality Chemical Ltd.,INE019C01026,HSCL,26577.079830473001,HSCL,26575.165300000001,-,,26576.122565236503,Small Cap
294,NBCC (India) Limited,INE095N01031,NBCC,26182.552500000002,NBCC,26182.395,-,,26182.473750000001,Small Cap
295,Gillette India Ltd.,INE322A01010,GILLETTE,26112.408032078001,GILLETTE,26110.765200000002,-,,26111.586616039,Small Cap
296,Brookfield India Real Estate Trust,INE0FDU25010,BIRET,26049.505688651756,BIRET,25940.6623,-,,25995.083994325876,Small Cap
297,PTC Industries Ltd.,INE596F01018,PTCIL,25888.728814376998,PTCIL,25894.431,-,,25891.579907188498,Small Cap
298,Tata Technologies Limited,INE142M01025,TATATECH,25617.830276304001,TATATECH,25614.829000000002,-,,25616.329638152001,Small Cap
299,ANGEL ONE LIMITED,INE732I01021,ANGELONE,25635.330816854999,ANGELONE,25588.599699999999,-,,25611.965258427499,Small Cap
300,AWL AGRI BUSINESS LIMITED,INE699H01024,AWL,25534.839705710001,AWL,25532.944299999999,-,,25533.892002854998,Small Cap
301,Aegis Logistics Ltd.,INE208C01025,AEGISLOG,25513.254000000001,AEGISLOG,25510.928599999999,-,,25512.0913,Small Cap
302,Amber Enterprises India Limited,INE371P01015,AMBER,25493.288532701998,AMBER,25483.3567,-,,25488.322616350997,Small Cap
303,IRB Infrastructure Developers Limited,INE821I01022,IRB,25453.026225000001,IRB,25449.956399999999,-,,25451.491312500002,Small Cap
304,Nuvama Wealth Management Limited,INE531F01023,NUVAMA,25379.198523899999,NUVAMA,25362.608499999998,-,,25370.903511949997,Small Cap
305,Timken India Ltd,INE325A01013,TIMKEN,25257.704958088001,TIMKEN,25260.763900000002,-,,25259.234429044001,Small Cap
306,The New India Assurance Company Limited,INE470Y01017,NIACL,25206.846666667003,NIACL,25208.151300000001,-,,25207.498983333502,Small Cap
307,Manappuram Finance Limited,INE522D01027,MANAPPURAM,25419.430592602999,MANAPPURAM,24941.174800000001,-,,25180.3026963015,Small Cap
308,Aditya Infotech Limited,INE819V01029,CPPLUS,25004.569941072001,CPPLUS,24992.7225,-,,24998.646220536,Small Cap
309,Dr. Lal Pathlabs Limited,INE600L01024,LALPATHLAB,24629.330878139001,LALPATHLAB,24629.7281,-,,24629.5294890695,Small Cap
310,KAYNES TECHNOLOGY INDIA LIMITED,INE918Z01012,KAYNES,24537.708302761999,KAYNES,24537.091,-,,24537.399651380998,Small Cap
311,Wockhardt Ltd,INE049B01025,WOCKPHARMA,24398.758568488,WOCKPHARMA,24392.728599999999,-,,24395.743584243999,Small Cap
312,Shyam Metalics and Energy Limited,INE810G01011,SHYAMMETL,24194.834994704997,SHYAMMETL,24205.7677,-,,24200.301347352499,Small Cap
313,PNB Housing Finance Limited,INE572E01012,PNBHOUSING,24098.053770862,PNBHOUSING,24091.7395,-,,24094.896635431,Small Cap
314,Nexus Select Trust,INE0NDH25011,NXST,23873.104875000001,NXST,23865.0628,-,,23869.083837500002,Small Cap
315,SCHNEIDER ELECTRIC INFRASTRUCTURE LIMITED,INE839M01018,SCHNEIDER,23705.072909944,SCHNEIDER,23711.837599999999,-,,23708.455254971999,Small Cap
316,The Ramco Cements Limited,INE331A01037,RAMCOCEM,23569.534791987,RAMCOCEM,23575.018700000001,-,,23572.276745993498,Small Cap
317,Indraprashtha Gas Ltd.,INE203G01027,IGL,23298.0099596,IGL,23296.656599999998,-,,23297.333279799997,Small Cap
318,AEGIS VOPAK TERMINALS LIMITED,INE0INX01018,AEGISVOPAK,23015.106876884001,AEGISVOPAK,23011.035,-,,23013.070938442001,Small Cap
319,Tenneco Clean Air India Limited,INE19RI01016,TENNIND,22697.041470385,TENNIND,22698.134600000001,-,,22697.588035192501,Small Cap
320,Asahi India Glass Ltd.,INE439A01020,ASAHIINDIA,22651.215742237,ASAHIINDIA,22653.796900000001,-,,22652.506321118501,Small Cap
321,KPIT Technologies Ltd,INE04I401011,KPITTECH,22583.292966179,KPITTECH,22582.916000000001,-,,22583.104483089501,Small Cap
322,KIOCL Limited,INE880L01014,KIOCL,22461.847434101997,KIOCL,22464.936799999999,KIOCL,22462.936799999999,22463.240344700665,Small Cap
323,Kirloskar Oil Engines Limited,INE146L01010,KIRLOSENG,22368.99114233,KIRLOSENG,22368.174599999998,-,,22368.582871164999,Small Cap
324,SUN TV NETWORK LIMITED,INE424H01027,SUNTV,22258.112800103001,SUNTV,22253.646499999999,-,,22255.879650051502,Small Cap
325,Deepak Nitrite Limited,INE288B01029,DEEPAKNTR,21947.430455563001,DEEPAKNTR,21949.334299999999,-,,21948.382377781498,Small Cap
326,CESC Limited,INE486A01021,CESC,21847.609970450001,CESC,21846.8478,-,,21847.228885224999,Small Cap
327,Pfizer Ltd.,INE182A01018,PFIZER,21711.923167243,PFIZER,21712.2968,-,,21712.1099836215,Small Cap
328,SUMITOMO CHEMICAL INDIA LIMITED,INE258G01013,SUMICHEM,21530.630524620999,SUMICHEM,21531.608,-,,21531.119262310502,Small Cap
329,Sai Life Sciences Limited,INE570L01029,SAILIFE,21530.650508039998,SAILIFE,21469.437399999999,-,,21500.043954019999,Small Cap
330,IIFL FINANCE LIMITED ,INE530B01024,IIFL,21385.786327785001,IIFL,21385.0831,-,,21385.4347138925,Small Cap
331,PIRAMAL PHARMA LIMITED,INE0DK501011,PPLPHARMA,21334.640206127999,PPLPHARMA,21332.201099999998,-,,21333.420653064,Small Cap
332,Pine Labs Limited,INE15B701018,PINELABS,21231.965124673003,PINELABS,21230.3001,-,,21231.1326123365,Small Cap
333,AstraZeneca Pharma India Ltd.,INE203A01020,ASTRAZEN,21206.464583333,ASTRAZEN,21211.802100000001,-,,21209.1333416665,Small Cap
334,HBL ENGINEERING LIMITED,INE292B01021,HBLENGINE,21191.264876965,HBLENGINE,21191.622899999998,-,,21191.443888482499,Small Cap
335,AFFLE 3I LIMITED,INE00WC01027,AFFLE,21074.431270902998,AFFLE,21071.410599999999,-,,21072.920935451497,Small Cap
336,NETWEB TECHNOLOGIES INDIA LIMITED,INE0NT901020,NETWEB,21081.529609606001,NETWEB,21054.3033,-,,21067.916454803002,Small Cap
337,Aadhar Housing Finance Limited,INE883F01010,AADHARHFC,20762.970116706001,AADHARHFC,20730.1672,-,,20746.568658353001,Small Cap
338,Prime Focus Limited,INE367G01038,PFOCUS,20665.695253612001,PFOCUS,20671.140100000001,-,,20668.417676805999,Small Cap
339,Hatsun Agro Products Ltd.,INE473B01035,HATSUN,20658.760272126998,HATSUN,20669.823400000001,-,,20664.291836063501,Small Cap
340,CreditAccess Grameen Ltd.,INE741K01010,CREDITACC,20643.756650604999,CREDITACC,20635.196400000001,-,,20639.4765253025,Small Cap
341,KALPATARU PROJECTS INTERNATIONAL LIMITED,INE220B01022,KPIL,20429.014475864999,KPIL,20428.623100000001,-,,20428.818787932498,Small Cap
342,Sagility Limited,INE0W2G01015,SAGILITY,20399.8638364,SAGILITY,20394.714400000001,-,,20397.289118200002,Small Cap
343,Bayer CropScience Limited.,INE462A01022,BAYERCROP,20338.899526162,-,,-,,20338.899526162,Small Cap
344,EIH Ltd,INE230A01023,EIHOTEL,20063.454823742002,EIHOTEL,20064.0802,-,,20063.767511871003,Small Cap
345,Great Eastern Shipping Co. Ltd.,INE017A01032,GESHIP,20261.754766385999,GESHIP,19686.378000000001,-,,19974.066383193,Small Cap
346,RBL Bank Limited,INE976G01028,RBLBANK,19969.541506992999,RBLBANK,19954.2952,-,,19961.918353496498,Small Cap
347,ACUTAAS CHEMICALS LIMITED,INE00FF01025,ACUTAAS,19760.782425968999,ACUTAAS,19766.254099999998,-,,19763.5182629845,Small Cap
348,City Union Bank Ltd,INE491A01021,CUB,19750.315851644002,CUB,19745.955699999999,-,,19748.135775822,Small Cap
349,Emami Ltd,INE548C01032,EMAMILTD,19621.097237776001,EMAMILTD,19503.620299999999,-,,19562.358768888,Small Cap
350,Gujarat Mineral Development Corpora,INE131A01031,GMDCLTD,19358.488499999999,GMDCLTD,19359.257000000001,-,,19358.872750000002,Small Cap
351,Data Patterns (India) Limited,INE0IX101010,DATAPATTNS ,19287.032494858999,DATAPATTNS,19287.093099999998,-,,19287.062797429498,Small Cap
352,Atul Limited.,INE100A01010,ATUL,19087.926403038,ATUL,19095.137200000001,-,,19091.531801518999,Small Cap
353,Eris Lifesciences Limited,INE406M01024,ERIS,19082.714378452998,ERIS,19051.228500000001,-,,19066.971439226501,Small Cap
354,Craftsman Automation Limited,INE00LO01017,CRAFTSMAN,19103.144867081999,CRAFTSMAN,19018.378799999999,-,,19060.761833541001,Small Cap
355,Redington Limited,INE891D01026,REDINGTON,18990.017555552,REDINGTON,18990.603899999998,-,,18990.310727775999,Small Cap
356,Neuland Laboratories Limited.,INE794A01010,NEULANDLAB,18884.092838092998,NEULANDLAB,18886.205999999998,-,,18885.149419046498,Small Cap
357,R R KABEL LIMITED,INE777K01022,RRKABEL,18744.858953994,RRKABEL,18745.208600000002,-,,18745.033776996999,Small Cap
358,Urban Company Limited,INE0CAZ01013,URBANCO,18837.972574583,URBANCO,18594.666700000002,-,,18716.319637291501,Small Cap
359,Syngene International Limited,INE398R01022,SYNGENE,18676.737073796001,SYNGENE,18673.621599999999,-,,18675.179336898,Small Cap
360,Sarda Energy & Minerals Ltd,INE385C01021,SARDAEN,18658.681636843001,SARDAEN,18659.249,-,,18658.965318421499,Small Cap
361,Grindwell Norton Ltd.,INE536A01023,GRINDWELL,18578.465386667001,GRINDWELL,18579.019,-,,18578.742193333499,Small Cap
362,Anant Raj Limited,INE242C01024,ANANTRAJ,18561.537362202998,ANANTRAJ,18561.507399999999,-,,18561.522381101498,Small Cap
363,Tata Chemicals Ltd,INE092A01019,TATACHEM,18313.919312864,TATACHEM,18313.0383,-,,18313.478806432002,Small Cap
364,GODAWARI POWER AND ISPAT LTD.,INE177H01039,GPIL,18313.559242651998,GPIL,18294.110100000002,-,,18303.834671326,Small Cap
365,Castrol India Ltd,INE172A01027,CASTROLIND,18233.770520685001,CASTROLIND,18234.726699999999,-,,18234.2486103425,Small Cap
366,Sundram Fasteners Ltd.,INE387A01021,SUNDRMFAST,18200.207480108998,SUNDRMFAST,18199.6296,-,,18199.918540054499,Small Cap
367,National Securities Depository Limited,INE301O01023,NSDL,18135.441666667,-,,-,,18135.441666667,Small Cap
368,Computer Age Management Services Limited,INE596I01020,CAMS,18108.921452279003,CAMS,18100.1731,-,,18104.547276139499,Small Cap
369,Chambal Fertilisers & Chemicals Ltd,INE085A01013,CHAMBLFERT,18038.601755521999,CHAMBLFERT,18037.867200000001,-,,18038.234477760998,Small Cap
370,Syrma SGS Technology Limited,INE0DYJ01015,SYRMA,17930.294440104,SYRMA,17932.737000000001,-,,17931.515720052001,Small Cap
371,PUNJAB & SIND BANK,INE608A01012,PSB,17921.556109661,PSB,17921.2605,-,,17921.4083048305,Small Cap
372,Brigade Enterprises Limited,INE791I01019,BRIGADE,17875.331044377999,BRIGADE,17871.869500000001,-,,17873.600272189,Small Cap
373,Onesource Specialty Pharma Limited,INE013P01021,ONESOURCE,17806.689980568,ONESOURCE,17806.433199999999,-,,17806.561590284,Small Cap
374,Firstsource Solutions Ltd.,INE684F01012,FSL,17784.069420803,FSL,17783.087800000001,-,,17783.578610401499,Small Cap
375,BELRISE INDUSTRIES LIMITED,INE894V01022,BELRISE,17741.187746207001,BELRISE,17741.039400000001,-,,17741.113573103503,Small Cap
376,Capri Global Capital Limited,INE180C01042,CGCL,17640.772175283,CGCL,17635.953399999999,-,,17638.362787641498,Small Cap
377,Jyoti CNC Automation Limited,INE980O01024,JYOTICNC,17574.460878043999,JYOTICNC,17577.142599999999,-,,17575.801739021997,Small Cap
378,Chalet Hotels Limited,INE427F01016,CHALET,17507.065788612999,CHALET,17504.050299999999,-,,17505.558044306497,Small Cap
379,Triveni Turbine Limited,INE152M01016,TRITURBINE,17414.725971897002,TRITURBINE,17413.79,-,,17414.257985948501,Small Cap
380,Natco Pharma Ltd.,INE987B01026,NATCOPHARM,17394.643096435,NATCOPHARM,17394.9715,-,,17394.8072982175,Small Cap
381,DCM Shriram Limited,INE499A01024,DCMSHRIRAM,17386.994215580999,DCMSHRIRAM,17388.2418,-,,17387.618007790501,Small Cap
382,Carborundum Universal Ltd.,INE120A01034,CARBORUNIV,17339.759109535,CARBORUNIV,17340.955399999999,-,,17340.357254767499,Small Cap
383,CIE Automotive India Limited,INE536H01010,CIEINDIA,17170.652487477,CIEINDIA,17170.620900000002,-,,17170.636693738503,Small Cap
384,Emmvee Photovoltaic Power Limited,INE1C6T01020,EMMVEE,17006.359522676001,EMMVEE,17008.667300000001,-,,17007.513411338001,Small Cap
385,Ratnamani Metals & Tubes Ltd,INE703B01027,RATNAMANI,16874.2080045,RATNAMANI,16866.839599999999,-,,16870.523802249998,Small Cap
386,NAVA LIMITED,INE725A01030,NAVA,16866.652006923003,NAVA,16869.269799999998,-,,16867.960903461499,Small Cap
387,JSW CEMENT LIMITED,INE718I01012,JSWCEMENT,16778.364198629002,JSWCEMENT,16776.694100000001,-,,16777.529149314501,Small Cap
388,Kansai Nerolac Paints,INE531A01024,KANSAINER,16741.125041611998,KANSAINER,16737.156500000001,-,,16739.140770806,Small Cap
389,Century Plyboards (India) Ltd.,INE348B01021,CENTURYPLY,16736.254307867999,CENTURYPLY,16733.042099999999,-,,16734.648203933997,Small Cap
390,BHARAT COKING COAL LIMITED,INE05XR01022,BHARATCOAL,16721.407110092001,BHARATCOAL,16715.553800000002,-,,16718.480455046003,Small Cap
391,IFCI Ltd.,INE039A01010,IFCI,16669.520692321999,IFCI,16667.8367,-,,16668.678696160998,Small Cap
392,Crompton Greaves Consumer Electricals Limited,INE299U01018,CROMPTON,16654.643603582997,CROMPTON,16657.6217,-,,16656.1326517915,Small Cap
393,Inox Wind Limited,INE066P01011,INOXWIND,16634.317840714,INOXWIND,16631.912700000001,-,,16633.115270357001,Small Cap
394,ACME Solar Holdings Limited,INE622W01025,ACMESOLAR,16826.090194138,ACMESOLAR,16391.1721,-,,16608.631147068998,Small Cap
395,Elgi Equipments Ltd.,INE285A01027,ELGIEQUIP,16510.114642891,ELGIEQUIP,16508.464100000001,-,,16509.289371445499,Small Cap
396,Kajaria Ceramics Ltd,INE217B01036,KAJARIACER,16442.428403731999,KAJARIACER,16446.058499999999,-,,16444.243451866001,Small Cap
397,Bikaji Foods International Limited,INE00E101023,BIKAJI,16434.085024294,BIKAJI,16438.3819,-,,16436.233462147,Small Cap
398,JSW Holdings Limited,INE824G01012,JSWHL,16398.598462078,JSWHL,16394.802899999999,-,,16396.700681039001,Small Cap
399,Vedanta Power Limited,INE694L01019,VEDPOWER,16366.751467661999,VEDPOWER,16326.2256,-,,16346.488533831,Small Cap
400,HFCL LIMITED,INE548A01028,HFCL,16318.135508658999,HFCL,16315.176299999999,-,,16316.655904329498,Small Cap
401,KFin Technologies Limited,INE138Y01010,KFINTECH,16166.458741766,KFINTECH,16160.785599999999,-,,16163.622170883,Small Cap
402,eClerx Services Limited,INE738I01010,ECLERX,16069.607062965,ECLERX,16125.6705,-,,16097.638781482499,Small Cap
403,Granules India Ltd.,INE101D01020,GRANULES,16072.782234574999,GRANULES,16090.757100000001,-,,16081.769667287499,Small Cap
404,TRAVEL FOOD SERVICES LIMITED,INE103V01028,TRAVELFOOD,15831.555515707001,TRAVELFOOD,15838.7485,-,,15835.1520078535,Small Cap
405,Aarti Industries Ltd,INE769A01020,AARTIIND,15831.497594521999,AARTIIND,15835.5134,-,,15833.505497261,Small Cap
406,Gujarat State Petronet Ltd.,INE246F01010,GSPL,15817.571890931,-,,-,,15817.571890931,Small Cap
407,Avanti Feeds ltd.,INE871C01038,AVANTIFEED,15772.827324828,AVANTIFEED,15776.466200000001,-,,15774.646762414,Small Cap
408,LMW Limited,INE269B01029,LMW,15763.20539325,LMW,15769.5146,-,,15766.359996625,Small Cap
409,Vardhman Textiles Limted,INE825A01020,VTL,15731.571235992002,VTL,15734.3171,-,,15732.944167996,Small Cap
410,Ventive Hospitality Limited,INE781S01027,VENTIVE,15690.434548077999,VENTIVE,15699.5816,-,,15695.008074039,Small Cap
411,Choice International Ltd,INE102B01014,CHOICEIN,15636.111258335,CHOICEIN,15442.2942,-,,15539.2027291675,Small Cap
412,GALLANTT ISPAT LIMITED,INE297H01019,GALLANTT,15532.96350301,GALLANTT,15530.6512,-,,15531.807351505,Small Cap
413,BASF India Ltd,INE373A01013,BASF,15518.746009979999,BASF,15519.0093,-,,15518.877654989999,Small Cap
414,Fractal Analytics Limited,INE212S01015,FRACTAL,15452.253611446,FRACTAL,15452.4758,-,,15452.364705723001,Small Cap
415,PG Electroplast Limited,INE457L01029,PGEL,15411.860712587,PGEL,15400.552600000001,-,,15406.2066562935,Small Cap
416,KEC International Ltd.,INE389H01022,KEC,15300.377399999999,KEC,15298.968800000001,-,,15299.6731,Small Cap
417,Amara Raja Energy & Mobility Limited,INE885A01032,ARE&M,15263.232457529999,ARE&M,15260.7616,-,,15261.997028764999,Small Cap
418,Central Mine Planning & Design Institute Limited,INE05HV01027,CMPDI,15235.472459016,CMPDI,15235.3086,-,,15235.390529508,Small Cap
419,TD Power Systems Ltd,INE419M01027,TDPOWERSYS,15203.313525257001,TDPOWERSYS,15202.7827,-,,15203.048112628501,Small Cap
420,Ola Electric Mobility Limited,INE0LXG01040,OLAELEC,15260.077385335999,OLAELEC,15135.9782,-,,15198.027792667999,Small Cap
421,Deepak Fertilizers &Petrochemicals,INE501A01019,DEEPAKFERT,15086.0933559,DEEPAKFERT,15088.9179,-,,15087.50562795,Small Cap
422,JUBILANT PHARMOVA LIMITED,INE700A01033,JUBLPHARMA,14961.655678974999,JUBLPHARMA,14966.3279,-,,14963.9917894875,Small Cap
423,MTAR Technologies Limited,INE864I01014,MTARTECH ,14936.422910376999,MTARTECH,14937.526400000001,-,,14936.9746551885,Small Cap
424,Sobha Limited,INE671H01015,SOBHA,14906.295034859,SOBHA,14905.684600000001,-,,14905.989817429501,Small Cap
425,Poly Medicure Ltd,INE205C01021,POLYMED,14890.169422017001,POLYMED,14891.280199999999,-,,14890.7248110085,Small Cap
426,E.I.D. Parry (India) Ltd.,INE126A01031,EIDPARRY,14885.903241649999,EIDPARRY,14883.8722,-,,14884.887720825,Small Cap
427,ADITYA BIRLA REAL ESTATE LIMITED,INE055A01016,ABREL,14834.247412960001,ABREL,14834.321900000001,-,,14834.284656480002,Small Cap
428,Cohance Lifesciences Limited,INE03QK01018,COHANCE,14797.999840852999,COHANCE,14797.6651,-,,14797.8324704265,Small Cap
429,RUBICON RESEARCH LIMITED,INE506V01022,RUBICON,14789.904037304001,RUBICON,14778.299800000001,-,,14784.101918652001,Small Cap
430,ALEMBIC PHARMACEUTICALS LIMITED,INE901L01018,APLLTD,14763.807102859,APLLTD,14767.017599999999,-,,14765.412351429499,Small Cap
431,Anupam Rasayan India Limited,INE930P01018,ANURAS,14730.984628647,ANURAS,14740.775600000001,-,,14735.8801143235,Small Cap
432,Chennai Petroleum Corporation Ltd.,INE178A01016,CHENNPETRO,14703.778435592001,CHENNPETRO,14703.120699999999,-,,14703.449567796,Small Cap
433,Maharashtra Scooters Ltd.,INE288A01013,MAHSCOOTER,14677.227977782999,MAHSCOOTER,14682.3004,-,,14679.764188891499,Small Cap
434,Zydus Wellness Limited,INE768C01028,ZYDUSWELL,14679.339069449999,ZYDUSWELL,14679.7765,-,,14679.557784724999,Small Cap
435,International Gemological Institute Limited,INE0Q9301021,IGIL,14586.47013924,IGIL,14586.3981,-,,14586.43411962,Small Cap
436,Sammaan Capital Limited,INE148I01020,SAMMAANCAP,14650.111571916001,SAMMAANCAP,14449.5098,-,,14549.810685958,Small Cap
437,Vinati Organics Ltd.,INE410B01037,VINATIORGA,14547.722093660001,VINATIORGA,14547.847400000001,-,,14547.784746830001,Small Cap
438,Devyani International Limited,INE872J01023,DEVYANI,14529.703210456,DEVYANI,14526.9809,-,,14528.342055228,Small Cap
439,Allied Blenders and Distillers Limited,INE552Z01027,ABDL,14511.770544517001,ABDL,14514.6842,-,,14513.227372258501,Small Cap
440,Sansera Engineering Limited,INE953O01021,SANSERA,14508.588993496,SANSERA,14496.9133,-,,14502.751146748,Small Cap
441,NIVA BUPA HEALTH INSURANCE COMPANY LIMITED,INE995S01015,NIVABUPA,14419.546756057001,NIVABUPA,14422.0803,-,,14420.813528028501,Small Cap
442,Dr. Agarwal's Health Care Limited,INE943P01029,AGARWALEYE,14396.569781523001,AGARWALEYE,14385.425499999999,-,,14390.997640761499,Small Cap
443,Aether Industries Limited,INE0BWX01014,AETHER,14360.583379655,AETHER,14358.4228,-,,14359.5030898275,Small Cap
444,BEML Ltd,INE258A01024,BEML,14355.681628875,BEML,14356.1224,-,,14355.902014437499,Small Cap
445,JBM Auto Limited,INE927D01051,JBMA,14344.549728992002,JBMA,14343.584000000001,-,,14344.066864496002,Small Cap
446,Gabriel India Ltd.,INE524A01029,GABRIEL,14343.721242967998,GABRIEL,14343.176600000001,-,,14343.448921484,Small Cap
447,Leela Palaces Hotels & Resorts Limited,INE0AQ201015,THELEELA,14334.947104388,THELEELA,14336.644700000001,-,,14335.795902194001,Small Cap
448,Ceat Ltd.,INE482A01020,CEATLTD,14325.039401813001,CEATLTD,14325.551799999999,-,,14325.2956009065,Small Cap
449,SHRIRAM PISTONS & RINGS LTD,INE526E01018,SHRIPISTON,14304.600354651,SHRIPISTON,14305.859399999999,-,,14305.229877325499,Small Cap
450,Cupid Limited,INE509F01029,CUPID,14270.203169205999,CUPID,14268.8797,-,,14269.541434602999,Small Cap
451,TBO TEK LIMITED,INE673O01025,TBOTEK,14220.995922354001,TBOTEK,14218.701999999999,-,,14219.848961177,Small Cap
452,Jain Resource Recycling Limited,INE0YD401026,JAINREC,14190.302514645002,JAINREC,14192.2436,-,,14191.273057322502,Small Cap
453,Caplin Point Laboratories Ltd.,INE475E01026,CAPLIPOINT,14140.984721598001,CAPLIPOINT,14142.4131,-,,14141.698910799001,Small Cap
454,CCL Products (India) Ltd.,INE421D01022,CCL,14102.345415257001,CCL,14105.7392,-,,14104.042307628501,Small Cap
455,DOMS Industries Limited,INE321T01012,DOMS,14091.088227835999,DOMS,14086.925800000001,-,,14089.007013917999,Small Cap
456,KSB LIMITED,INE999A01023,KSB,14071.788848782999,KSB,14076.727199999999,-,,14074.2580243915,Small Cap
457,Finolex Cables Ltd.,INE235A01022,FINCABLES,13980.058076996,FINCABLES,13978.9238,-,,13979.490938498,Small Cap
458,V-Guard Industries Ltd.,INE951I01027,VGUARD,13961.886913926,VGUARD,13957.2629,-,,13959.574906963,Small Cap
459,Fine Organic Industries Limited,INE686Y01026,FINEORG,13890.907093982998,FINEORG,13898.1927,-,,13894.549896991499,Small Cap
460,Sterlite Technologies Limited.,INE089C01029,STLTECH,13864.013261970998,STLTECH,13864.05,-,,13864.031630985499,Small Cap
461,Jammu and Kashmir Bank Ltd.,INE168A01041,J&KBANK,13680.081503054,J&KBANK,13681.9535,-,,13681.017501527,Small Cap
462,IRCON International Ltd,INE962Y01021,IRCON,13674.746166198,IRCON,13672.551600000001,-,,13673.648883099,Small Cap
463,LT Foods Limited,INE818H01020,LTFOODS,13667.760124859,LTFOODS,13670.4079,-,,13669.084012429499,Small Cap
464,JSW Dulux Limited,INE133A01011,JSWDULUX,13661.925321336001,JSWDULUX,13665.589400000001,-,,13663.757360668002,Small Cap
465,Canara HSBC Life Insurance Company Limited,INE01TY01017,CANHLIFE,13637.052083333001,CANHLIFE,13637.7883,-,,13637.420191666501,Small Cap
466,Zen Technologies Ltd.,INE251B01027,ZENTEC,13594.119761458,ZENTEC,13596.6291,-,,13595.374430729,Small Cap
467,Usha Martin Ltd.,INE228A01035,USHAMART,13490.055165557002,USHAMART,13490.715399999999,-,,13490.385282778501,Small Cap
468,Minda Corporation Limited,INE842C01021,MINDACORP,13468.01160931,MINDACORP,13471.0399,-,,13469.525754655,Small Cap
469,RRP SEMICONDUCTOR LIMITED,INE713N01013,RRP,13407.659395000001,-,,-,,13407.659395000001,Small Cap
470,Five-Star Business Finance Ltd.,INE128S01021,FIVESTAR,13278.276710594,FIVESTAR,13270.4512,-,,13274.363955297,Small Cap
471,Jindal Saw Ltd.,INE324A01032,JINDALSAW,13267.983915503999,JINDALSAW,13267.3817,-,,13267.682807752,Small Cap
472,Cemindia Projects Limited,INE686A01026,CEMPRO,13160.668283688001,CEMPRO,13161.2552,-,,13160.961741843999,Small Cap
473,Vedanta Oil and Gas Limited,INE704J01044,VOGL,13229.553776478,VOGL,13088.7798,-,,13159.166788238999,Small Cap
474,Graphite India Ltd.,INE371A01025,GRAPHITE,13066.459225928,GRAPHITE,13067.2,-,,13066.829612964,Small Cap
475,Kirloskar Brothers Ltd.,INE732A01036,KIRLOSBROS,12986.142022115,KIRLOSBROS,12988.567300000001,-,,12987.354661057499,Small Cap
476,Trident Ltd,INE064C01022,TRIDENT,12915.147583750999,TRIDENT,12911.1558,-,,12913.151691875501,Small Cap
477,Paradeep Phosphates Limited,INE088F01024,PARADEEP,13143.099655707001,PARADEEP,12636.279500000001,-,,12889.6895778535,Small Cap
478,Tega Industries Limited,INE011K01018,TEGA,12998.112238565,TEGA,12747.5525,-,,12872.8323692825,Small Cap
479,Techno Electric & Engineering Company Limited,INE285K01026,TECHNOE,12845.549622342,TECHNOE,12845.346100000001,-,,12845.447861171,Small Cap
480,Zensar Technologies Ltd.,INE520A01027,ZENSARTECH,12795.337118496001,ZENSARTECH,12792.814899999999,-,,12794.076009248001,Small Cap
481,Rainbow Children's Medicare Limited,INE961O01016,RAINBOW,12774.554962988001,RAINBOW,12776.674999999999,-,,12775.614981494,Small Cap
482,Aditya Birla Lifestyle Brands Limited,INE14LE01019,ABLBL,12758.844552217,ABLBL,12756.249100000001,-,,12757.546826108501,Small Cap
483,UTI Asset Management Company Limited,INE094J01016,UTIAMC,12747.217905519999,UTIAMC,12744.0578,-,,12745.637852759999,Small Cap
484,Supreme Petrochem Ltd.,INE663A01033,SPLPETRO,12702.874301964999,SPLPETRO,12697.3663,-,,12700.1203009825,Small Cap
485,Aptus Value Housing Finance India Limited,INE852O01025,APTUS,12649.758960016001,APTUS,12650.8521,-,,12650.305530008001,Small Cap
486,WELSPUN LIVING LIMITED,INE192B01031,WELSPUNLIV,12646.905473347,WELSPUNLIV,12646.913500000001,-,,12646.909486673499,Small Cap
487,IndiaMART InterMESH Limited,INE933S01016,INDIAMART,12641.731287991,INDIAMART,12640.5772,-,,12641.154243995501,Small Cap
488,JK Tyre & Industries Ltd.,INE573A01042,JKTYRE,12662.362991752001,JKTYRE,12603.6736,-,,12633.018295876002,Small Cap
489,Clean Max Enviro Energy Solutions Limited,INE647U01026,CLEANMAX,12627.423883145,CLEANMAX,12629.078299999999,-,,12628.2510915725,Small Cap
490,India Cements Ltd.,INE383A01012,INDIACEM,12624.772947705,INDIACEM,12626.8518,-,,12625.812373852499,Small Cap
491,Brainbees Solutions Limited,INE02RE01045,FIRSTCRY,12517.281141188001,FIRSTCRY,12515.679899999999,-,,12516.480520593999,Small Cap
492,Blue Dart Express Ltd.,INE233B01017,BLUEDART,12474.688429259,BLUEDART,12471.603800000001,-,,12473.146114629501,Small Cap
493,Shipping Corporation Of India Ltd,INE109A01011,SCI,12458.842570223,SCI,12458.9707,-,,12458.9066351115,Small Cap
494,JM Financial Limited,INE780C01023,JMFINANCIL,12453.110237761,JMFINANCIL,12454.5985,-,,12453.8543688805,Small Cap
495,Thangamayil Jewellery Limited,INE085J01014,THANGAMAYL,12433.781008239999,THANGAMAYL,12437.8333,-,,12435.807154120001,Small Cap
496,Concord Biotech Limited,INE338H01029,CONCORDBIO,12377.147454249001,CONCORDBIO,12377.7534,-,,12377.4504271245,Small Cap
497,NMDC Steel Limited,INE0NNS01018,NSLNISP,12323.954672428001,NSLNISP,12322.3673,-,,12323.160986213999,Small Cap
498,Ingersoll-Rand (India) Ltd.,INE177A01018,INGERRAND,12276.037568,INGERRAND,12278.0579,-,,12277.047734,Small Cap
499,INOX India Limited,INE616N01034,INOXINDIA,12255.296205750001,INOXINDIA,12255.9694,-,,12255.632802874999,Small Cap
500,SIGNATUREGLOBAL (INDIA) LIMITED,INE903U01023,SIGNATURE,12200.473044185001,SIGNATURE,12198.523499999999,-,,12199.4982720925,Small Cap
501,JUPITER WAGONS LIMITED,INE209L01016,JWL,12184.300928282,JWL,12168.259,-,,12176.279964141,Small Cap
502,ALIVUS LIFE SCIENCES LIMITED,INE03Q201024,ALIVUS,12132.144365080001,ALIVUS,12133.98,-,,12133.062182540001,Small Cap
503,Engineers India Ltd.,INE510A01028,ENGINERSIN,12113.207478192999,ENGINERSIN,12113.3058,-,,12113.2566390965,Small Cap
504,Happy Forgings Limited,INE330T01021,HAPPYFORGE,12067.857537039999,HAPPYFORGE,12071.421700000001,-,,12069.639618519999,Small Cap
505,PRIVI SPECIALITY CHEMICALS LIMITED,INE959A01019,PRIVISCL,11884.519054078,PRIVISCL,11886.1369,-,,11885.327977039,Small Cap
506,Indegene Limited,INE065X01017,INDGN,11885.280685171001,INDGN,11879.689,-,,11882.484842585502,Small Cap
507,GRAVITA INDIA LIMITED,INE024L01027,GRAVITA,11844.927833382,GRAVITA,11844.6757,-,,11844.801766691,Small Cap
508,Afcons Infrastructure Limited,INE101I01011,AFCONS,11829.087735572,AFCONS,11828.934499999999,-,,11829.011117786,Small Cap
509,SKF INDIA (INDUSTRIAL) LIMITED,INE2J8701016,SKFINDUS,11802.432022577001,SKFINDUS,11802.370199999999,-,,11802.4011112885,Small Cap
510,Can Fin Homes Ltd.,INE477A01020,CANFINHOME,11583.318970574999,CANFINHOME,11586.417600000001,-,,11584.868285287499,Small Cap
511,Azad Engineering Limited,INE02IJ01035,AZAD,11577.843540017999,AZAD,11576.933999999999,-,,11577.388770008998,Small Cap
512,Jaiprakash Power Ventures Limited,INE351F01018,JPPOWER,11566.011340759,JPPOWER,11562.870199999999,-,,11564.4407703795,Small Cap
513,Nuvoco Vistas Corporation Limited,INE118D01016,NUVOCO,11451.572141171,NUVOCO,11453.9532,-,,11452.7626705855,Small Cap
514,Home First Finance Company India Limited,INE481N01025,HOMEFIRST,11453.917036877001,HOMEFIRST,11441.280500000001,-,,11447.5987684385,Small Cap
515,BLACK BOX LIMITED,INE676A01027,BBOX,11496.296316855,BBOX,11276.427799999999,-,,11386.3620584275,Small Cap
516,Indian Energy Exchange Limited,INE022Q01020,IEX,11377.343510599001,IEX,11291.319299999999,-,,11334.331405299501,Small Cap
517,Swan Corp Limited,INE665A01038,SWANCORP,11278.191818984,SWANCORP,11274.887500000001,-,,11276.539659492,Small Cap
518,BLS International Services Ltd,INE153T01027,BLS,11250.631596517,BLS,11247.1661,-,,11248.898848258501,Small Cap
519,PCBL Chemical Limited,INE602A01031,PCBL,11221.192792025999,PCBL,11217.0942,-,,11219.143496012999,Small Cap
520,Reliance Power Limited,INE614G01033,RPOWER,11206.767516086,RPOWER,11202.3905,-,,11204.579008043,Small Cap
521,The Bombay Burmah Trading Corporation Ltd.,INE050A01025,BBTC,11201.736094038,BBTC,11202.2739,-,,11202.004997019001,Small Cap
522,Ujjivan Small Finance Bank Limited,INE551W01018,UJJIVANSFB,11190.792389442,UJJIVANSFB,11181.773999999999,-,,11186.283194721,Small Cap
523,Vijaya Diagnostic Centre Limited,INE043W01024,VIJAYA,11138.898450741999,VIJAYA,11151.5054,-,,11145.201925370999,Small Cap
524,Godrej Agrovet Limited,INE850D01014,GODREJAGRO,11133.337348055,GODREJAGRO,11132.0486,-,,11132.692974027501,Small Cap
525,Lumax Auto Technologies Ltd.,INE872H01027,LUMAXTECH,10960.318425161999,LUMAXTECH,10960.3099,-,,10960.314162580999,Small Cap
526,Finolex Industries Ltd.,INE183A01024,FINPIPE,10884.535133532001,FINPIPE,10884.990100000001,-,,10884.762616766002,Small Cap
527,HEG Ltd.,INE545A01024,HEG,10864.072087871,HEG,10863.002699999999,-,,10863.537393935499,Small Cap
528,Aequs Limited,INE947N01017,AEQUS,10846.256148832999,AEQUS,10845.6749,-,,10845.965524416501,Small Cap
529,Whirlpool of India Ltd,INE716A01013,WHIRLPOOL,10841.546771032999,WHIRLPOOL,10841.7582,-,,10841.652485516501,Small Cap
530,Mahanagar Gas Limited,INE002S01010,MGL,10778.392422397001,MGL,10780.281499999999,-,,10779.3369611985,Small Cap
531,Honasa Consumer Limited,INE0J5401028,HONASA,10748.98205783,HONASA,10744.3128,-,,10746.647428914999,Small Cap
532,Edelweiss Financial Services Ltd.,INE532F01054,EDELWEISS,10716.938757608001,EDELWEISS,10716.070599999999,-,,10716.504678804,Small Cap
533,Shaily Engineering Plastics Ltd.,INE151G01028,SHAILY,10706.526099167,SHAILY,10706.0213,-,,10706.2736995835,Small Cap
534,South Indian Bank Ltd.,INE683A01023,SOUTHBANK,10702.363155178999,SOUTHBANK,10701.576999999999,-,,10701.9700775895,Small Cap
535,Prudent Corporate Advisory Services Limited,INE00F201020,PRUDENT,10680.973875483,PRUDENT,10683.837799999999,-,,10682.405837741499,Small Cap
536,Vedanta Iron and Steel Limited,INE1CLE01013,VISL,10639.810413274001,VISL,10633.767099999999,-,,10636.788756637001,Small Cap
537,AAVAS Financiers Limited,INE216P01012,AAVAS,10585.610116241,AAVAS,10582.8457,-,,10584.2279081205,Small Cap
538,Cyient Limited,INE136B01020,CYIENT,10572.776964975001,CYIENT,10571.9866,-,,10572.3817824875,Small Cap
539,Action Construction Equipments Ltd.,INE731H01025,ACE,10554.944039260001,ACE,10556.2688,-,,10555.606419629999,Small Cap
540,Vedant Fashions Limited,INE825V01034,MANYAVAR,10518.048079442,MANYAVAR,10519.3397,-,,10518.693889721,Small Cap
541,BlackBuck Limited,INE0UIZ01018,BLACKBUCK,10517.455638158999,BLACKBUCK,10500.577799999999,-,,10509.0167190795,Small Cap
542,Astra Microwave Products Ltd.,INE386C01029,ASTRAMICRO,10460.855047466001,ASTRAMICRO,10459.672200000001,-,,10460.263623733001,Small Cap
543,Tamilnad Mercantile Bank Limited,INE668A01016,TMB,10451.064004455,TMB,10450.767099999999,-,,10450.9155522275,Small Cap
544,INTELLECT DESIGN ARENA LIMITED,INE306R01017,INTELLECT,10428.895581597,INTELLECT,10417.919900000001,-,,10423.407740798501,Small Cap
545,TITAGARH RAIL SYSTEMS LIMITED,INE615H01020,TITAGARH,10359.319468026,TITAGARH,10360.6157,-,,10359.967584013,Small Cap
546,Sandur Manganese & Iron Ores Ltd.,INE149K01016,SANDUMA,10355.87568562,SANDUMA,10353.2629,-,,10354.56929281,Small Cap
547,Arvind Ltd.,INE034A01011,ARVIND,10346.281509635,ARVIND,10345.982900000001,-,,10346.132204817501,Small Cap
548,BIRLASOFT LIMITED,INE836A01035,BSOFT,10345.698070753999,BSOFT,10339.6744,-,,10342.686235376999,Small Cap
549,Jubilant Ingrevia Limited,INE0BY001018,JUBLINGREA,10325.24719125,JUBLINGREA,10325.1808,-,,10325.213995624999,Small Cap
550,SBFC Finance Limited,INE423Y01016,SBFC,10309.384791142998,SBFC,10298.424499999999,-,,10303.9046455715,Small Cap
551,Sanofi Consumer Healthcare India Limited,INE0UOS01011,SANOFICONR,10286.002610678001,SANOFICONR,10288.333500000001,-,,10287.168055339,Small Cap
552,Elecon Engineering Co.Ltd.,INE205B01031,ELECON,10260.39694934,ELECON,10260.2006,-,,10260.29877467,Small Cap
553,GARWARE HI-TECH FILMS LIMITED,INE291A01017,GRWRHITECH,10252.815574307,GRWRHITECH,10254.8213,-,,10253.818437153499,Small Cap
554,RITES Limited,INE320J01015,RITES,10234.0969145,RITES,10234.064899999999,-,,10234.08090725,Small Cap
555,Medplus Health Services Limited,INE804L01022,MEDPLUS,10225.828770616999,MEDPLUS,10220.9419,-,,10223.3853353085,Small Cap
556,RailTel Corporation of India Limited,INE0DD101019,RAILTEL,10184.391959066001,RAILTEL,10184.876,-,,10184.633979533,Small Cap
557,Metropolis Healthcare Limited,INE112L01020,METROPOLIS,10159.865666411999,METROPOLIS,10159.921399999999,-,,10159.893533205999,Small Cap
558,Tilaknagar Industries Ltd,INE133E01013,TI,10248.524351778,TI,10019.236199999999,-,,10133.880275889,Small Cap
559,IIFL CAPITAL SERVICES LIMITED,INE489L01022,IIFLCAPS,10114.836372884,IIFLCAPS,10105.0373,-,,10109.936836442001,Small Cap
560,Apollo Micro Systems Limited,INE713T01028,APOLLO,10103.554228436,APOLLO,10051.828299999999,-,,10077.691264218,Small Cap
561,Nazara Technologies Limited,INE418L01047,NAZARA,9994.0503884909995,NAZARA,9990.4074999999993,-,,9992.2289442455003,Small Cap
562,SWAN DEFENCE AND HEAVY INDUSTRIES LIMITED,INE542F01020,SWANDEF,9994.5787216230001,SWANDEF,9969.1309999999994,-,,9981.8548608114997,Small Cap
563,Atlanta Electricals Limited,INE0Z4F01028,ATLANTAELE,9967.2187795099999,ATLANTAELE,9968.7566999999999,-,,9967.9877397550008,Small Cap
564,ramkrishna forgings Ltd.,INE399G01023,RKFORGE,9934.0234118879998,RKFORGE,9929.7414000000008,-,,9931.8824059440012,Small Cap
565,CarTrade Tech Limited,INE290S01011,CARTRADE,9935.4643228740006,CARTRADE,9928.1002000000008,-,,9931.7822614370016,Small Cap
566,Corona Remedies Limited ,INE02ZQ01018,CORONA,9898.8264995619993,CORONA,9906.2675999999992,-,,9902.5470497809983,Small Cap
567,Balrampur Chini Mills Ltd.,INE119A01028,BALRAMCHIN,9881.4095896759991,BALRAMCHIN,9882.7307000000001,-,,9882.0701448379987,Small Cap
568,Vesuvius India Ltd.,INE386A01023,VESUVIUS,9784.0720887000007,VESUVIUS,9781.2813999999998,-,,9782.6767443499994,Small Cap
569,PVR INOX LIMITED,INE191H01014,PVRINOX,9769.1408946789998,PVRINOX,9770.8880000000008,-,,9770.0144473395012,Small Cap
570,Bata India Limited,INE176A01028,BATAINDIA,9750.8007305560004,BATAINDIA,9749.8742999999995,-,,9750.337515277999,Small Cap
571,WAAREE RENEWABLE TECHNOLOGIES LIMITED,INE299N01021,WAAREERTL,9726.8973431729992,WAAREERTL,9720.2062999999998,-,,9723.5518215864995,Small Cap
572,MMTC Ltd.,INE123F01029,MMTC,9580.5625,MMTC,9577.3624999999993,-,,9578.9624999999996,Small Cap
573,Cello World Limited,INE0LMW01024,CELLO,9558.0819699900003,CELLO,9556.7566999999999,-,,9557.4193349950001,Small Cap
574,Eureka Forbes Limited,INE0KCE01017,EUREKAFORB,9547.3568690709999,EUREKAFORB,9548.2774000000009,-,,9547.8171345355004,Small Cap
575,NCC Limited,INE868B01028,NCC,9504.8125340850002,NCC,9505.3932999999997,-,,9505.102917042499,Small Cap
576,OLECTRA GREENTECH LIMITED,INE260D01016,OLECTRA,9453.8062053880003,OLECTRA,9454.0285000000003,-,,9453.9173526939994,Small Cap
577,Lemon Tree Hotels Limited,INE970X01018,LEMONTREE,9448.7604631649992,LEMONTREE,9447.8824000000004,-,,9448.3214315824989,Small Cap
578,PARK MEDI WORLD LIMITED,INE119201023,PARKHOSPS,9161.7575447809995,PARKHOSPS,9162.9992999999995,-,,9162.3784223904986,Small Cap
579,VOLTAMP TRANSFORMERS LIMITED,INE540H01012,VOLTAMP,9041.6886920529996,VOLTAMP,9041.8556000000008,-,,9041.7721460265002,Small Cap
580,STRIDES PHARMA SCIENCE LIMITED,INE939A01011,STAR,9013.3507918640007,STAR,9014.3916000000008,-,,9013.8711959320008,Small Cap
581,Sharda Cropchem Limited,INE221J01015,SHARDACROP,9006.3248195590004,SHARDACROP,9004.0203999999994,-,,9005.1726097794999,Small Cap
582,TSF Investments Ltd.,INE202Z01029,-,-,TSFINV,8985.3875000000007,-,,8985.3875000000007,Small Cap
583,Esab India Ltd.,INE284A01012,ESABINDIA,8951.4015832179994,ESABINDIA,8952.7548999999999,-,,8952.0782416090005,Small Cap
584,G R Infraprojects Limited,INE201P01022,GRINFRA,8924.5622515220002,GRINFRA,8926.3966999999993,-,,8925.4794757609998,Small Cap
585,PROCTER & GAMBLE HEALTH LIMITED,INE199A01012,PGHL,8923.0330677869988,PGHL,8924.6494000000002,-,,8923.8412338934995,Small Cap
586,Transformers and Rectifiers (India) Limited,INE763I01026,TARIL,8883.4203641399999,TARIL,8881.8919999999998,-,,8882.6561820700008,Small Cap
587,Time Technoplast Limited,INE508G01029,TIMETECHNO,8876.3868400520005,TIMETECHNO,8877.3988000000008,-,,8876.8928200260016,Small Cap
588,SEDEMAC MECHATRONICS LIMITED,INE00XB01019,SEDEMAC,8876.3495838700001,SEDEMAC,8874.6345000000001,-,,8875.4920419350001,Small Cap
589,SHADOWFAX TECHNOLOGIES LIMITED,INE12UN01015,SHADOWFAX,8886.9564299679987,SHADOWFAX,8861.6967000000004,-,,8874.3265649839996,Small Cap
590,Banco Products (India) Ltd.,INE213C01025,BANCOINDIA,8850.111103575,BANCOINDIA,8849.7178000000004,-,,8849.9144517874993,Small Cap
591,Star Cement Limited,INE460H01021,STARCEMENT,8725.7668183589994,STARCEMENT,8902.6923000000006,-,,8814.2295591795009,Small Cap
592,Marksans Pharma Ltd.,INE750C01026,MARKSANS,8788.1856443550005,MARKSANS,8792.3942999999999,-,,8790.2899721774993,Small Cap
593,HealthCare Global Enterprises Limited,INE075I01017,HCG,8754.5728134839992,HCG,8755.3294000000005,-,,8754.951106741999,Small Cap
594,Karnataka Bank Ltd.,INE614B01018,KTKBANK,8731.8461838210005,KTKBANK,8730.7027999999991,-,,8731.2744919104989,Small Cap
595,Genus Power Infrastructures Ltd.,INE955D01029,-,-,GENUSPOWER,8719.3860999999997,-,,8719.3860999999997,Small Cap
596,ASK Automotive Limited,INE491J01022,ASKAUTOLTD,8680.6322488500009,ASKAUTOLTD,8680.6980000000003,-,,8680.6651244250006,Small Cap
597,LLOYDS ENTERPRISES LIMITED,INE080I01025,LLOYDSENT,8683.8729803980004,LLOYDSENT,8511.2204999999994,-,,8597.546740198999,Small Cap
598,VIYASH SCIENTIFIC LIMITED,INE807F01027,VIYASH,8948.811663773,VIYASH,8238.3582000000006,-,,8593.5849318865003,Small Cap
599,Kirloskar Pneumatic Co.Ltd.,INE811A01020,KIRLPNU,8582.7423568009999,KIRLPNU,8582.5902000000006,-,,8582.6662784005002,Small Cap
600,Zee Entertainment Enterprises Ltd.,INE256A01028,ZEEL,8578.975251672,ZEEL,8577.6304999999993,-,,8578.3028758359997,Small Cap
601,VA Tech Wabag Limited,INE956G01038,WABAG,8569.6799575069999,WABAG,8568.6571000000004,-,,8569.1685287535001,Small Cap
602,Amagi Media Labs Limited,INE121R01077,AMAGI,8546.3082339770008,AMAGI,8553.9812000000002,-,,8550.1447169884996,Small Cap
603,JYOTHY LABS LIMITED,INE668F01031,JYOTHYLAB,8539.5428520960013,JYOTHYLAB,8537.7221000000009,-,,8538.632476048002,Small Cap
604,Jupiter Life Line Hospitals Limited,INE682M01012,JLHL,8479.4541952759992,JLHL,8478.9706000000006,-,,8479.2123976379989,Small Cap
605,Jayaswal Neco Industries Ltd,INE854B01010,JAYNECOIND,8446.001659177,JAYNECOIND,8444.2052999999996,-,,8445.1034795884989,Small Cap
606,Varroc Engineering Limited,INE665L01035,VARROC,8433.3763851999993,VARROC,8434.8150999999998,-,,8434.0957425999986,Small Cap
607,RHI MAGNESITA INDIA LIMITED,INE743M01012,RHIM,8391.7275117530007,RHIM,8391.9941999999992,-,,8391.8608558765009,Small Cap
608,Kama Holdings Limited,INE411F01010,KAMAHOLD,8383.0890997219994,-,,-,,8383.0890997219994,Small Cap
609,India Shelter Finance Corporation Limited,INE922K01024,INDIASHLTR,8363.2079122739997,INDIASHLTR,8364.0388000000003,-,,8363.6233561369991,Small Cap
610,Tata Teleservices (Maharashtra) Ltd.,INE517B01013,TTML,8340.9435132109993,TTML,8337.1965999999993,-,,8339.0700566054984,Small Cap
611,Safari Industries (India) Ltd.,INE429E01023,SAFARI,8333.3676785619991,SAFARI,8330.0959999999995,-,,8331.7318392809993,Small Cap
612,Triveni Engineering & Industries Ltd,INE256C01024,TRIVENI,8327.6630871050002,TRIVENI,8329.3322000000007,-,,8328.4976435525004,Small Cap
613,SKF India Ltd.,INE640A01023,SKFINDIA,8317.7621819640008,SKFINDIA,8316.3922999999995,-,,8317.0772409820001,Small Cap
614,Sanofi India Ltd,INE058A01010,SANOFI,8308.6674416669994,SANOFI,8306.5023999999994,-,,8307.5849208334985,Small Cap
615,Manorama Industries Limited,INE00VM01036,MANORAMA,8291.3454070770003,MANORAMA,8289.6039000000001,-,,8290.4746535385002,Small Cap
616,Relaxo Footwears Ltd.,INE131B01039,RELAXO,8283.2966074159995,RELAXO,8281.9025999999994,-,,8282.5996037080004,Small Cap
617,Clean Science and Technology Limited,INE227W01023,CLEAN,8279.9889246139992,CLEAN,8280.3911000000007,-,,8280.1900123070009,Small Cap
618,JK Lakshmi Cement Limited,INE786A01032,JKLAKSHMI,8278.6900195520011,JKLAKSHMI,8279.7970000000005,-,,8279.2435097760008,Small Cap
619,Orkla India Limited,INE16NZ01023,ORKLAINDIA,8264.5317064770006,ORKLAINDIA,8267.9964,-,,8266.2640532385012,Small Cap
620,KPI Green Energy Limited,INE542W01025,KPIGREEN,8185.5553468649996,KPIGREEN,8182.5778,-,,8184.0665734324994,Small Cap
621,ELITECON INTERNATIONAL LIMITED,INE669R01026,ELITECON,8164.5119208329997,-,,-,,8164.5119208329997,Small Cap
622,Diamond Power Infrastructure Limited,INE989C01038,DIACABS,8154.2184396749999,DIACABS,8155.1845999999996,-,,8154.7015198374993,Small Cap
623,EMBASSY DEVELOPMENTS LIMITED,INE069I01010,EMBDL,8143.4450861410005,EMBDL,8141.3244000000004,-,,8142.3847430705009,Small Cap
624,Nesco Ltd,INE317F01035,NESCO,8112.1197830970004,NESCO,8112.3958000000002,-,,8112.2577915484999,Small Cap
625,GMR Power and Urban Infra Limited,INE0CU601026,GMRP&UI,8137.462349110001,GMRP&UI,8070.4436999999998,-,,8103.9530245550004,Small Cap
626,Jeena Sikho Lifecare Limited,INE0J5801029,JSLL,8091.7185631460006,JSLL,8092.2830999999996,-,,8092.0008315730001,Small Cap
627,Le Travenues Technology Limited,INE0HV901016,IXIGO,8077.4919200210006,IXIGO,8073.4871000000003,-,,8075.4895100105005,Small Cap
628,Alkyl Amines Chemicals Ltd.,INE150B01039,ALKYLAMINE,7986.3393823830002,ALKYLAMINE,7987.9070000000002,-,,7987.1231911915002,Small Cap
629,KRBL Ltd.,INE001B01026,KRBL,7962.287765137,KRBL,7959.3693999999996,-,,7960.8285825684998,Small Cap
630,Akums Drugs and Pharmaceuticals Limited,INE09XN01023,AKUMS,7953.295281877,AKUMS,7952.6264000000001,-,,7952.9608409385,Small Cap
631,Aditya Birla Fashion and Retail Limited,INE647O01011,ABFRL,7891.7809756839997,ABFRL,7888.78,-,,7890.2804878419993,Small Cap
632,P N GADGIL JEWELLERS LIMITED,INE953R01016,PNGJL,7880.0570275199998,PNGJL,7879.3446000000004,-,,7879.7008137600005,Small Cap
633,Maharashtra Seamless Ltd.,INE271B01025,MAHSEAMLES,7834.7654587300003,MAHSEAMLES,7835.2767999999996,-,,7835.021129365,Small Cap
634,Gujarat Pipavav Port Limited,INE517F01014,GPPL,7834.6473247899994,GPPL,7833.2655000000004,-,,7833.9564123950004,Small Cap
635,Sonata Software Ltd.,INE269A01021,SONATSOFTW,7825.1726999089997,SONATSOFTW,7822.4362000000001,-,,7823.8044499544994,Small Cap
636,Tejas Networks Limited,INE010J01012,TEJASNET,7824.4709362029998,TEJASNET,7818.9926999999998,-,,7821.7318181014998,Small Cap
637,Shilpa Medicare Ltd.,INE790G01031,SHILPAMED,7723.5748092940003,SHILPAMED,7723.7214999999997,-,,7723.6481546470004,Small Cap
638,Religare Enterprises Ltd,INE621H01010,RELIGARE,7696.6617603770001,RELIGARE,7693.0956999999999,-,,7694.8787301885004,Small Cap
639,Avalon Technologies Limited,INE0LCL01028,AVALON,7687.5960872670003,AVALON,7683.8764000000001,-,,7685.7362436335006,Small Cap
640,V2 Retail Limited,INE945H01021,V2RETAIL,7650.0593352449996,V2RETAIL,7650.6913999999997,-,,7650.3753676224997,Small Cap
641,Equitas Small Finance Bank Limited,INE063P01018,EQUITASBNK,7608.0135393580003,EQUITASBNK,7605.4997000000003,-,,7606.7566196790003,Small Cap
642,Campus Activewear Limited,INE278Y01022,CAMPUS,7556.6171603509993,CAMPUS,7556.4314999999997,-,,7556.5243301754999,Small Cap
643,Birla Corporation Ltd.,INE340A01012,BIRLACORPN,7549.7068936759997,BIRLACORPN,7547.8972999999996,-,,7548.8020968379997,Small Cap
644,QUALITY POWER ELECTRICAL EQUIPMENTS LIMITED,INE0SII01026,QPOWER,7537.6181188130004,QPOWER,7540.5545000000002,-,,7539.0863094065007,Small Cap
645,Blue Jet Healthcare Limited,INE0KBH01020,BLUEJET,7533.1769719140002,BLUEJET,7532.2300999999998,-,,7532.703535957,Small Cap
646,Transport Corporation of India Ltd,INE688A01022,TCI,7530.7236746570006,TCI,7531.5724,-,,7531.1480373285003,Small Cap
647,WESTLIFE FOODWORLD LIMITED,INE274F01020,WESTLIFE,7478.1397021419998,WESTLIFE,7475.4692999999997,-,,7476.8045010709993,Small Cap
648,Vikram Solar Limited,INE078V01014,VIKRAMSOLR,7464.6856369179995,VIKRAMSOLR,7462.6043,-,,7463.6449684589998,Small Cap
649,Fujiyama Power Systems Limited,INE12UR01024,UTLSOLAR,7461.5943723589999,UTLSOLAR,7461.3302999999996,-,,7461.4623361795002,Small Cap
650,WeWork India Management Limited,INE085001019,WEWORK,7476.5515394720005,WEWORK,7430.1778999999997,-,,7453.3647197360006,Small Cap
651,TIPS MUSIC LIMITED,INE716B01029,TIPSMUSIC,7430.2324740149998,TIPSMUSIC,7462.7514000000001,-,,7446.4919370075004,Small Cap
652,Mahindra Lifespace Developers Ltd.,INE813A01018,MAHLIFE,7443.8059286910002,MAHLIFE,7439.3756999999996,-,,7441.5908143454999,Small Cap
653,LLOYDS ENGINEERING WORKS LIMITED,INE093R01011,LLOYDSENGG,7443.3632158050004,LLOYDSENGG,7425.8723,-,,7434.6177579025007,Small Cap
654,Sudeep Pharma Limited,INE0QPI01025,SUDEEPPHRM,7428.2122150990008,SUDEEPPHRM,7428.5604999999996,-,,7428.3863575494997,Small Cap
655,Newgen Software Technologies Limited,INE619B01017,NEWGEN,7420.3942019039996,NEWGEN,7417.3050000000003,-,,7418.8496009520004,Small Cap
656,RateGain Travel Technologies Limited,INE0CLI01024,RATEGAIN,7398.6062922960009,RATEGAIN,7399.8041999999996,-,,7399.2052461479998,Small Cap
657,BlueStone Jewellery and Lifestyle Limited,INE304W01038,BLUESTONE,7350.3371682149991,BLUESTONE,7324.8984,-,,7337.6177841074996,Small Cap
658,Pearl Global Industries Limited,INE940H01022,PGIL,7327.9472724020006,PGIL,7320.4591,-,,7324.2031862010008,Small Cap
659,TTK Prestige Ltd.,INE690A01028,TTKPRESTIG,7320.2811716039996,TTKPRESTIG,7318.7004999999999,-,,7319.4908358020002,Small Cap
660,Indian Metals & Ferro Alloys Limited,INE919H01018,IMFA,7285.5892916740004,IMFA,7285.1396999999997,-,,7285.3644958370005,Small Cap
661,Power Mech Projects Limited,INE211R01019,POWERMECH,7252.4546351529998,POWERMECH,7253.5810000000001,-,,7253.0178175764995,Small Cap
662,Dilip Buildcon Limited,INE917M01012,DBL,7223.5832967750002,DBL,7223.9894000000004,-,,7223.7863483875008,Small Cap
663,Elantas Beck India Ltd,INE280B01018,ELANTAS,7180.9561254559994,-,-,-,,7180.9561254559994,Small Cap
664,PC JEWELLER LIMITED,INE785M01021,PCJEWELLER,7186.3384555590001,PCJEWELLER,7137.5015999999996,-,,7161.9200277794998,Small Cap
665,Bengal & Assam Company Limited,INE083K01017,BENGALASM,7144.2775828479998,-,,-,,7144.2775828479998,Small Cap
666,Rashtriya Chemicals & Fertilizers Limited,INE027A01015,RCF,7100.2258469999997,RCF,7099.6189999999997,-,,7099.9224235000001,Small Cap
667,Saregama India Ltd.,INE979A01025,SAREGAMA,7093.6137779460005,SAREGAMA,7089.4925000000003,-,,7091.5531389730004,Small Cap
668,Kirloskar Ferrous Industries Ltd.,INE884B01025,KIRLFER,7089.5126434070007,-,,-,,7089.5126434070007,Small Cap
669,E2E Networks Limited,INE255Z01027,E2E,8331.0310794750003,E2E,5809.4039000000002,-,,7070.2174897375007,Small Cap
670,Pricol Limited,INE726V01018,PRICOLLTD,7068.2737135139996,PRICOLLTD,7068.1569,-,,7068.2153067569998,Small Cap
671,Transrail Lighting Limited,INE454P01035,TRANSRAILL,7033.0354336310002,TRANSRAILL,7031.7208000000001,-,,7032.3781168155001,Small Cap
672,YATHARTH HOSPITAL & TRAUMA CARE SERVICES LIMITED,INE0JO301016,YATHARTH,6993.696323661,YATHARTH,6993.2385999999997,-,,6993.4674618304998,Small Cap
673,Thyrocare Technologies Limited,INE594H01019,THYROCARE,6975.402023014999,THYROCARE,6975.6252999999997,-,,6975.5136615074989,Small Cap
674,Archean Chemical Industries Limited,INE128X01021,ACI,6970.9393265170002,ACI,6972.4207999999999,-,,6971.6800632585,Small Cap
675,Latent View Analytics Limited,INE0I7C01011,LATENTVIEW,6968.7246358240009,LATENTVIEW,6967.9314000000004,-,,6968.3280179120011,Small Cap
676,Shakti Pumps (India) Ltd.,INE908D01010,SHAKTIPUMP,6967.8460490910002,SHAKTIPUMP,6967.2084999999997,-,,6967.5272745455004,Small Cap
677,Gujarat Narmada Valley Fert.Co.Ltd,INE113A01013,GNFC,6954.8310994880003,GNFC,6954.6229000000003,-,,6954.7269997439998,Small Cap
678,Sudarshan Chemical Indus. Ltd.,INE659A01023,SUDARSCHEM,6953.9651590410003,SUDARSCHEM,6953.0093999999999,-,,6953.4872795205001,Small Cap
679,BOROSIL RENEWABLES LIMITED,INE666D01022,BORORENEW,6963.7947543190003,BORORENEW,6920.5513000000001,-,,6942.1730271595006,Small Cap
680,REDTAPE Limited,INE0LXT01019,REDTAPE,6940.0848122999996,REDTAPE,6938.8364000000001,-,,6939.4606061499999,Small Cap
681,Mishra Dhatu Nigam Limited,INE099Z01011,MIDHANI,6938.5349974999999,MIDHANI,6938.9174999999996,-,,6938.7262487499993,Small Cap
682,Alok Industries Ltd.,INE270A01029,ALOKINDS,6889.2296793839996,ALOKINDS,6884.8437000000004,-,,6887.0366896920004,Small Cap
683,AXISCADES TECHNOLOGIES LIMITED,INE555B01013,AXISCADES,6884.48542903,AXISCADES,6880.6544000000004,-,,6882.5699145150002,Small Cap
684,EPL LIMITED,INE255A01020,EPL,6869.3407138949997,EPL,6869.5965999999999,-,,6869.4686569474998,Small Cap
685,Welspun Enterprises Limited,INE625G01013,WELENT,6852.2448709549999,WELENT,6852.3948,-,,6852.3198354774995,Small Cap
686,CSB Bank Limited,INE679A01013,CSBBANK,6849.6830788320003,CSBBANK,6849.3939,-,,6849.5384894159997,Small Cap
687,Sri Lotus Developers and Realty Limited,INE0V9Q01010,LOTUSDEV,6844.3922871589994,LOTUSDEV,6844.1926999999996,-,,6844.2924935794999,Small Cap
688,Cera Sanitaryware Ltd.,INE739E01017,CERA,6835.3716044870007,CERA,6834.5133999999998,-,,6834.9425022435007,Small Cap
689,Dynamatic Technologies Ltd.,INE221B01012,DYNAMATECH,6819.3125352809993,DYNAMATECH,6820.1736000000001,-,,6819.7430676405002,Small Cap
690,ISGEC Heavy Engineering Limited,INE858B01029,ISGEC,6756.9422380470005,ISGEC,6757.7051000000001,-,,6757.3236690235008,Small Cap
691,INOX GREEN ENERGY SERVICES LIMITED,INE510W01014,INOXGREEN,6774.4018445089996,INOXGREEN,6729.6642000000002,-,,6752.0330222544999,Small Cap
692,Gujarat Ambuja Exports Ltd.,INE036B01030,GAEL,6720.7482907599997,GAEL,6720.6832999999997,-,,6720.7157953799997,Small Cap
693,Dodla Dairy Limited,INE021O01019,DODLA,6720.4676494260002,DODLA,6718.4566999999997,-,,6719.4621747130004,Small Cap
694,Gujarat State Fertilizers & Chem.Ltd,INE026A01025,GSFC,6710.5110342739999,GSFC,6709.3422,-,,6709.926617137,Small Cap
695,Kalpataru Limited,INE227J01012,KALPATARU,6699.154369764,KALPATARU,6700.9903999999997,-,,6700.0723848819998,Small Cap
696,Kwality Wall’s (India) Limited,INE2KCE01013,KWIL,6635.456923103,KWIL,6633.5033000000003,-,,6634.4801115515002,Small Cap
697,Aditya Vision Limited,INE679V01027,AVL,6620.5042670940002,AVL,6622.2583999999997,-,,6621.3813335470004,Small Cap
698,Max Estates Limited,INE03EI01018,MAXESTATES,6580.521624903,MAXESTATES,6572.9971999999998,-,,6576.7594124514999,Small Cap
699,Galaxy Surfactants Limited,INE600K01018,GALAXYSURF,6524.0510747400003,GALAXYSURF,6523.4881999999998,-,,6523.7696373700001,Small Cap
700,ETHOS LIMITED,INE04TZ01018,ETHOSLTD,6522.2790908679999,ETHOSLTD,6522.0940000000001,-,,6522.1865454340004,Small Cap
701,Shreeji Shipping Global Limited,INE1B6101010,SHREEJISPG,6478.9534898540005,SHREEJISPG,6478.8585000000003,-,,6478.9059949270004,Small Cap
702,GARWARE TECHNICAL FIBRES LIMITED,INE276A01018,GARFIBRES,6467.3641973630001,GARFIBRES,6467.4840999999997,-,,6467.4241486814999,Small Cap
703,TANLA PLATFORMS LIMITED,INE483C01032,TANLA,6468.0138331480002,TANLA,6466.6103000000003,-,,6467.3120665740007,Small Cap
704,Powerica Ltd.,INE921L01032,POWERICA,6392.4677740659999,POWERICA,6393.9371000000001,-,,6393.202437033,Small Cap
705,Aarti Pharmalabs Limited,INE0LRU01027,AARTIPHARM,6373.0004915129994,AARTIPHARM,6371.0675000000001,-,,6372.0339957564993,Small Cap
706,Jai Balaji Industries Limited,INE091G01026,JAIBALAJI,6327.9916881949994,JAIBALAJI,6325.1638000000003,-,,6326.5777440974998,Small Cap
707,PRISM JOHNSON LIMITED.,INE010A01011,PRSMJOHNSN,6312.5738965889996,PRSMJOHNSN,6309.1133,-,,6310.8435982944993,Small Cap
708,MOIL Limited,INE490G01020,MOIL,6309.4320232749997,MOIL,6308.1857,-,,6308.8088616374998,Small Cap
709,India Glycols Ltd,INE560A01023,INDIAGLYCO,6329.6490579410001,INDIAGLYCO,6268.2376000000004,-,,6298.9433289705003,Small Cap
710,Paras Defence and Space Technologies Limited,INE045601023,PARAS,6257.7942116029999,PARAS,6256.6692999999996,-,,6257.2317558015002,Small Cap
711,Sheela Foam Limited,INE916U01025,SFL,6253.3232583089994,SFL,6256.5508,-,,6254.9370291545001,Small Cap
712,Kingfa Science & Technology (India) Ltd,INE473D01015,KINGFA,6242.5328709080004,KINGFA,6243.9432999999999,-,,6243.2380854540006,Small Cap
713,Sky Gold And Diamonds Limited,INE01IU01018,SKYGOLD,6218.9026825740002,SKYGOLD,6218.6532999999999,-,,6218.7779912870001,Small Cap
714,Praj Industries Ltd.,INE074A01025,PRAJIND,6180.018126041,PRAJIND,6178.3791000000001,-,,6179.1986130205005,Small Cap
715,Mrs. Bectors Food Specialities Limited,INE495P01020,BECTORFOOD,6118.4376798230005,BECTORFOOD,6119.1590999999999,-,,6118.7983899115006,Small Cap
716,Precision Wires India ltd.,INE372C01037,PRECWIRE,6109.3358865150003,PRECWIRE,6107.7606999999998,-,,6108.5482932574996,Small Cap
717,Ashapura Minechem Ltd,INE348A01023,ASHAPURMIN,6102.2469427810001,ASHAPURMIN,6100.0497999999998,-,,6101.1483713905,Small Cap
718,KRN HEAT EXCHANGER AND REFRIGERATION LIMITED,INE0Q3J01015,KRN,6127.0214399690003,KRN,6068.9854999999998,-,,6098.0034699845,Small Cap
719,FDC Ltd.,INE258B01022,FDC,6091.2340239529995,FDC,6091.4917999999998,-,,6091.3629119764992,Small Cap
720,Sapphire Foods India Limited,INE806T01020,SAPPHIRE,6065.3926112930003,SAPPHIRE,6064.3882999999996,-,,6064.8904556465004,Small Cap
721,Arvind Fashions Limited,INE955V01021,ARVINDFASN,6054.9339438110001,ARVINDFASN,6053.5825000000004,-,,6054.2582219055002,Small Cap
722,Hindustan Foods Ltd.,INE254N01026,HNDFDS,6032.6291849730005,HNDFDS,6033.5054,-,,6033.0672924865003,Small Cap
723,Greenlam Industries Ltd,INE544R01021,GREENLAM,6020.0611925309995,GREENLAM,6019.6593000000003,-,,6019.8602462654999,Small Cap
724,SG MART LIMITED,INE385F01024,SGMART,5859.5865863919998,SGMART,6159.5063,-,,6009.5464431959999,Small Cap
725,VALOR ESTATE LIMITED,INE879I01012,DBREALTY,6009.4841206660003,DBREALTY,6008.8743999999997,-,,6009.1792603329995,Small Cap
726,Suprajit Engineering Ltd.,INE399C01030,SUPRAJIT,5981.3707267930004,SUPRAJIT,5983.5712000000003,-,,5982.4709633965003,Small Cap
727,AJAX Engineering Limited,INE274Y01021,AJAXENGG,5972.5450236500001,AJAXENGG,5972.7357000000002,-,,5972.6403618250006,Small Cap
728,Kovai Medical Center & Hospital Ltd,INE177F01017,KOVAI,5965.4125794259999,-,,-,,5965.4125794259999,Small Cap
729,JK Paper Ltd.,INE789E01012,JKPAPER,5969.6560686879993,JKPAPER,5937.3032999999996,-,,5953.4796843439999,Small Cap
730,DCB Bank Limited,INE503A01015,DCBBANK,5881.6816335530002,DCBBANK,5880.7304999999997,-,,5881.2060667764999,Small Cap
731,SML Mahindra Limited,INE294B01019,SMLMAH,5853.4835352720002,SMLMAH,5853.4793,-,,5853.4814176359996,Small Cap
732,Happiest Minds Technologies Limited,INE419U01012,HAPPSTMNDS,5830.139343973,HAPPSTMNDS,5829.2384000000002,-,,5829.6888719865001,Small Cap
733,Supriya Lifescience Limited,INE07RO01027,SUPRIYA,5817.6623100500001,SUPRIYA,5817.9339,-,,5817.798105025,Small Cap
734,FIEM INDUSTRIES LIMITED,INE737H01014,FIEMIND,5813.3373560600003,FIEMIND,5812.7583000000004,-,,5813.0478280300003,Small Cap
735,S.J.S. Enterprises Limited,INE284S01014,SJS,5811.317991416,SJS,5807.83,-,,5809.5739957080004,Small Cap
736,C.E. Info Systems Limited,INE0BV301023,MAPMYINDIA,5781.3377502679996,MAPMYINDIA,5781.2466999999997,-,,5781.2922251339996,Small Cap
737,GANESH HOUSING LIMITED,INE460C01014,GANESHHOU,5773.8367688489998,GANESHHOU,5772.3323,-,,5773.0845344244999,Small Cap
738,Gokul Agro Resources Ltd,INE314T01033,GOKULAGRO,5771.4412396059997,GOKULAGRO,5770.3642,-,,5770.9027198029999,Small Cap
739,Nephrocare Health Services Limited,INE428V01029,NEPHROPLUS,5742.9465862730003,NEPHROPLUS,5747.7043999999996,-,,5745.3254931365,Small Cap
740,MAS Financial Services Limited,INE348L01012,MASFIN,5722.8202544160004,MASFIN,5723.1983,-,,5723.0092772080006,Small Cap
741,Piccadily Agro Industries ltd.,INE546C01010,PICCADIL,5702.3052433749999,PICCADIL,5688.8134,-,,5695.5593216875004,Small Cap
742,Indo Count Industries Ltd,INE483B01026,ICIL,5673.2170557150002,ICIL,5671.6161000000002,-,,5672.4165778575007,Small Cap
743,BAJAJ CONSUMER CARE LIMITED,INE933K01021,BAJAJCON,5620.4986617800005,BAJAJCON,5597.5230000000001,-,,5609.0108308899999,Small Cap
744,L.g.Balkrishnan & Bros. Ltd.,INE337A01034,LGBBROSLTD,5495.4380126879996,LGBBROSLTD,5497.7555000000002,-,,5496.5967563439999,Small Cap
745,Ahluwalia Contracts (India) Ltd,INE758C01029,AHLUCONT,5493.0524898570002,AHLUCONT,5490.6409000000003,-,,5491.8466949285003,Small Cap
746,Fedbank Financial Services Limited,INE007N01010,FEDFINA,5479.8603112390001,FEDFINA,5477.7295999999997,-,,5478.7949556194999,Small Cap
747,Symphony Limited,INE225D01027,SYMPHONY,5467.0217158670002,SYMPHONY,5467.6913000000004,-,,5467.3565079335003,Small Cap
748,PNC Infratech Limited,INE195J01029,PNCINFRA,5446.5937012470004,PNCINFRA,5446.1896999999999,-,,5446.3917006235006,Small Cap
749,Ion Exchange (India) Ltd,INE570A01022,IONEXCHANG,5446.1521531460003,IONEXCHANG,5445.9871999999996,-,,5446.0696765729999,Small Cap
750,CMR Green Technologies Limited,INE00WV01027,CMRGREEN,5437.8960462189998,CMRGREEN,5422.1241,-,,5430.0100731094999,Small Cap
751,Ceigall India Limited,INE0AG901020,CEIGALL,5397.577930296,CEIGALL,5399.5159999999996,-,,5398.5469651479998,Small Cap
752,BALU FORGE INDUSTRIES LIMITED,INE011E01029,BALUFORGE,5408.547730067,BALUFORGE,5368.5303999999996,-,,5388.5390650334994,Small Cap
753,Kennametal India Limtied,INE717A01029,KENNAMET,5383.3849044799999,-,,-,,5383.3849044799999,Small Cap
754,Keystone Realtors Limited,INE263M01029,RUSTOMJEE,5379.1245642290005,RUSTOMJEE,5380.9000999999998,-,,5380.0123321145002,Small Cap
755,Saatvik Green Energy Limited,INE13B501022,SAATVIKGL,5356.8245054550007,SAATVIKGL,5355.9188999999997,-,,5356.3717027274997,Small Cap
756,ICRA Limited,INE725G01011,ICRA,5345.575570125,ICRA,5346.6171000000004,-,,5346.0963350625007,Small Cap
757,Mastek Limited,INE759A01021,MASTEK,5332.1674145400002,MASTEK,5330.1710999999996,-,,5331.1692572699994,Small Cap
758,Senco Gold Limited,INE602W01027,SENCO,5328.4563040050007,SENCO,5328.5198,-,,5328.4880520024999,Small Cap
759,Network 18 Media & Investments Limited,INE870H01013,NETWORK18,5323.33101214,NETWORK18,5320.5039999999999,-,,5321.9175060699999,Small Cap
760,Shree Renuka Sugars Ltd.,INE087H01022,RENUKA,5310.5110339760004,RENUKA,5309.8370000000004,-,,5310.1740169880004,Small Cap
761,Technocraft Industries (India) Ltd.,INE545H01011,TIIL,5304.0195715250002,TIIL,5308.4767000000002,-,,5306.2481357625002,Small Cap
762,Mahindra Holidays & Resorts India Limited,INE998I01010,MHRIL,5295.4263991239995,MHRIL,5293.2145,-,,5294.3204495619993,Small Cap
763,PTC India Ltd,INE877F01012,PTC,5282.7248344070003,PTC,5281.8564999999999,-,,5282.2906672035006,Small Cap
764,Hindustan Construction Co. Ltd.,INE549A01026,HCC,5235.5089866190001,HCC,5233.0204999999996,-,,5234.2647433094999,Small Cap
765,AvenuesAI Limited,INE483S01020,CCAVENUE,5318.5000240270001,CCAVENUE,5140.4281000000001,-,,5229.4640620134996,Small Cap
766,Surya Roshni Ltd.,INE335A01020,SURYAROSNI,5225.9456800510006,SURYAROSNI,5226.4153999999999,-,,5226.1805400254998,Small Cap
767,Midwest Gold Ltd,INE519N01014,MIDWEST,5170.6040636389998,-,,-,,5170.6040636389998,Small Cap
768,Sunflag Iron & Steel Co. Ltd.,INE947A01014,SUNFLAG,5164.9016510880001,SUNFLAG,5165.7426999999998,-,,5165.3221755439999,Small Cap
769,Raymond Lifestyle Limited,INE02ID01020,RAYMONDLSL,5149.8413590709997,RAYMONDLSL,5149.8870999999999,-,,5149.8642295355003,Small Cap
770,Wakefit Innovations Limited,INE0E7301029,WAKEFIT,5159.2537190269995,WAKEFIT,5135.9447,-,,5147.5992095134998,Small Cap
771,Puravankara Limited,INE323I01011,PURVA,5107.1568253269998,PURVA,5105.6746000000003,-,,5106.4157126635,Small Cap
772,Sunteck Realty Ltd,INE805D01034,SUNTECK,5103.2548132279999,SUNTECK,5102.4775,-,,5102.8661566139999,Small Cap
773,Canara Robeco Asset Management Company Limited,INE218I01013,CRAMC,5083.6570923500003,CRAMC,5083.9811,-,,5083.8190961750006,Small Cap
774,Pilani Investment And Industries Corporation Limited,INE417C01014,PILANIINVS,5080.5568124060001,PILANIINVS,5081.0472,-,,5080.802006203,Small Cap
775,Thomas Cook (India) Ltd.,INE332A01027,THOMASCOOK,5051.5422901350003,THOMASCOOK,5048.6142,-,,5050.0782450674997,Small Cap
776,Entero Healthcare Solutions Limited,INE010601016,ENTERO,5044.7676856279995,ENTERO,5043.4578000000001,-,,5044.1127428139998,Small Cap
777,CMS Info Systems Limited,INE925R01014,CMSINFO,5039.6290093890002,CMSINFO,5039.5469999999996,-,,5039.5880046945003,Small Cap
778,Sun Pharma Advanced Research Company Ltd.,INE232I01014,SPARC,5035.3445680719997,SPARC,5036.4440999999997,-,,5035.8943340360001,Small Cap
779,Jamna Auto Industries Ltd.,INE039C01032,JAMNAAUTO,5036.7448572370004,JAMNAAUTO,5033.6485000000002,-,,5035.1966786185003,Small Cap
780,Gulf Oil Lubricants India Limited,INE635Q01029,GULFOILLUB,5021.6251353339994,GULFOILLUB,5016.1086999999998,-,,5018.8669176669991,Small Cap
781,Rain Industries Limited,INE855B01025,RAIN,5016.4136150419999,RAIN,5015.2587999999996,-,,5015.8362075209998,Small Cap
782,Lumax Industries Ltd.,INE162B01018,LUMAXIND,5013.1676392029995,LUMAXIND,5012.7852000000003,-,,5012.9764196015003,Small Cap
783,Gokaldas Exports Ltd,INE887G01027,GOKEX,5010.8028141289997,GOKEX,5009.1563999999998,-,,5009.9796070644998,Small Cap
784,SMARTWORKS COWORKING SPACES LIMITED,INE0NAZ01010,SMARTWORKS,5004.332148984,SMARTWORKS,5006.3433999999997,-,,5005.3377744919999,Small Cap
785,TVS Supply Chain Solutions Limited,INE395N01027,TVSSCS,4992.9777490679999,TVSSCS,4990.9997999999996,-,,4991.9887745340002,Small Cap
786,Subros Ltd.,INE287B01021,SUBROS,4979.5399329689999,SUBROS,4978.0883999999996,-,,4978.8141664844998,Small Cap
787,V-Mart Retail Limited,INE665J01013,VMART,4965.6392829239994,VMART,4964.6657999999998,-,,4965.1525414619991,Small Cap
788,Rallis India Ltd,INE613A01020,RALLIS,4942.7347484259999,RALLIS,4941.482,-,,4942.1083742129995,Small Cap
789,Just Dial Limited,INE599M01018,JUSTDIAL,4924.9266292109996,JUSTDIAL,4926.6495000000004,JUSTDIAL,4922.1474562896801,4924.5745285002267,Small Cap
790,Sharda Motor Industries Ltd,INE597I01028,SHARDAMOTR,4916.7834438559994,SHARDAMOTR,4917.0321999999996,-,,4916.907821928,Small Cap
791,SIS LIMITED,INE285J01028,SIS,4890.4347721940003,SIS,4889.0610999999999,-,,4889.7479360970001,Small Cap
792,Nirlon Limited,INE910A01012,NIRLON,4887.3453788919996,-,,-,,4887.3453788919996,Small Cap
793,Aurionpro Solutions Ltd.,INE132H01018,AURIONPRO,4862.2510795030003,AURIONPRO,4861.5744999999997,-,,4861.9127897515,Small Cap
794,CARE Ratings Limited,INE752H01013,CARERATING,4861.5353908160005,CARERATING,4861.6058000000003,-,,4861.5705954080004,Small Cap
795,RattanIndia Power Limited,INE399K01017,RTNPOWER,4825.8456310889997,RTNPOWER,4822.5340999999999,-,,4824.1898655445002,Small Cap
796,Skipper Limited,INE439E01022,SKIPPER,4815.2956928249996,SKIPPER,4817.2093999999997,-,,4816.2525464124992,Small Cap
797,Midwest Limited,INE0XAD01024,MIDWESTLTD,4805.4861732730005,MIDWESTLTD,4804.9075999999995,-,,4805.1968866365005,Small Cap
798,Dhanuka Agritech Ltd.,INE435G01025,DHANUKA,4804.4214762309994,DHANUKA,4803.8486000000003,-,,4804.1350381154998,Small Cap
799,Unimech Aerospace and Manufacturing Limited,INE0U3I01011,UNIMECH,4777.4680415419998,UNIMECH,4775.2070000000003,-,,4776.3375207709996,Small Cap
800,V.I.P. Industries Ltd.,INE054A01027,VIPIND,4775.3199661660001,VIPIND,4774.5973999999997,-,,4774.9586830829994,Small Cap
801,Juniper Hotels Limited,INE696F01016,JUNIPER,4774.715741987,JUNIPER,4774.5061999999998,-,,4774.6109709934999,Small Cap
802,IFB Industries Limited,INE559A01017,IFBIND,4763.2208294430002,IFBIND,4762.1031999999996,-,,4762.6620147214999,Small Cap
803,Electrosteel Castings Ltd.,INE086A01029,ELECTCAST,4719.0099546250003,ELECTCAST,4717.7736000000004,-,,4718.3917773125004,Small Cap
804,Omnitech Engineering Limited,INE0UH301010,OMNI,4693.5671233570001,OMNI,4692.0028000000002,-,,4692.7849616785006,Small Cap
805,RATTANINDIA ENTERPRISES LIMITED,INE834M01019,RTNINDIA,4681.136605701,RTNINDIA,4681.9660000000003,-,,4681.5513028505002,Small Cap
806,Suven Life Sciences Ltd.,INE495B01038,SUVEN,4708.6781536940007,SUVEN,4638.4476000000004,-,,4673.5628768470006,Small Cap
807,Epigral Limited,INE071N01016,EPIGRAL,4655.2110157839998,EPIGRAL,4655.6837999999998,-,,4655.4474078919993,Small Cap
808,India Tourism Development Corporati,INE353K01014,ITDC,4651.9357011250004,ITDC,4649.9736999999996,-,,4650.9547005625,Small Cap
809,Shilchar Technologies Ltd.,INE024F01011,SHILCTECH,4622.6230236749998,SHILCTECH,4621.3041000000003,-,,4621.9635618374996,Small Cap
810,STERLING AND WILSON RENEWABLE ENERGY LIMITED,INE00M201021,SWSOLAR,4619.8607118769996,SWSOLAR,4618.4537,-,,4619.1572059384998,Small Cap
811,Responsive Industries Ltd,INE688D01026,RESPONIND,4567.2376411959995,RESPONIND,4565.3269,-,,4566.2822705979997,Small Cap
812,Indigo Paints Limited,INE09VQ01012,INDIGOPNTS,4551.8219105349999,INDIGOPNTS,4552.7912999999999,-,,4552.3066052675003,Small Cap
813,Sital Leasing And Finance Limited,INE341O01029,-,-,-,-,SITAL,4543.0631324999995,4543.0631324999995,Small Cap
814,V.S.T.Tillers Tractors Ltd.,INE764D01017,VSTTILLERS,4525.3687866600003,VSTTILLERS,4520.8406999999997,-,,4523.10474333,Small Cap
815,Bannari Amman Sugars Ltd.,INE459A01010,BANARISUG,4523.6967750000003,BANARISUG,4517.5460999999996,-,,4520.6214375,Small Cap
816,Kaveri Seed Company Ltd,INE455I01029,KSCL,4516.3975862819998,KSCL,4516.6655000000001,-,,4516.5315431409999,Small Cap
817,VRL Logistics Limited,INE366I01010,VRLLOG,4486.9807236339993,VRLLOG,4531.6252000000004,-,,4509.3029618170003,Small Cap
818,Swaraj Engines Ltd.,INE277A01016,SWARAJENG,4494.0910805980002,SWARAJENG,4493.4926999999998,-,,4493.7918902990004,Small Cap
819,Bansal Wire Industries Limited,INE0B9K01025,BANSALWIRE,4486.1629898769997,BANSALWIRE,4484.6705000000002,-,,4485.4167449385004,Small Cap
820,GHCL Ltd.,INE539A01019,GHCL,4507.3324354400002,GHCL,4456.5069000000003,-,,4481.9196677199998,Small Cap
821,Balaji Amines Ltd.,INE050E01027,BALAMINES,4433.9526461670002,BALAMINES,4434.2294000000002,-,,4434.0910230834997,Small Cap
822,Texmaco Rail & Engineering Limited,INE621L01012,TEXRAIL,4433.3862466459996,TEXRAIL,4432.4504999999999,-,,4432.9183733230002,Small Cap
823,Knowledge Marine & Engineering Works Limited,INE0CJD01029,KMEW,4418.6025164580005,KMEW,4419.0730999999996,-,,4418.8378082290001,Small Cap
824,MAN INFRACONSTRUCTION LIMITED,INE949H01023, MANINFRA,4409.9556504989996,MANINFRA,4408.3679000000002,-,,4409.1617752495004,Small Cap
825,Datamatics Global Services Limited,INE365B01017,DATAMATICS,4401.9901878010005,DATAMATICS,4401.1233000000002,-,,4401.5567439005008,Small Cap
826,PDS LIMITED,INE111Q01021,PDSL,4383.0719549099995,PDSL,4384.5708000000004,-,,4383.8213774550004,Small Cap
827,JANA SMALL FINANCE BANK LIMITED,INE953L01027,JSFB,4364.7299269739997,JSFB,4364.3355000000001,-,,4364.5327134870004,Small Cap
828,INNOVA CAPTAB LIMITED,INE0DUT01020,INNOVACAP,4361.6721665199993,INNOVACAP,4362.9120000000003,-,,4362.2920832599993,Small Cap
829,Oswal Pumps Limited,INE0BYP01024,OSWALPUMPS,4351.5942680460003,OSWALPUMPS,4351.7148999999999,-,,4351.6545840230001,Small Cap
830,Capillary Technologies India Limited,INE0ILV01024,CAPILLARY,4343.5223322110005,CAPILLARY,4340.8397999999997,-,,4342.1810661055006,Small Cap
831,GNG Electronics Limited,INE18JU01028,EBGNG,4336.6798245279997,EBGNG,4336.1477999999997,-,,4336.4138122639997,Small Cap
832,Bajaj Electricals Ltd.,INE193E01025,BAJAJELEC,4325.0565328839994,BAJAJELEC,4322.9540999999999,-,,4324.0053164419996,Small Cap
833,Madhya Bharat Agro Products Ltd.,INE900L01010,-,-,MBAPL,4309.0146000000004,-,,4309.0146000000004,Small Cap
834,OnEMI Technology Solutions Limited,INE12F801023,KISSHT,4307.4088599480001,KISSHT,4305.7520999999997,-,,4306.5804799739999,Small Cap
835,ASM Technologies Ltd.,INE867C01010,ASMTEC,4286.4061265029995,-,,-,,4286.4061265029995,Small Cap
836,NIIT Learning Systems Limited,INE342G01023,NIITMTS,4265.5081522379996,NIITMTS,4263.5649000000003,-,,4264.536526119,Small Cap
837,TANFAC Industries Ltd.,INE639B01023,TANFACIND,4258.4020944589993,-,,-,,4258.4020944589993,Small Cap
838,Zota Health Care Ltd.,INE358U01012,-,-,ZOTA,4253.2561999999998,-,,4253.2561999999998,Small Cap
839,Gujarat Alkalis & Chemicals Ltd.,INE186A01019,GUJALKALI,4249.8898793919998,GUJALKALI,4248.1983,-,,4249.0440896959999,Small Cap
840,Northern Arc Capital Ltd.,INE850M01015,NORTHARC,4216.4203527290001,NORTHARC,4216.7923000000001,-,,4216.6063263645001,Small Cap
841,SENORES PHARMACEUTICALS LIMITED,INE0RB801010,SENORES,4186.7969276630001,SENORES,4187.3783999999996,-,,4187.0876638315003,Small Cap
842,Goldiam International Ltd.,INE025B01025,GOLDIAM,4183.5308416369999,GOLDIAM,4183.0886,-,,4183.3097208185,Small Cap
843,Centum Electronics Ltd,INE320B01020,CENTUM,4161.0612246800001,CENTUM,4159.5352000000003,-,,4160.2982123399997,Small Cap
844,Seshaasai Technologies Limited,INE04VU01023,STYL,4159.926657819,STYL,4160.3702999999996,-,,4160.1484789094993,Small Cap
845,Stylam Industries Limited,INE239C01020,STYLAMIND,4140.4852057629996,STYLAMIND,4141.4251000000004,-,,4140.9551528815,Small Cap
846,TARC LIMITED,INE0EK901012,TARC,4136.0456399989998,TARC,4134.1472000000003,-,,4135.0964199994996,Small Cap
847,VST Industries Ltd.,INE710A01016,VSTIND,4120.3211878399998,VSTIND,4119.6134000000002,-,,4119.96729392,Small Cap
848,GMM Pfaudler Ltd.,INE541A01023,GMMPFAUDLR,4059.0978405120004,GMMPFAUDLR,4059.4931000000001,-,,4059.295470256,Small Cap
849,Avantel Limited,INE005B01027,AVANTEL,4053.4998607779999,AVANTEL,4049.7033999999999,-,,4051.6016303890001,Small Cap
850,WPIL Ltd,INE765D01022,WPIL,4027.8705389000002,-,,-,,4027.8705389000002,Small Cap
851,Turtlemint Fintech Solutions Limited,INE0OC301013,TURTLEMINT,4001.9683325400001,TURTLEMINT,4004.4713999999999,-,,4003.2198662700002,Small Cap
852,AGI Infra Limited,INE976R01033,AGIIL,4005.692764592,AGIIL,3997.5675000000001,-,,4001.6301322959998,Small Cap
853,Electronics Mart India Limited,INE02YR01019,EMIL,3997.934004661,EMIL,3997.7064,-,,3997.8202023305003,Small Cap
854,Hawkins Cooker Ltd.,INE979B01015,HAWKINCOOK,3980.9824179690004,-,,-,,3980.9824179690004,Small Cap
855,Goodluck India Limited,INE127I01024,GOODLUCK,3972.111235592,GOODLUCK,3972.1194999999998,-,,3972.1153677960001,Small Cap
856,Neogen Chemicals Limited,INE136S01016,NEOGEN,3983.7142154129997,NEOGEN,3952.8047999999999,-,,3968.2595077064998,Small Cap
857,Laxmi Organic Industries Limited,INE576O01020,LXCHEM,3953.6001910089994,LXCHEM,3951.9845,-,,3952.7923455044997,Small Cap
858,Dhenu Buildcon Infra Limited,INE758D01027,DHENUBUILD,3948.3630452080001,-,,-,,3948.3630452080001,Small Cap
859,D.B.Corp Limited,INE950I01011,DBCORP,3916.0462615720003,DBCORP,3916.6743999999999,-,,3916.3603307860003,Small Cap
860,J. Kumar Infraprojects Limited,INE576I01022,JKIL,3906.9285004510002,JKIL,3908.0540000000001,-,,3907.4912502255002,Small Cap
861,Artemis Medicare Services Limited,INE025R01021,ARTEMISMED,3906.9124341070001,ARTEMISMED,3905.3885,-,,3906.1504670535001,Small Cap
862,Reliance Infrastructure Ltd,INE036A01016,RELINFRA,3906.4767567809999,RELINFRA,3897.6129000000001,-,,3902.0448283904998,Small Cap
863,AGI GREENPAC LIMITED,INE415A01038,AGI,3901.3679904410005,AGI,3900.9097000000002,-,,3901.1388452205001,Small Cap
864,CRIZAC LIMITED,INE0S4R01014,CRIZAC,3900.4619981249998,CRIZAC,3900.1689000000001,-,,3900.3154490625002,Small Cap
865,Chemplast Sanmar Limited,INE488A01050,CHEMPLASTS,3885.9117033889997,CHEMPLASTS,3883.3978000000002,-,,3884.6547516945002,Small Cap
866,Hemisphere Properties India Limited,INE0AJG01018,HEMIPROP,3877.8881249999999,HEMIPROP,3878.3108999999999,-,,3878.0995124999999,Small Cap
867,Greaves Cotton Ltd.,INE224A01026,GREAVESCOT,3875.7452205,GREAVESCOT,3875.0938000000001,-,,3875.4195102499998,Small Cap
868,H.G. Infra Engineering Limited,INE926X01010,HGINFRA,3867.0717907220001,HGINFRA,3866.1703000000002,-,,3866.6210453610001,Small Cap
869,Pondy Oxides & Chemicals Limited,INE063E01053,POCL,3851.564607196,POCL,3852.4838,-,,3852.024203598,Small Cap
870,eMudhra Limited,INE01QM01018,EMUDHRA,3726.5764366959997,EMUDHRA,3953.6966000000002,-,,3840.1365183480002,Small Cap
871,The Anup Engineering Ltd,INE294Z01018,ANUP,3825.9273762029998,ANUP,3827.8813,-,,3826.9043381014999,Small Cap
872,PAISALO DIGITAL LIMITED,INE420C01059,PAISALO,3823.0387690779999,PAISALO,3824.0468000000001,-,,3823.542784539,Small Cap
873,Pace Digitek Limited,INE0S3G01027,PACEDIGITK,3822.9968153290001,PACEDIGITK,3823.0472,-,,3823.0220076645001,Small Cap
874,Restaurant Brands Asia Limited,INE07T201019,RBA,3821.9286740940001,RBA,3821.6702,-,,3821.7994370470001,Small Cap
875,SIGMA ADVANCED SYSTEMS LIMITED,INE933B01012,SIGMAADV,3935.106985589,SIGMAADV,3707.6282000000001,-,,3821.3675927945001,Small Cap
876,Aeroflex Industries Limited,INE024001021,AEROFLEX,3805.5066379250002,AEROFLEX,3804.1543000000001,-,,3804.8304689625002,Small Cap
877,Rajesh Exports Ltd.,INE343B01030,RAJESHEXPO,3778.4195508260004,RAJESHEXPO,3775.3955999999998,-,,3776.9075754129999,Small Cap
878,National Fertilizers Ltd.,INE870D01012,NFL,3771.5871799669999,NFL,3771.2764999999999,-,,3771.4318399835001,Small Cap
879,Ashoka Buildcon Limited,INE442H01029,ASHOKA,3770.9783675620001,ASHOKA,3769.7501999999999,-,,3770.3642837810003,Small Cap
880,MOSCHIP TECHNOLOGIES LIMITED,INE935B01025,MOSCHIP,3773.8771867589994,MOSCHIP,3763.9794000000002,-,,3768.9282933794998,Small Cap
881,Orient Electric Limited,INE142Z01019,ORIENTELEC,3766.5215443099996,ORIENTELEC,3764.8892999999998,-,,3765.7054221549997,Small Cap
882,CIAN Agro Industries & Infrastructure Limited,INE052V01019,CIANAGRO,3756.118734872,-,,-,,3756.118734872,Small Cap
883,RAGHAV PRODUCTIVITY ENHANCERS LIMITED,INE912T01018,RPEL,3748.6133500309998,RPEL,3749.6091999999999,-,,3749.1112750154998,Small Cap
884,JTEKT India Limited,INE643A01035,JTEKTINDIA,3738.9520407769996,JTEKTINDIA,3739.5088999999998,-,,3739.2304703884997,Small Cap
885,Vaibhav Global Ltd,INE884A01027,VAIBHAVGBL,3737.1397673690003,VAIBHAVGBL,3735.6612,-,,3736.4004836845002,Small Cap
886,Gujarat Themis Biosyn Ltd.,INE942C01045,GUJTHEM,3733.236243068,GUJTHEM,3733.2199000000001,-,,3733.2280715340003,Small Cap
887,Shoppers Stop Ltd,INE498B01024,SHOPERSTOP,3724.4551756370001,SHOPERSTOP,3725.3935999999999,-,,3724.9243878184998,Small Cap
888,KNR Constructions Limited,INE634I01029,KNRCON,3720.7337579999999,KNRCON,3720.0846000000001,-,,3720.4091790000002,Small Cap
889,GE Power India Limited,INE878A01011,GVPIL,3703.1412056959998,GVPIL,3703.3849,-,,3703.2630528479999,Small Cap
890,TRUALT BIOENERGY LIMITED,INE0MWH01014,TRUALT,3695.1506066830002,TRUALT,3694.8076000000001,-,,3694.9791033415004,Small Cap
891,TechNVision Ventures Limited,INE314H01012,TECHNVISN,3694.1748593749999,-,,-,,3694.1748593749999,Small Cap
892,BOSCH HOME COMFORT INDIA LIMITED,INE782A01015,BOSCH-HCIL,3690.7240499959998,BOSCH-HCIL,3693.3105999999998,-,,3692.0173249979998,Small Cap
893,Vishnu Chemicals Limited,INE270I01022,VISHNU,3691.1775020699997,VISHNU,3692.5715,-,,3691.8745010349999,Small Cap
894,Websol Energy System Limited,INE855C01023,WEBELSOLAR,3673.5277669470001,WEBELSOLAR,3644.7303999999999,-,,3659.1290834735,Small Cap
895,Foseco India Ltd,INE519A01011,FOSECOIND,3657.7203040769996,FOSECOIND,3658.7242999999999,-,,3658.2223020384999,Small Cap
896,NACL Industries Limited,INE295D01020,NACLIND,3657.9618274999998,NACLIND,3656.9295999999999,-,,3657.4457137499999,Small Cap
897,Rolex Rings Limited,INE645S01024,ROLEXRINGS,3646.9149348400001,ROLEXRINGS,3647.4119000000001,-,,3647.1634174199999,Small Cap
898,Styrenix Performance Materials Limited,INE189B01011,STYRENIX,3645.9265139059999,STYRENIX,3647.6279,-,,3646.7772069530001,Small Cap
899,Indraprastha Medical Corporation Lt,INE681B01017,INDRAMEDCO,3645.6098472080002,INDRAMEDCO,3645.0407,-,,3645.3252736040004,Small Cap
900,Mahindra Logistics Limited,INE766P01016,MAHLOG,3643.3122072629999,MAHLOG,3642.6149999999998,-,,3642.9636036314996,Small Cap
901,Gopal Snacks Limited,INE0L9R01028,GOPAL,3642.099818146,GOPAL,3640.15,-,,3641.1249090729998,Small Cap
902,Cigniti Technologies Ltd,INE675C01017,CIGNITITEC,3636.5566984669999,-,,-,,3636.5566984669999,Small Cap
903,Optiemus Infracom Limited,INE350C01017,OPTIEMUS,3631.6493139710001,OPTIEMUS,3626.9413,-,,3629.2953069855002,Small Cap
904,KSH INTERNATIONAL LIMITED,INE987S01020,KSHINTL,3621.090460333,KSHINTL,3622.1716999999999,-,,3621.6310801664999,Small Cap
905,Sindhu Trade Links Limited,INE325D01025,SINDHUTRAD,3615.1034223360002,SINDHUTRAD,3615.5018,-,,3615.3026111680001,Small Cap
906,Samhi Hotels Limited,INE08U801020,SAMHI,3616.6940018929999,SAMHI,3609.7422000000001,-,,3613.2181009465003,Small Cap
907,Bondada Engineering Limited,INE0Q8P01029,BONDADA,3610.0719190879995,-,,-,,3610.0719190879995,Small Cap
908,ELLENBARRIE INDUSTRIAL GASES LIMITED,INE236E01022,ELLEN,3610.5762855500002,ELLEN,3608.2660999999998,-,,3609.4211927750002,Small Cap
909,HeidelbergCement  India Limited,INE578A01017,HEIDELBERG,3607.7374599989998,HEIDELBERG,3607.8791000000001,-,,3607.8082799995,Small Cap
910,Indiabulls Limited,INE126M01010,IBULLSLTD,3581.1590286860001,IBULLSLTD,3581.4854999999998,-,,3581.3222643429999,Small Cap
911,INDIQUBE SPACES LIMITED,INE06ST01018,INDIQUBE,3579.7669109570002,INDIQUBE,3564.8207000000002,-,,3572.2938054785,Small Cap
912,Advanced Enzyme Technologies Limited,INE837H01020,ADVENZYMES,3556.5848827580003,ADVENZYMES,3555.6239,-,,3556.1043913789999,Small Cap
913,Seamec Ltd,INE497B01018,SEAMECLTD,3553.0748906250001,SEAMECLTD,3554.0124000000001,-,,3553.5436453125003,Small Cap
914,Sanathan Textiles Limited,INE0JPD01013,SANATHAN,3547.5201839489996,SANATHAN,3557.4938999999999,-,,3552.5070419744998,Small Cap
915,R Systems International Limited,INE411H01032,RSYSTEMS,3536.2739978559998,RSYSTEMS,3534.1095999999998,-,,3535.191798928,Small Cap
916,Krishana Phoschem Ltd.,INE506W01012,-,-,KRISHANA,3513.7754,-,,3513.7754,Small Cap
917,Ujaas Energy Limited,INE899L01030,UEL,2010.010470141,UEL,4981.8590999999997,-,,3495.9347850704999,Small Cap
918,Harsha Engineers International Limited,INE0JUS01029,HARSHA,3492.0952783889998,HARSHA,3491.3782999999999,-,,3491.7367891944996,Small Cap
919,Orchid Pharma Limited,INE191A01027,ORCHPHARMA,3489.5209165129995,ORCHPHARMA,3489.9605000000001,-,,3489.7407082564996,Small Cap
920,SMS Pharmaceuticals Ltd,INE812G01025,SMSPHARMA,3487.0045655089998,SMSPHARMA,3488.0699,-,,3487.5372327545001,Small Cap
921,Vadilal Industries Ltd.,INE694D01016,VADILALIND,3484.2901102480005,VADILALIND,3482.0448000000001,-,,3483.1674551240003,Small Cap
922,Refex Industries Limited,INE056I01025,REFEX,3472.9861648449996,REFEX,3473.154,-,,3473.0700824224996,Small Cap
923,RPG Life Sciences Limited,INE105J01010,RPGLIFE,3465.8829053699997,RPGLIFE,3468.0922,-,,3466.9875526850001,Small Cap
924,LUX Industries Limited,INE150G01020,LUXIND,3461.0249454929999,LUXIND,3460.4185000000002,-,,3460.7217227464998,Small Cap
925,Shanthi Gears Ltd.,INE631A01022,SHANTIGEAR,3453.6454142559996,SHANTIGEAR,3454.6395000000002,-,,3454.1424571279999,Small Cap
926,IndoStar Capital Finance Limited,INE896L01010,INDOSTAR,3485.6980450879996,INDOSTAR,3406.3220999999999,-,,3446.0100725439997,Small Cap
927,ANAND RATHI SHARE AND STOCK BROKERS LIMITED,INE549H01021,ARSSBL,3444.7791789150001,ARSSBL,3440.2112999999999,-,,3442.4952394575002,Small Cap
928,Timex Group India Ltd,INE064A01026,TIMEX,3420.9178874999998,-,,-,,3420.9178874999998,Small Cap
929,COLAB PLATFORMS LIMITED,INE317W01030,COLAB,3402.5925000000002,-,,-,,3402.5925000000002,Small Cap
930,Aarti Drugs Limited,INE767A01016,AARTIDRUGS,3390.7717699999998,AARTIDRUGS,3391.3346000000001,-,,3391.0531849999998,Small Cap
931,Man Industries (India) Ltd,INE993A01026,MANINDS,3387.6885090609999,MANINDS,3387.4915999999998,-,,3387.5900545304999,Small Cap
932,KESAR INDIA LIMITED,INE0L1C01019,KESAR,3381.2532429330004,-,,-,,3381.2532429330004,Small Cap
933,Route Mobile Limited,INE450U01017,ROUTE,3374.5030909289999,ROUTE,3373.9875000000002,-,,3374.2452954645,Small Cap
934,Kitex Garmenets Ltd.,INE602G01020,KITEX,3347.5518124999999,KITEX,3347.1794,-,,3347.3656062499999,Small Cap
935,MSTC Limited,INE255X01014,MSTCLTD,3336.9541333330003,MSTCLTD,3335.9128000000001,-,,3336.4334666665,Small Cap
936,Indo Thai Securities Limited,INE337M01021,INDOTHAI,3329.0025565430001,INDOTHAI,3299.5972999999999,-,,3314.2999282715,Small Cap
937,ZAGGLE PREPAID OCEAN SERVICES LIMITED,INE07K301024,ZAGGLE,3311.0716252950001,ZAGGLE,3310.4495999999999,-,,3310.7606126475002,Small Cap
938,Ashiana Housing Limited,INE365D01021,ASHIANA,3307.3976399069998,ASHIANA,3307.1044000000002,-,,3307.2510199535,Small Cap
939,Sandhar Technologies Limited,INE278H01035,SANDHAR,3304.9238074560003,SANDHAR,3304.8836999999999,-,,3304.9037537280001,Small Cap
940,Ram Ratna Wires Ltd.,INE207E01023,RAMRAT,3300.9009768129999,RAMRAT,3301.5194000000001,-,,3301.2101884065,Small Cap
941,Kalyani Steels Ltd,INE907A01026,KSL,3283.2794206580002,KSL,3284.8326999999999,-,,3284.056060329,Small Cap
942,PITTI ENGINEERING LIMITED,INE450D01021,PITTIENG,3281.7188578340001,PITTIENG,3282.6538999999998,-,,3282.1863789170002,Small Cap
943,Steel Strips & Wheels Ltd,INE802C01033,SSWL,3277.290451463,SSWL,3278.8045999999999,-,,3278.0475257315002,Small Cap
944,Kirloskar Industries Ltd,INE250A01039,KIRLOSIND,3276.8817427080003,KIRLOSIND,3277.9996000000001,-,,3277.4406713540002,Small Cap
945,Tourism Finance Corpn. Of India Ltd,INE305A01023,TFCILTD,3270.4287837799998,TFCILTD,3269.9349000000002,-,,3270.1818418900002,Small Cap
946,Raymond Realty Limited,INE1SY401010,RAYMONDREL,3262.3791139240002,RAYMONDREL,3261.8521000000001,-,,3262.1156069620001,Small Cap
947,Ramky Infrastructure Limited,INE874I01013,RAMKY,3257.119839681,RAMKY,3256.8805000000002,-,,3257.0001698405003,Small Cap
948,Heritage Foods Limited,INE978A01027,HERITGFOOD,3248.4322419999999,HERITGFOOD,3247.9373000000001,-,,3248.1847710000002,Small Cap
949,Flair Writing Industries Limited,INE00Y201027,FLAIR,3227.9354590580001,FLAIR,3226.9648999999999,-,,3227.4501795289998,Small Cap
950,Aye Finance Limited,INE501X01029,AYE,3223.9009196029997,AYE,3223.7372999999998,-,,3223.8191098014995,Small Cap
951,Interarch Building Solutions Limited,INE00M901018,INTERARCH,3217.4752416779997,INTERARCH,3217.3654999999999,-,,3217.4203708389996,Small Cap
952,ENVIRO INFRA ENGINEERS LIMITED,INE0LLY01014,EIEL,3213.25218,EIEL,3211.5495000000001,-,,3212.4008400000002,Small Cap
953,Wonderla Holidays Limited,INE066O01014,WONDERLA,3198.824807167,WONDERLA,3199.23,-,,3199.0274035835,Small Cap
954,Kolte-Patil Developers Ltd,INE094I01018,KOLTEPATIL,3199.1048310189999,KOLTEPATIL,3198.654,-,,3198.8794155095002,Small Cap
955,Navneet Education Limited,INE060A01024,NAVNETEDUL,3162.5926765979998,NAVNETEDUL,3162.8508000000002,-,,3162.7217382990002,Small Cap
956,Fineotex Chemical Limited,INE045J01034,FCL,3159.0992460450002,FCL,3151.4263000000001,-,,3155.2627730225004,Small Cap
957,Uflex Limited,INE516A01017,UFLEX,3150.1328035810002,UFLEX,3150.3103000000001,-,,3150.2215517905001,Small Cap
958,Grauer & Weil (India) Ltd.,INE266D01021,GRAUWEIL,3132.0343969790001,-,,-,,3132.0343969790001,Small Cap
959,Gufic BioSciences Ltd.,INE742B01025,GUFICBIO,3115.4264726490001,GUFICBIO,3116.9182000000001,-,,3116.1723363245001,Small Cap
960,Shivalik Bimetal Controls Ltd.,INE386D01027,SBCL,3091.71822135,SBCL,3092.4454999999998,-,,3092.0818606749999,Small Cap
961,PSP Projects Limited,INE488V01015,PSPPROJECT,3088.8487129290002,PSPPROJECT,3087.8841000000002,-,,3088.3664064645,Small Cap
962,Quess Corp Limited,INE615P01015,QUESS,3088.872044107,QUESS,3087.7247000000002,-,,3088.2983720535003,Small Cap
963,Marathon Nextgen Realty Ltd,INE182D01020,MARATHON,3085.8552455569998,MARATHON,3089.7037999999998,-,,3087.7795227785,Small Cap
964,Bajaj Hindusthan Sugar Limited,INE306A01021,BAJAJHIND,3169.4708625140001,BAJAJHIND,2973.8895000000002,-,,3071.6801812570002,Small Cap
965,Rossell Techsys Limited,INE0OJW01016,ROSSTECH,3067.8757852220001,ROSSTECH,3066.7669000000001,-,,3067.3213426110001,Small Cap
966,Muthoot Microfin Limited,INE046W01019,MUTHOOTMF,3060.86734725,MUTHOOTMF,3061.8249000000001,-,,3061.346123625,Small Cap
967,Share India Securities Limited,INE932X01026,SHAREINDIA,3066.1195022470001,SHAREINDIA,3046.799,-,,3056.4592511235001,Small Cap
968,SAMBHV STEEL TUBES LIMITED,INE12NJ01018,SAMBHV,3031.8816997669996,SAMBHV,3031.6925999999999,-,,3031.7871498834998,Small Cap
969,KDDL Ltd,INE291D01011,KDDL,3030.8895341900002,KDDL,3031.6034,-,,3031.2464670950003,Small Cap
970,Balmer Lawrie & Co. Ltd.,INE164A01016,BALMLAWRIE,3026.974703847,BALMLAWRIE,3026.3235,-,,3026.6491019235,Small Cap
971,ORIENT CEMENT LIMITED,INE876N01018,ORIENTCEM,3014.918176402,ORIENTCEM,3015.6680999999999,-,,3015.2931382010001,Small Cap
972,CARRARO INDIA LIMITED,INE0V7W01012,CARRARO,3008.53127705,CARRARO,3008.5763000000002,-,,3008.5537885250001,Small Cap
973,Greenply Industries Ltd,INE461C01038,GREENPLY,3001.2541416189997,GREENPLY,2999.5450999999998,-,,3000.3996208094995,Small Cap
974,TVS Srichakra Ltd.,INE421C01016,TVSSRICHAK,2990.8702106310002,TVSSRICHAK,2989.951,-,,2990.4106053155001,Small Cap
975,Cyient DLM Limited,INE055S01018,CYIENTDLM,2986.4557666810001,CYIENTDLM,2985.5628999999999,-,,2986.0093333405002,Small Cap
976,West Coast Paper Mills Limited,INE976A01021,WSTCSTPAPR,2983.9052769049999,WSTCSTPAPR,2984.8024,-,,2984.3538384525,Small Cap
977,Bharat Bijlee Ltd.,INE464A01036,BBL,2981.7630559999998,BBL,2981.6217999999999,-,,2981.6924279999998,Small Cap
978,Hubtown Limited,INE703H01016,HUBTOWN,2974.871333434,HUBTOWN,2974.8252000000002,-,,2974.8482667170001,Small Cap
979,Dishman Carbogen Amcis Limited,INE385W01011,DCAL,2969.916038069,DCAL,2967.9052999999999,-,,2968.9106690344997,Small Cap
980,Bhagiradha Chemicals and Industries,INE414D01027,BHAGCHEM,2956.2551175019998,BHAGCHEM,2958.9901,-,,2957.6226087509999,Small Cap
981,EFC (I) LIMITED,INE886D01026,EFCIL,3010.0332792069999,EFCIL,2892.9929999999999,-,,2951.5131396034999,Small Cap
982,Raymond Limited,INE301A01014,RAYMOND,2949.7932556349997,RAYMOND,2950.2037999999998,-,,2949.9985278175,Small Cap
983,Nalwa Sons Investment Ltd,INE023A01030,NSIL,2949.4991705769999,NSIL,2950.2055999999998,-,,2949.8523852885,Small Cap
984,Rashi Peripherals Limited,INE0J1F01024,RPTECH,2947.5162830099998,RPTECH,2946.7474999999999,-,,2947.1318915049997,Small Cap
985,63 Moons Technologies Limited,INE111B01023,63MOONS,2937.9675191199999,63MOONS,2937.8696,-,,2937.9185595600002,Small Cap
986,NRB Bearings Ltd.,INE349A01021,NRBBEARING,2930.1882738499999,NRBBEARING,2930.4782,-,,2930.3332369250002,Small Cap
987,MPS Limited,INE943D01017,MPSLTD,2930.496410144,MPSLTD,2929.9027000000001,-,,2930.1995550720003,Small Cap
988,SUNDARAM-CLAYTON LIMITED,INE0Q3R01026,SUNCLAY,2928.7499485930002,SUNCLAY,2931.0684999999999,-,,2929.9092242964998,Small Cap
989,Shanti Educational Initiatives Limited,INE440T01028,SEIL,2914.8982916669997,-,,-,,2914.8982916669997,Small Cap
990,Borosil Limited,INE02PY01013,BOROLTD,2911.7689547560003,BOROLTD,2911.4194000000002,-,,2911.5941773780005,Small Cap
991,Premier Explosives Ltd.,INE863B01029,PREMEXPLN,2910.129326147,PREMEXPLN,2910.3040999999998,-,,2910.2167130734997,Small Cap
992,Maithan Alloys Limited,INE683C01011,MAITHANALL,2905.0937326939998,MAITHANALL,2905.4164000000001,-,,2905.2550663470001,Small Cap
993,Universal Cables Ltd.,INE279A01012,UNIVCABLES,3021.2434190220001,UNIVCABLES,2785.9567999999999,-,,2903.600109511,Small Cap
994,Kewal Kiran Clothing Ltd.,INE401H01017,KKCL,2897.0410303069998,KKCL,2897.5392000000002,-,,2897.2901151534998,Small Cap
995,Marine Electricals (India) Ltd.,INE01JE01028,-,-,MARINE,2893.4389999999999,-,,2893.4389999999999,Small Cap
996,Gateway Distriparks Limited,INE079J01017,GATEWAY,2871.3531967250001,GATEWAY,2871.5364,-,,2871.4447983625,Small Cap
997,Hind Rectifiers Ltd.,INE835D01023,HIRECT,2866.5475271560003,HIRECT,2866.527,-,,2866.5372635780004,Small Cap
998,JOHN COCKERILL INDIA LIMITED,INE515A01019,COCKERILL,2861.6673469970001,-,-,-,,2861.6673469970001,Small Cap
999,Tatva Chintan Pharma Chem Limited,INE0GK401011,TATVA,2848.6308511070001,TATVA,2849.5830999999998,-,,2849.1069755535,Small Cap
1000,Bliss GVS Pharma Limited,INE416D01022,BLISSGVS,2840.530871424,BLISSGVS,2840.1531,-,,2840.3419857119998,Small Cap
1001,Parag Milk Foods Limited,INE883N01014,PARAGMILK,2839.0304032439999,PARAGMILK,2837.8166000000001,-,,2838.423501622,Small Cap
1002,GRM Overseas Ltd.,INE192H01020,GRMOVER,2859.2712727500002,GRMOVER,2810.9065000000001,-,,2835.0888863750001,Small Cap
1003,Jubilant Agri and Consumer Products Limited,INE03CC01015,JUBLCPL,2832.1796730580004,JUBLCPL,2831.4294,-,,2831.804536529,Small Cap
1004,Prince Pipes and Fittings Limited,INE689W01016,PRINCEPIPE,2820.7171682570001,PRINCEPIPE,2819.2624000000001,-,,2819.9897841285001,Small Cap
1005,Jindal Poly Films Ltd.,INE197D01010,JINDALPOLY,2811.503685524,JINDALPOLY,2812.0091000000002,-,,2811.7563927620004,Small Cap
1006,Dredging Corporation of India Ltd.,INE506A01018,DREDGECORP,2794.5796666669999,DREDGECORP,2793.8773000000001,-,,2794.2284833334998,Small Cap
1007,Medi Assist Healthcare Services Limited,INE456Z01021,MEDIASSIST,2795.2997066119997,MEDIASSIST,2792.4511000000002,-,,2793.875403306,Small Cap
1008,CITY PULSE MULTIVENTURES LIMITED,INE056001014,CPML,2793.6065151880002,-,,-,,2793.6065151880002,Small Cap
1009,ROSSARI BIOTECH LIMITED,INE02A801020,ROSSARI,2793.1296303720001,ROSSARI,2791.9193,-,,2792.5244651860003,Small Cap
1010,National Standard (India) Limited,INE166R01015, NATIONSTD,2782.1574999999998,-,,-,,2782.1574999999998,Small Cap
1011,FUSION FINANCE LIMITED,INE139R01012,FUSION,2851.3340332070002,FUSION,2683.6006000000002,-,,2767.4673166035,Small Cap
1012,Automotive Axles Ltd.,INE449A01011,AUTOAXLES,2764.1113341669998,AUTOAXLES,2765.6601999999998,-,,2764.8857670834996,Small Cap
1013,BN AGROCHEM LIMITED,INE00HZ01011,BNAGROCHEM,2753.6648887060001,-,,-,,2753.6648887060001,Small Cap
1014,Deep Industries Limited,INE0FHS01024,DEEPINDS,2748.5120000000002,DEEPINDS,2749.0106999999998,-,,2748.7613499999998,Small Cap
1015,STANDARD ENGINEERING TECHNOLOGY LIMITED,INE0M4D01010,SETL,2746.875503451,SETL,2748.1206999999999,-,,2747.4981017255,Small Cap
1016,Patel Engineering Ltd,INE244B01030,PATELENG,2744.5457046240003,PATELENG,2742.9996000000001,-,,2743.772652312,Small Cap
1017,LS Industries Limited,INE345D01031,LSIND,2742.5332196999998,-,,-,,2742.5332196999998,Small Cap
1018,Pokarna Ltd.,INE637C01025,POKARNA,2739.3429179999998,POKARNA,2738.8081000000002,-,,2739.0755090000002,Small Cap
1019,WHEELS INDIA LTD,INE715A01015,WHEELS,2737.0521769810002,WHEELS,2736.7804000000001,-,,2736.9162884904999,Small Cap
1020,Polyplex Corporation Ltd.,INE633B01018,POLYPLEX,2735.0800239229998,POLYPLEX,2736.0518999999999,-,,2735.5659619614999,Small Cap
1021,Savita Oil Technologies Limited,INE035D01020,SOTL,2727.9017888080002,SOTL,2728.3674000000001,-,,2728.1345944040004,Small Cap
1022,Sanghvi Movers Ltd.,INE989A01032,SANGHVIMOV,2715.0233600000001,SANGHVIMOV,2713.9166,-,,2714.4699799999999,Small Cap
1023,Easy Trip Planners Limited,INE07O001026,EASEMYTRIP,2713.2743209069999,EASEMYTRIP,2710.3951000000002,-,,2711.8347104535001,Small Cap
1024,IOL Chemicals & Pharmaceuticals Ltd,INE485C01029,IOLCP,2709.799497131,IOLCP,2709.8312999999998,-,,2709.8153985654999,Small Cap
1025,Globus Spirits Limited,INE615I01010,GLOBUSSPR,2707.0558076919997,GLOBUSSPR,2706.9317999999998,-,,2706.9938038459995,Small Cap
1026,WELSPUN SPECIALTY SOLUTIONS LIMITED,INE731F01037,WELSPLSOL,2693.1455658680002,-,,-,,2693.1455658680002,Small Cap
1027,DDEV PLASTIKS INDUSTRIES LIMITED,INE0HR601026,DDEVPLSTIK,2682.4040032339999,DDEVPLSTIK,2681.7728000000002,-,,2682.0884016170003,Small Cap
1028,RPSG VENTURES LIMITED,INE425Y01011,RPSGVENT,2673.7775055080001,RPSGVENT,2672.7379999999998,-,,2673.2577527539997,Small Cap
1029,Dalmia Bharat Sugar and Industries Ltd,INE495A01022,DALMIASUG,2645.7709162319998,DALMIASUG,2645.0391,-,,2645.4050081159999,Small Cap
1030,Kilburn Engineering Ltd,INE338F01015,KLBRENG-B,2644.892346998,-,,-,,2644.892346998,Small Cap
1031,CARYSIL LIMITED,INE482D01024,CARYSIL,2642.1272949180002,CARYSIL,2642.1723000000002,-,,2642.1497974590002,Small Cap
1032,SG FINSERVE LIMITED,INE618R01015,SGFIN,2636.2504116669998,SGFIN,2636.4717000000001,-,,2636.3610558334999,Small Cap
1033,Ajmera Realty & Infra India Limited,INE298G01035,AJMERA,2631.3693958240001,AJMERA,2630.1410999999998,-,,2630.755247912,Small Cap
1034,Arvind SmartSpaces Limited,INE034S01021,ARVSMART,2626.7885094610001,ARVSMART,2627.6619000000001,-,,2627.2252047305001,Small Cap
1035,Jindal Worldwide Ltd.,INE247D01039,JINDWORLD,2626.683559733,JINDWORLD,2626.9425999999999,-,,2626.8130798664997,Small Cap
1036,Unichem Laboratories Ltd.,INE351A01035,UNICHEMLAB,2627.0233475939999,UNICHEMLAB,2624.6383999999998,-,,2625.8308737970001,Small Cap
1037,INSOLATION ENERGY LIMITED,INE0LGX01024,INA,2597.7473659500001,INA,2644.2094999999999,-,,2620.978432975,Small Cap
1038,NOCIL Ltd,INE163A01018,NOCIL,2621.0595921409999,NOCIL,2620.3748000000001,-,,2620.7171960705,Small Cap
1039,HMT Limited,INE262A01018,HMT,2620.7652809310002,HMT,2616.6704,-,,2618.7178404655001,Small Cap
1040,DEE DEVELOPMENT ENGINEERS LIMITED,INE841L01016,DEEDEV,2615.069222908,DEEDEV,2610.2901000000002,-,,2612.6796614539999,Small Cap
1041,JTL INDUSTRIES LIMITED,INE391J01032,JTLIND,2604.6826860759998,JTLIND,2615.5390000000002,-,,2610.110843038,Small Cap
1042,Network People Services Technologies Limited,INE0FFK01017,NPST,2604.8127764830001,NPST,2604.8479000000002,-,,2604.8303382415002,Small Cap
1043,EURO PRATIK SALES LIMITED,INE198501012,EUROPRATIK,2600.9048333330002,EUROPRATIK,2602.6370999999999,-,,2601.7709666665,Small Cap
1044,Mayur Uniquoters ltd.,INE040D01038,MAYURUNIQ,2590.4792542250002,MAYURUNIQ,2590.5010000000002,-,,2590.4901271125,Small Cap
1045,KIRI INDUSTRIES LIMITED,INE415I01015,KIRIINDUS,2596.7010075200001,KIRIINDUS,2581.1599000000001,-,,2588.9304537600001,Small Cap
1046,IMAGICAAWORLD ENTERTAINMENT LIMITED,INE172N01012,IMAGICAA,2583.0962038980001,IMAGICAA,2584.2042999999999,-,,2583.650251949,Small Cap
1047,Apeejay Surrendra Park Hotels Limited,INE988S01028,PARKHOTELS,2581.2540442549998,PARKHOTELS,2580.0165000000002,-,,2580.6352721274998,Small Cap
1048,Bharat Rasayan Limited,INE838B01021,BHARATRAS,2580.067537675,BHARATRAS,2580.6514000000002,-,,2580.3594688375001,Small Cap
1049,KS Smart Technologies Limited,INE737E01011,KSSMART,2575.454728148,-,,-,,2575.454728148,Small Cap
1050,JASH ENGINEERING LIMITED,INE039O01029,JASH,2574.8105190919996,-,,-,,2574.8105190919996,Small Cap
1051,Jash Engineering Ltd.,INE039O01011,-,-,JASH,2569.2404999999999,-,,2569.2404999999999,Small Cap
1052,Concord Control Systems Limited,INE0N0J01014,CNCRD,2566.076788802,-,,-,,2566.076788802,Small Cap
1053,Deccan Gold Mines Ltd.,INE945F01025,DECNGOLD,2565.2382759560001,-,,-,,2565.2382759560001,Small Cap
1054,RAVINDRA ENERGY LIMITED,INE206N01018,RELTD,2561.0649907480001,RELTD,2559.0344,-,,2560.0496953740003,Small Cap
1055,Novartis India Limited.,INE234A01025,NOVARTIND,2558.4583275740001,-,,-,,2558.4583275740001,Small Cap
1056,Camlin Fine Sciences Ltd,INE052I01032,CAMLINFINE,2556.7810125569999,CAMLINFINE,2556.3683000000001,-,,2556.5746562784998,Small Cap
1057,Siyaram Silk Mills Ltd.,INE076B01028,SIYSIL,2554.0769668140001,SIYSIL,2554.232,-,,2554.154483407,Small Cap
1058,Steelcast Ltd.,INE124E01038,STEELCAS,2550.1261500000001,STEELCAS,2552.2547,-,,2551.1904249999998,Small Cap
1059,Venus Pipes & Tubes Limited,INE0JA001018,VENUSPIPES,2531.0775009959998,VENUSPIPES,2532.3804,-,,2531.7289504979999,Small Cap
1060,Aqylon Nexus Limited,INE416A01051,AQYLON,2528.569868261,AQYLON,2524.0165000000002,-,,2526.2931841304999,Small Cap
1061,D P ABHUSHAN LIMITED,INE266Y01019,DPABHUSHAN,2526.0139759669996,DPABHUSHAN,2524.3883999999998,-,,2525.2011879834999,Small Cap
1062,Greenpanel Industries Limited,INE08ZM01014,GREENPANEL,2525.3476968320001,GREENPANEL,2524.9911000000002,-,,2525.1693984160001,Small Cap
1063,Vardhman Special Steels Ltd,INE050M01012,VSSL,2525.158850502,VSSL,2524.8105,-,,2524.9846752510002,Small Cap
1064,Prataap Snacks Limited,INE393P01035,DIAMONDYD,2513.8011383349999,DIAMONDYD,2515.6354999999999,-,,2514.7183191674999,Small Cap
1065,Ramco Industries Ltd,INE614A01028,RAMCOIND,2514.0269780169997,RAMCOIND,2515.0032000000001,-,,2514.5150890084997,Small Cap
1066,Sirca Paints India Limited,INE792Z01011,SIRCA,2506.2142039330001,SIRCA,2504.3944999999999,-,,2505.3043519664998,Small Cap
1067,ADF Foods Limited.,INE982B01027,ADFFOODS,2502.5141657580002,ADFFOODS,2500.6354999999999,-,,2501.574832879,Small Cap
1068,GK ENERGY LIMITED,INE1AG301022,GKENERGY,2498.548153451,GKENERGY,2498.2051000000001,-,,2498.3766267255,Small Cap
1069,IDEAFORGE TECHNOLOGY LIMITED,INE349Y01013,IDEAFORGE,2492.5031974979997,IDEAFORGE,2489.9738000000002,-,,2491.238498749,Small Cap
1070,VEEDOL CORPORATION LIMITED,INE484C01030,VEEDOL,2488.81149,VEEDOL,2488.7033000000001,-,,2488.7573950000001,Small Cap
1071,Orissa Minerals Development Company Limited,INE725E01024,ORISSAMINE,2481.3510000000001,ORISSAMINE,2480.7305000000001,-,,2481.0407500000001,Small Cap
1072,Jain Irrigation Systems Ltd.,INE175A01038,JISLJALEQS,2457.7843062100001,JISLJALEQS,2457.3145999999997,-,,2457.5494531049999,Small Cap
1073,FISCHER MEDICAL VENTURES LIMITED,INE771F01041,FISCHER,2450.9291114749999,FISCHER,2449.5293999999999,-,,2450.2292557374999,Small Cap
1074,Repco Home Finance Limited,INE612J01015,REPCOHOME,2448.86546,REPCOHOME,2449.0374999999999,-,,2448.9514799999997,Small Cap
1075,SUNDROP BRANDS LIMITED,INE209A01019,SUNDROP,2447.6393875660001,SUNDROP,2447.2199999999998,-,,2447.4296937829999,Small Cap
1076,Xpro India Ltd.,INE445C01015,XPROINDIA,2442.1163012779998,XPROINDIA,2442.6698000000001,-,,2442.3930506389997,Small Cap
1077,Bombay Dyeing & Mfg. Co. Ltd.,INE032A01023,BOMDYEING,2442.1478293119999,BOMDYEING,2442.3973999999998,-,,2442.2726146559999,Small Cap
1078,Awfis Space Solutions Limited,INE108V01019,AWFIS,2425.629910659,AWFIS,2425.0596,-,,2425.3447553295,Small Cap
1079,TCPL Packaging Limited,INE822C01015,TCPLPACK,2424.4875958330003,TCPLPACK,2424.5888,-,,2424.5381979165004,Small Cap
1080,Prakash Industries Ltd.,INE603A01013,PRAKASH,2424.193545827,PRAKASH,2423.6071000000002,-,,2423.9003229135001,Small Cap
1081,Sagar Cements Ltd,INE229C01021,SAGCEM,2414.0758270470001,SAGCEM,2413.2076999999999,-,,2413.6417635235002,Small Cap
1082,Federal-Mogul Goetze (India) Ltd,INE529A01010,FMGOETZE,2412.7469340570001,FMGOETZE,2412.6913,-,,2412.7191170285,Small Cap
1083,UTKARSH SMALL FINANCE BANK LIMITED,INE735W01017,UTKARSHBNK,2413.2417266000002,UTKARSHBNK,2412.0405000000001,-,,2412.6411133000001,Small Cap
1084,HLE GLASCOAT LIMITED,INE461D01028,HLEGLAS,2412.1196762580003,HLEGLAS,2412.0531000000001,-,,2412.0863881290002,Small Cap
1085,MARSONS LIMITED,INE415B01044,MARSONS,2420.50045,MARSONS,2402.4481000000001,-,,2411.474275,Small Cap
1086,Sangam (India) Ltd,INE495C01010,SANGAMIND,2410.7649990150003,SANGAMIND,2411.1104,-,,2410.9376995074999,Small Cap
1087,Protean eGov Technologies Limited,INE004A01022,PROTEAN,2403.8898885590002,PROTEAN,2403.2642000000001,-,,2403.5770442795001,Small Cap
1088,Panacea Biotec Ltd.,INE922B01023,PANACEABIO,2394.6719261880003,PANACEABIO,2394.2456999999999,-,,2394.4588130940001,Small Cap
1089,Baazar Style Retail Limited,INE01FR01028,STYLEBAAZA ,2393.8241740439998,STYLEBAAZA,2393.8895000000002,-,,2393.856837022,Small Cap
1090,Hikal Ltd.,INE475B01022,HIKAL,2392.1989509999999,HIKAL,2391.7766000000001,-,,2391.9877754999998,Small Cap
1091,Shankara Buildpro Limited,INE24OJ01011,BUILDPRO,2391.3409020879999,BUILDPRO,2392.4247,-,,2391.8828010440002,Small Cap
1092,SpiceJet Limited,INE285B01017,SPICEJET,2391.3197813439997,-,,-,,2391.3197813439997,Small Cap
1093,Brigade Hotel Ventures Limited,INE03NU01014,BRIGHOTEL,2372.5568027290001,BRIGHOTEL,2373.4937,-,,2373.0252513645,Small Cap
1094,Dr.Agarwals Eye Hospital Ltd.,INE934C01018,DRAGARWQ,2365.9068332299998,-,,-,,2365.9068332299998,Small Cap
1095,Ganesha Ecosphere Limited,INE845D01014,GANECOS,2357.712758699,GANECOS,2357.4504000000002,-,,2357.5815793495003,Small Cap
1096,EPACK Durable Limited,INE0G5901015,EPACK,2357.681886417,EPACK,2357.3515000000002,-,,2357.5166932085003,Small Cap
1097,Windsor Machines Limited,INE052A01021,WINDMACHIN,2360.6933725540002,WINDMACHIN,2349.2800999999999,-,,2354.9867362770001,Small Cap
1098,Eveready Industries India Ltd.,INE128A01029,EVEREADY,2344.7577476229999,EVEREADY,2344.7547,-,,2344.7562238114997,Small Cap
1099,Nitin Spinners Ltd.,INE229H01012,NITINSPIN,2333.0222450000001,NITINSPIN,2333.3220999999999,-,,2333.1721724999998,Small Cap
1100,Uniparts India Limited,INE244O01017,UNIPARTS,2329.7899195220002,UNIPARTS,2330.2939000000001,-,,2330.0419097610002,Small Cap
1101,Alembic  Ltd,INE426A01027,ALEMBICLTD,2312.7376316109999,ALEMBICLTD,2312.4488000000001,-,,2312.5932158055002,Small Cap
1102,Thirumalai Chemicals Ltd.,INE338A01024,TIRUMALCHM,2312.1580320210001,TIRUMALCHM,2302.7582000000002,-,,2307.4581160104999,Small Cap
1103,Mangalam Cement Ltd.,INE347A01017,MANGLMCEM,2304.779980972,MANGLMCEM,2305.6725000000001,-,,2305.2262404860003,Small Cap
1104,Rane (Madras)  Ltd.,INE050H01012,RML,2297.3370131249999,RML,2296.3098,-,,2296.8234065625002,Small Cap
1105,BGR ENERGY SYSTEMS LIMITED,INE661I01014,BGRENERGY,2294.5842646849997,BGRENERGY,2289.4049,-,,2291.9945823424996,Small Cap
1106,Gujarat Industries Power Co. Ltd,INE162A01010,GIPCL,2290.9938007709998,GIPCL,2290.5825,-,,2290.7881503854996,Small Cap
1107,Monarch Networth Capital Limited,INE903D01011,MONARCH,2369.4523584470003,MONARCH,2209.4971999999998,-,,2289.4747792235003,Small Cap
1108,Morepen Laboratories Ltd.,INE083A01026,MOREPENLAB,2284.0445361029997,MOREPENLAB,2283.4189999999999,-,,2283.7317680514998,Small Cap
1109,Afcom Holdings Limited,INE0OXY01013,AFCOM,2280.8559342959998,-,,-,,2280.8559342959998,Small Cap
1110,Elcid Investments Ltd.,INE927X01018,ELCIDIN,2276.8804583330002,-,,-,,2276.8804583330002,Small Cap
1111,Sasken Technologies Limited,INE231F01020,SASKEN,2275.30378819,SASKEN,2274.5943000000002,-,,2274.9490440950003,Small Cap
1112,G.M. Breweries Ltd.,INE075D01018,GMBREW,2248.6779337110002,GMBREW,2248.4105,-,,2248.5442168555001,Small Cap
1113,Bhansali Engineering Polymers Ltd.,INE922A01025,BEPL,2247.9052880519998,BEPL,2247.8948999999998,-,,2247.9000940259998,Small Cap
1114,Pennar Industries Ltd.,INE932A01024,PENIND,2302.5128041130001,PENIND,2185.3755000000001,-,,2243.9441520565001,Small Cap
1115,TeamLease Services Limited,INE985S01024,TEAMLEASE,2236.1398020419997,TEAMLEASE,2235.9973,-,,2236.0685510209996,Small Cap
1116,Kernex Microsystems (India) Ltd.,INE202H01019,KERNEX,2230.3916354990001,KERNEX,2228.6691999999998,-,,2229.5304177495,Small Cap
1117,Prabha Energy Limited,INE0I0M01023,PRABHA,2241.4238754849998,PRABHA,2213.9072999999999,-,,2227.6655877425001,Small Cap
1118,Sai Parenteral's Limited,INE0H9F01037,SAIPARENT,2225.0944573199999,SAIPARENT,2224.0911000000001,-,,2224.59277866,Small Cap
1119,HPL Electric & Power Limited,INE495S01016,HPL,2214.0452385029998,HPL,2213.9756000000002,-,,2214.0104192515,Small Cap
1120,HONDA INDIA POWER PRODUCTS LIMITED,INE634A01018,HONDAPOWER,2208.9428075000001,HONDAPOWER,2208.9250000000002,-,,2208.9339037500004,Small Cap
1121,Antelopus Selan Energy Limited,INE818A01017,ANTELOPUS,2200.3753879419996,ANTELOPUS,2199.7073,-,,2200.0413439710001,Small Cap
1122,BELDING INDIA LIMITED,INE363L01045,BELDING,2193.8245752459998,-,,-,,2193.8245752459998,Small Cap
1123,Rajratan Global Wire Ltd,INE451D01029,RAJRATAN,2180.0369298750002,RAJRATAN,2180.0241999999998,-,,2180.0305649375,Small Cap
1124,K.P. Energy Limited,INE127T01021,KPEL,2174.3135460590001,KPEL,2171.4859999999999,-,,2172.8997730295,Small Cap
1125,DIVGI TORQTRANSFER SYSTEMS LIMITED,INE753U01022,DIVGIITTS,2163.3547015080003,DIVGIITTS,2165.2343000000001,-,,2164.2945007540002,Small Cap
1126,Blue Pearl Agriventures Limited,INE439N01031,BPAGRI,2162.8891199999998,-,,-,,2162.8891199999998,Small Cap
1127,ARKADE DEVELOPERS LIMITED,INE0QRL01017,ARKADE ,2160.1342959230001,ARKADE,2161.2359000000001,-,,2160.6850979615001,Small Cap
1128,Vimta Labs Ltd.,INE579C01029,VIMTALABS,2160.6375474490001,VIMTALABS,2160.6041,-,,2160.6208237245,Small Cap
1129,M.M.Forgings Ltd.,INE227C01017,MMFL,2148.5352234669999,MMFL,2148.7907,-,,2148.6629617335002,Small Cap
1130,Nucleus Software Exports Ltd,INE096B01018,NUCLEUS,2146.8385762900002,NUCLEUS,2147.2366999999999,-,,2147.0376381450001,Small Cap
1131,Spectrum Electrical Industries Limited,INE01EO01010,SPECTRUM,2145.1480231229998,SPECTRUM,2141.0826999999999,-,,2143.1153615614999,Small Cap
1132,Taj GVK Hotels & Resorts Ltd.,INE586B01026,TAJGVK,2139.8008570540001,TAJGVK,2140.0934999999999,-,,2139.9471785269998,Small Cap
1133,Apcotex Industries Limited,INE116A01032,APCOTEXIND,2131.4219128330001,APCOTEXIND,2133.1716999999999,-,,2132.2968064164997,Small Cap
1134,Rhetan TMT Limited,INE0KKN01029,RHETAN,2123.1273437499999,RHETAN,2122.8483999999999,-,,2122.9878718749997,Small Cap
1135,Jaykay Enterprises Limited,INE903A01025,JAYKAY,2119.7325634259996,JAYKAY,2118.7705999999998,-,,2119.2515817129997,Small Cap
1136,K.C.P. LTD,INE805C01028,KCP,2115.9561405049999,KCP,2115.0515,-,,2115.5038202525002,Small Cap
1137,CANTABIL RETAIL INDIA LIMITED,INE068L01024,CANTABIL,2110.5083616869997,CANTABIL,2110.3661999999999,-,,2110.4372808435,Small Cap
1138,Kalyani Investment Company Limited,INE029L01018,KICL,2107.6959668990003,KICL,2106.8173999999999,-,,2107.2566834495001,Small Cap
1139,Shipping Corporation of India Land and Assets Limited,INE0PB301013,SCILAL,2092.7068572020003,SCILAL,2092.2566000000002,-,,2092.4817286010002,Small Cap
1140,VINTAGE COFFEE AND BEVERAGES LIMITED,INE498Q01014,VINCOFE,2081.2333279939999,VINCOFE,2074.1536000000001,-,,2077.693463997,Small Cap
1141,La Opala RG Ltd.,INE059D01020,LAOPALA,2067.823625,LAOPALA,2067.4657000000002,-,,2067.6446624999999,Small Cap
1142,SHRINGAR HOUSE OF MANGALSUTRA LIMITED,INE1B3L01017,SHRINGARMS,2063.2286396529998,SHRINGARMS,2062.2795999999998,-,,2062.7541198264998,Small Cap
1143,DCX Systems Limited,INE0KL801015,DCXINDIA,2060.4493321519999,DCXINDIA,2059.7244000000001,-,,2060.0868660759998,Small Cap
1144,Venky's (India) ltd.,INE398A01010,VENKEYS,2047.4633927700002,VENKEYS,2048.0297,-,,2047.7465463850001,Small Cap
1145,Nitco Ltd.,INE858F01012,NITCO,2054.1218297189998,NITCO,2027.7326,-,,2040.9272148595001,Small Cap
1146,BF Utilities Ltd.,INE243D01012,BFUTILITIE,2032.9830930560001,BFUTILITIE,2031.0354,-,,2032.0092465279999,Small Cap
1147,YASHO INDUSTRIES LIMITED,INE616Z01012,YASHO,2030.208822627,YASHO,2030.5595000000001,-,,2030.3841613135,Small Cap
1148,BRIGHTCOM GROUP LIMITED,INE425B01027,BCG,2027.7424261150002,BCG,2027.5237999999999,-,,2027.6331130574999,Small Cap
1149,TCI Express Limited,INE586V01016,TCIEXP,2024.2005356249999,TCIEXP,2024.1509000000001,-,,2024.1757178124999,Small Cap
1150,Filatex India Ltd.,INE816B01035,FILATEX,2023.3556861740001,FILATEX,2023.2483999999999,-,,2023.3020430870001,Small Cap
1151,Pix Transmissions Ltd.,INE751B01018,PIXTRANS,2016.3916448499999,PIXTRANS,2017.9079999999999,-,,2017.1498224249999,Small Cap
1152,ONIX SOLAR ENERGY LIMITED,INE173M01012,ONIXSOLAR,2013.9722107360001,-,,-,,2013.9722107360001,Small Cap
1153,ADVAIT ENERGY TRANSITIONS LIMITED,INE0ALI01010,ADVAIT,1988.725959248,ADVAIT,2035.2167999999999,-,,2011.9713796239998,Small Cap
1154,Sika Interplant Systems Ltd.,INE438E01032,SIKA,2009.0867854580001,-,,-,,2009.0867854580001,Small Cap
1155,Hindustan Oil Exploration Co. Ltd.,INE345A01011,HINDOILEXP,2007.7782251049998,HINDOILEXP,2008.9507000000001,-,,2008.3644625524998,Small Cap
1156,MUFIN GREEN FINANCE LIMITED,INE08KJ01020,MUFIN,2013.666743082,MUFIN,1995.0636999999999,-,,2004.365221541,Small Cap
1157,Epack Prefab Technologies Limited,INE0MLS01022,EPACKPEB,2002.5474121349998,EPACKPEB,2000.8865000000001,-,,2001.7169560675,Small Cap
1158,Indo Tech Transformers Limited,INE332H01014,INDOTECH,2000.9495999999999,INDOTECH,2000.6629,-,,2000.8062500000001,Small Cap
1159,Krsnaa Diagnostics Limited,INE08LI01020,KRSNAA,1999.6603096589999,KRSNAA,1999.1425999999999,-,,1999.4014548294999,Small Cap
1160,MSP STEEL & POWER LTD.,INE752G01015,MSPL,1998.3879944139999,MSPL,1999.3185000000001,-,,1998.8532472070001,Small Cap
1161,Bajel Projects Limited,INE0KQN01018,BAJEL,1988.6384097279999,BAJEL,1988.9204999999999,-,,1988.7794548639999,Small Cap
1162,S H Kelkar and Company Limited,INE500L01026,SHK,1986.9498528880001,SHK,1986.6776,-,,1986.8137264440002,Small Cap
1163,Capacit'e Infraprojects Limited,INE264T01014,CAPACITE,1982.4630865869999,CAPACITE,1981.8200999999999,-,,1982.1415932934999,Small Cap
1164,PTC India Financial Services Limited,INE560K01014,PFS,1975.6474813770001,PFS,1976.3968,-,,1976.0221406885,Small Cap
1165,Jai Corp Limited,INE070D01027,JAICORPLTD,1974.567210121,JAICORPLTD,1974.81,-,,1974.6886050604999,Small Cap
1166,SPICE LOUNGE FOOD WORKS LIMITED,INE631E01024,SPICELOUNG,1979.2240110799999,-,,SPICELOUNG,1968.6649642852899,1973.9444876826449,Small Cap
1167,Nilkamal Limited,INE310A01015,NILKAMAL,1967.159371038,NILKAMAL,1967.6343999999999,-,,1967.3968855190001,Small Cap
1168,Mold-Tek Packaging Limited,INE893J01029,MOLDTKPAC,1969.793407463,MOLDTKPAC,1963.1181999999999,-,,1966.4558037315001,Small Cap
1169,EIH Associated Hotels Ltd.,INE276C01014,EIHAHOTELS,1964.0808551220002,EIHAHOTELS,1963.3293000000001,-,,1963.7050775610001,Small Cap
1170,SATIN CREDITCARE NETWORK LIMITED,INE836B01017,SATIN,1961.9091029179999,SATIN,1962.6373000000001,-,,1962.2732014590001,Small Cap
1171,KP GREEN ENGINEERING LIMITED,INE0QVH01025,KPGEL,1960.53125,-,,-,,1960.53125,Small Cap
1172,Emrald Commercial Limited,INE162D01014,-,-,-,-,EMRALD,1948.868013900001,1948.868013900001,Small Cap
1173,Indoco Remedies Ltd.,INE873D01024,INDOCO,1947.2603963040001,INDOCO,1945.7266999999999,-,,1946.4935481520001,Small Cap
1174,GSP CROP SCIENCE LIMITED,INE713R01022,GSPCROP,1945.414125,GSPCROP,1945.4213999999999,-,,1945.4177625,Small Cap
1175,Kothari Industrial Corpn. Ltd.,INE972A01020,KOTIC,1941.524014221,-,,-,,1941.524014221,Small Cap
1176,Spandana Sphoorty Financial Limited,INE572J01011,SPANDANA,1932.544055304,SPANDANA,1931.5071,-,,1932.025577652,Small Cap
1177,Saksoft Limited,INE667G01023,SAKSOFT,1872.6458333330002,SAKSOFT,1985.3648000000001,-,,1929.0053166665002,Small Cap
1178,Studds Accessories Limited,INE00Q601028,STUDDS,1927.6738278,STUDDS,1929.3103000000001,-,,1928.4920639000002,Small Cap
1179,Hathway Cable & Datacom Limited,INE982F01036,HATHWAY,1929.0303823580002,HATHWAY,1927.2898,-,,1928.1600911790001,Small Cap
1180,Insecticides India Ltd.,INE070I01018,INSECTICID,1917.707496404,INSECTICID,1918.7417,-,,1918.2245982019999,Small Cap
1181,Vikran Engineering Limited,INE01R501028,VIKRAN,1915.352592745,VIKRAN,1914.8411000000001,-,,1915.0968463725001,Small Cap
1182,SOLARA ACTIVE PHARMA SCIENCES LIMITED,INE624Z01016,SOLARA,1972.5423958220001,SOLARA,1857.4686999999999,-,,1915.0055479110001,Small Cap
1183,Geojit Financial Services Limited,INE007B01023,GEOJITFSL,1909.1138833419998,GEOJITFSL,1908.9464,-,,1909.0301416709999,Small Cap
1184,S.P. Apparels Limited,INE212I01016,SPAL,1908.5669328099998,SPAL,1907.7172,-,,1908.1420664049999,Small Cap
1185,GHV INFRA PROJECTS LIMITED,INE809Q01020,GHVINFRA,1907.768190625,-,,-,,1907.768190625,Small Cap
1186,Mukand Ltd.,INE304A01026,MUKANDLTD,1907.564195593,MUKANDLTD,1907.9628,-,,1907.7634977964999,Small Cap
1187,Tasty Bite Eatables Ltd.,INE488B01017,TASTYBITE,1907.4910551669998,TASTYBITE,1907.9728,-,,1907.7319275834998,Small Cap
1188,Elpro International Ltd.,INE579B01039,ELPROINTL,1903.483663704,-,,-,,1903.483663704,Small Cap
1189,Mobavenue AI Tech Limited,INE622Q01027,MOBAVENUE,1901.007473502,-,,-,,1901.007473502,Small Cap
1190,YATRA ONLINE LIMITED,INE0JR601024,YATRA,1898.5865550439999,YATRA,1898.7134000000001,-,,1898.649977522,Small Cap
1191,Mahanagar Telephone Nigam Ltd.,INE153A01019,MTNL,1898.421,MTNL,1897.7963,-,,1898.1086500000001,Small Cap
1192,Hindware Home Innovation Limited,INE05AN01011,HINDWAREAP,1890.250831281,HINDWAREAP,1889.8187,-,,1890.0347656405002,Small Cap
1193,Hinduja Global Solutions Limited,INE170I01016,HGS,1879.4369591069999,HGS,1879.6385,-,,1879.5377295535,Small Cap
1194,Veranda Learning Solutions Limited,INE0IQ001011,VERANDA,1880.9477594830003,VERANDA,1875.9627,-,,1878.4552297415003,Small Cap
1195,Servotech Renewable Power System Ltd.,INE782X01033,-,-,SERVOTECH,1871.0064,-,,1871.0064,Small Cap
1196,EMS LIMITED,INE0OV601013,EMSLIMITED,1857.4083152380001,EMSLIMITED,1856.9015999999999,-,,1857.154957619,Small Cap
1197,Silver Touch Technologies Limited,INE625X01026,SILVERTUC,1855.3137832499999,SILVERTUC,1854.0911000000001,-,,1854.7024416250001,Small Cap
1198,Thejo Engineering Ltd.,INE121N01019,-,-,THEJO,1840.0877,-,,1840.0877,Small Cap
1199,Panama Petrochem Ltd.,INE305C01029,PANAMAPET,1839.8069193740002,PANAMAPET,1839.1909000000001,-,,1839.4989096870002,Small Cap
1200,Oriental Hotels Ltd.,INE750A01020,ORIENTHOT,1834.2537634160001,ORIENTHOT,1835.0098,-,,1834.6317817080001,Small Cap
1201,Rane Holdings Ltd.,INE384A01010,RANEHOLDIN,1830.6144082169999,RANEHOLDIN,1832.0998999999999,-,,1831.3571541084998,Small Cap
1202,STOVE KRAFT LIMITED,INE00IN01015,STOVEKRAFT,1830.9534858669999,STOVEKRAFT,1830.7254,-,,1830.8394429334999,Small Cap
1203,Ador Welding Ltd.,INE045A01017,ADOR,1822.5090757580001,ADOR,1822.6838,-,,1822.596437879,Small Cap
1204,TCC CONCEPT LIMITED,INE887D01016,TCC,1864.5940312209998,TCC,1777.0162,-,,1820.8051156104998,Small Cap
1205,India Nippon Electricals Ltd,INE092B01025,INDNIPPON,1820.5005690110002,INDNIPPON,1820.8361,-,,1820.6683345055001,Small Cap
1206,India Pesticides Limited,INE0D6701023,IPL,1812.5248630560002,IPL,1812.3512000000001,-,,1812.438031528,Small Cap
1207,Cosmo First Limited,INE757A01017,COSMOFIRST,1810.2314858970001,COSMOFIRST,1810.0335,-,,1810.1324929484999,Small Cap
1208,Talbros Automotive Components Ltd.,INE187D01029,TALBROAUTO,1802.747472694,TALBROAUTO,1802.3756000000001,-,,1802.5615363470001,Small Cap
1209,NDR Auto Components Limited,INE07OG01012,NDRAUTO,1797.213606023,NDRAUTO,1798.0243,-,,1797.6189530115,Small Cap
1210,Indian Hume Pipe Co. Ltd.,INE323C01030,INDIANHUME,1796.946638741,INDIANHUME,1796.7996000000001,-,,1796.8731193705,Small Cap
1211,Goodyear India Ltd.,INE533A01012,GOODYEAR,1789.363136227,-,-,-,,1789.363136227,Small Cap
1212,Go Fashion (India) Limited,INE0BJS01011,GOCOLORS,1776.5035499549999,GOCOLORS,1799.8359,-,,1788.1697249775,Small Cap
1213,M & B ENGINEERING LIMITED,INE08N601015,MBEL,1785.5078741770001,MBEL,1785.6812,-,,1785.5945370885001,Small Cap
1214,Somany Ceramics Limited,INE355A01028,SOMANYCERA,1784.4979486650002,SOMANYCERA,1784.6449,-,,1784.5714243325001,Small Cap
1215,ACCELYA SOLUTIONS INDIA LIMITED,INE793A01012,ACCELYA,1779.2078234900002,ACCELYA,1779.0012999999999,-,,1779.104561745,Small Cap
1216,SUMMIT SECURITIES LTD.,INE519C01017,SUMMITSEC,1779.4195832,SUMMITSEC,1778.7291,-,,1779.0743416,Small Cap
1217,CEINSYS TECH LIMITED,INE016Q01014,CEINSYS,1797.006718564,CEINSYS,1757.8664000000001,-,,1777.436559282,Small Cap
1218,APOLLO PIPES LIMITED,INE126J01016,APOLLOPIPE,1774.4691313169999,APOLLOPIPE,1773.9460999999999,-,,1774.2076156584999,Small Cap
1219,Solarworld Energy Solutions Limited,INE0TY101024,SOLARWORLD,1771.119570884,SOLARWORLD,1770.6667,-,,1770.8931354420001,Small Cap
1220,Shalby Limited,INE597J01018,SHALBY,1765.536701234,SHALBY,1765.3297,-,,1765.433200617,Small Cap
1221,Ramco Systems Ltd,INE246B01019,RAMCOSYS,1761.6693017950001,RAMCOSYS,1759.0051000000001,-,,1760.3372008975002,Small Cap
1222,Delta Corp Limited,INE124G01033,DELTACORP,1743.441992586,DELTACORP,1743.3081,-,,1743.375046293,Small Cap
1223,Disa India Ltd.,INE131C01011,DISAQ,1739.684406757,-,-,-,,1739.684406757,Small Cap
1224,Simplex Infrastructures Limited,INE059B01024,SIMPLEXINF,1735.7671418069999,SIMPLEXINF,1738.8715999999999,-,,1737.3193709034999,Small Cap
1225,SANSTAR LIMITED,INE08NE01025,SANSTAR,1736.6737998439999,SANSTAR,1737.3678,-,,1737.0207999219999,Small Cap
1226,InfoBeans Technologies Limited,INE344S01016,INFOBEAN,1732.0474584680001,INFOBEAN,1739.6253999999999,-,,1735.836429234,Small Cap
1227,Rishabh Instruments Limited,INE0N2P01017,RISHABH,1735.1436709930001,RISHABH,1733.451,-,,1734.2973354965002,Small Cap
1228,Frontier Springs Ltd.,INE572D01014,FRONTSP,1731.9620174009999,-,,-,,1731.9620174009999,Small Cap
1229,HI-TECH PIPES LIMITED,INE106T01025,HITECH,1729.912577154,HITECH,1730.0395000000001,-,,1729.9760385770001,Small Cap
1230,Stallion India Fluorochemicals Limited,INE0RYC01010,STALLION,1718.0854355330002,STALLION,1717.0298,-,,1717.5576177665002,Small Cap
1231,INDOSOLAR LIMITED,INE866K01023,WAAREEINDO,1716.701769169,WAAREEINDO,1715.6650999999999,-,,1716.1834345845,Small Cap
1232,Khazanchi Jewellers Limited,INE0OWC01011,KHAZANCHI ,1715.9005522,-,,-,,1715.9005522,Small Cap
1233,JNK India Limited,INE0OAF01028,JNKINDIA,1714.1202090680001,JNKINDIA,1713.0342000000001,-,,1713.577204534,Small Cap
1234,Vindhya Telelinks Ltd.,INE707A01012,VINDHYATEL,1700.1514704219999,VINDHYATEL,1700.2882,-,,1700.2198352109999,Small Cap
1235,Kwality Pharmaceuticals Limited,INE552U01010,KPL,1697.8123152149999,-,,-,,1697.8123152149999,Small Cap
1236,G N A Axles Limited,INE934S01014,GNA,1697.5196076669999,GNA,1697.7808,-,,1697.6502038335,Small Cap
1237,Windlas Biotech Limited,INE0H5O01029,WINDLAS,1698.8720365950001,WINDLAS,1692.9208000000001,-,,1695.8964182975001,Small Cap
1238,NIBE LIMITED,INE149O01018,NIBE,1702.6431678839999,NIBE,1684.9535000000001,-,,1693.798333942,Small Cap
1239,Sportking India Ltd.,INE885H01029,SPORTKING,1655.1202125330001,SPORTKING,1731.3222000000001,-,,1693.2212062665001,Small Cap
1240,LANDMARK CARS LIMITED,INE559R01029,LANDMARK,1682.400713749,LANDMARK,1683.4649999999999,-,,1682.9328568745,Small Cap
1241,Sai Silks (Kalamandir) Limited,INE438K01021,KALAMANDIR,1675.163085186,KALAMANDIR,1675.135,-,,1675.1490425930001,Small Cap
1242,AAYUSH ART AND BULLION LIMITED,INE777X01017,AAYUSHBULL,1667.10596158,-,,-,,1667.10596158,Small Cap
1243,Arman Financial Services Limited,INE109C01017,ARMANFIN,1665.9561766049999,ARMANFIN,1665.6523,-,,1665.8042383024999,Small Cap
1244,GRAND OAK CANYONS DISTILLERY LIMITED,INE926B01016,GRANDOAK,1662.2175082480001,-,,-,,1662.2175082480001,Small Cap
1245,Amrutanjan Health Care Limited,INE098F01031,AMRUTANJAN,1670.6023631319999,AMRUTANJAN,1652.6786,-,,1661.6404815659998,Small Cap
1246,Citurgia Biochemicals Ltd.,INE795B01031,CITURGIA,1655.1190715329999,-,,-,,1655.1190715329999,Small Cap
1247,Dolphin Offshore Enterprises (India) ltd.,INE920A01037,DOLPHIN,1654.4727487749999,DOLPHIN,1653.7293,-,,1654.1010243874998,Small Cap
1248,BLS E-Services Limited,INE0NLT01010,BLSE,1651.1349019049999,BLSE,1651.2606000000001,-,,1651.1977509525,Small Cap
1249,RICO Auto Industries Ltd.,INE209B01025,RICOAUTO,1641.5707375,RICOAUTO,1641.6451,-,,1641.60791875,Small Cap
1250,Som Distilleries & Breweries Ltd.,INE480C01038,SDBL,1642.5005426520001,SDBL,1632.162,-,,1637.3312713260002,Small Cap
1251,Indokem Ltd,INE716F01012,INDOKEM,1635.3022006049998,-,,-,,1635.3022006049998,Small Cap
1252,Ashika Credit Capital Ltd.,INE094B01013,ASHIKA,1633.9882509719998,-,,-,,1633.9882509719998,Small Cap
1253,ALGOQUANT FINTECH LIMITED,INE598D01035,ALGOQUANT,1634.826389245,ALGOQUANT,1631.0369000000001,-,,1632.9316446225,Small Cap
1254,UGRO CAPITAL LIMITED,INE583D01011,UGROCAP,1655.1654041729998,UGROCAP,1607.8831,-,,1631.5242520864999,Small Cap
1255,RAJESH POWER SERVICES LIMITED ,INE0VN801010,RAJESH,1629.4326289799999,-,,-,,1629.4326289799999,Small Cap
1256,ASIAN GRANITO INDIA LIMITED,INE022I01019,ASIANTILES,1720.0923955999999,ASIANTILES,1532.5128,-,,1626.3025978000001,Small Cap
1257,Dollar Industries Limited,INE325C01035,DOLLAR,1618.6615225979999,DOLLAR,1619.1214,-,,1618.891461299,Small Cap
1258,Shukra Pharmaceuticals Limited,INE551C01044,SHUKRAPHAR,1613.7864311430001,-,,-,,1613.7864311430001,Small Cap
1259,Garuda Construction and Engineering Limited,INE0JVO01026,GARUDA,1610.622335327,GARUDA,1609.6927000000001,-,,1610.1575176635001,Small Cap
1260,Yash Highvoltage Limited,INE00GK01023,YASHHV,1608.7397321459998,-,,-,,1608.7397321459998,Small Cap
1261,Balmer Lawrie Investments Ltd.,INE525F01025,BLIL,1592.933366385,-,,-,,1592.933366385,Small Cap
1262,Associated Alcohols & Breweries Ltd,INE073G01016,ASALCBR,1600.031601767,ASALCBR,1584.8108,-,,1592.4212008835,Small Cap
1263,Confidence Petroleum India Limited,INE552D01024,CONFIPET,1587.6415107290002,CONFIPET,1586.8524,-,,1587.2469553645001,Small Cap
1264,EXICOM TELE-SYSTEMS LIMITED,INE777F01014,EXICOM,1587.274543494,EXICOM,1586.9964,-,,1587.1354717469999,Small Cap
1265,WONDER ELECTRICALS LIMITED,INE02WG01024,WEL,1586.308532667,WEL,1586.1812,-,,1586.2448663334999,Small Cap
1266,One Mobikwik Systems Limited,INE0HLU01028,MOBIKWIK,1583.97856166,MOBIKWIK,1583.4412,-,,1583.70988083,Small Cap
1267,SBC EXPORTS LIMITED,INE04AK01028,SBC,1576.3039792500001,SBC,1576.0381,-,,1576.171039625,Small Cap
1268,GTL Infrastructure Limited,INE221H01019,GTLINFRA,1569.5564780030002,GTLINFRA,1563.7791,-,,1566.6677890015001,Small Cap
1269,Krishna Defence and Allied Industries Ltd.,INE0J5601015,-,-,KRISHNADEF,1564.3585,-,,1564.3585,Small Cap
1270,Seshasayee Paper & Boards Ltd.,INE630A01024,SESHAPAPER,1556.9789392149999,SESHAPAPER,1557.9496999999999,-,,1557.4643196074999,Small Cap
1271,Jindal Drilling & Industries Ltd.,INE742C01031,JINDRILL,1556.72000136,JINDRILL,1555.8494000000001,-,,1556.28470068,Small Cap
1272,Amic Forging Limited,INE0P9J01013,AMIC,1552.450980418,-,,-,,1552.450980418,Small Cap
1273,Suryoday Small Finance Bank Limited,INE428Q01011,SURYODAY,1548.5940195110002,SURYODAY,1548.6693,-,,1548.6316597555001,Small Cap
1274,D-Link (India) Ltd,INE250K01012,DLINKINDIA,1544.6828803129999,DLINKINDIA,1544.8974000000001,-,,1544.7901401565,Small Cap
1275,Nelco Ltd,INE045B01015,NELCO,1532.664389667,NELCO,1532.2698,-,,1532.4670948335001,Small Cap
1276,ALL TIME PLASTICS LIMITED,INE0GV601021,ALLTIME,1530.976820657,ALLTIME,1531.3611000000001,-,,1531.1689603284999,Small Cap
1277,Sumeet Industries Ltd,INE235C01036,SUMEETINDS,1523.3963465299998,SUMEETINDS,1525.2516000000001,-,,1524.3239732649999,Small Cap
1278,Dynamic Cables Limited,INE600Y01019,DYCL,1524.003974001,DYCL,1523.5145,-,,1523.7592370005,Small Cap
1279,BF Investment Limited,INE878K01010,BFINVEST,1520.937205446,BFINVEST,1521.2338,-,,1521.085502723,Small Cap
1280,Vidhi Specialty Food Ingredients Limited,INE632C01026,VIDHIING,1517.458124583,VIDHIING,1519.3018999999999,-,,1518.3800122915,Small Cap
1281,GOCL Corporation Limited,INE077F01035,GOCLCORP,1509.566357641,GOCLCORP,1509.3171,-,,1509.4417288205,Small Cap
1282,Godavari Biorefineries Limited,INE497S01012,GODAVARIB,1492.020683108,GODAVARIB,1491.0014000000001,-,,1491.511041554,Small Cap
1283,SMC Global Securities Limited,INE103C01036,SMCGLOBAL,1489.045145,SMCGLOBAL,1489.6488999999999,-,,1489.3470225000001,Small Cap
1284,ASTEC LIFESCIENCES LIMITED,INE563J01010,ASTEC,1488.8183247219999,ASTEC,1488.6943000000001,-,,1488.756312361,Small Cap
1285,KMC Speciality Hospitals India Limited,INE879K01018,KMCSHIL,1485.6336798330001,-,,-,,1485.6336798330001,Small Cap
1286,SHANTI GOLD INTERNATIONAL LIMITED,INE06ZD01017,SHANTIGOLD,1484.7330079999999,SHANTIGOLD,1484.7444,-,,1484.7387039999999,Small Cap
1287,Titan Bio-Tech Ltd.,INE150C01029,TITANBIO,1479.0948719,-,,-,,1479.0948719,Small Cap
1288,R M DRIP AND SPRINKLERS SYSTEMS LIMITED,INE219Y01026,RMDRIP,1478.594153434,RMDRIP,1478.5576000000001,-,,1478.575876717,Small Cap
1289,RACL Geartech Limited,INE704B01017,RACLGEAR,1473.6936975799999,RACLGEAR,1473.9717000000001,-,,1473.83269879,Small Cap
1290,MAGELLANIC CLOUD LIMITED,INE613C01026,MCLOUD,1472.4024919420001,MCLOUD,1468.6454000000001,-,,1470.5239459710001,Small Cap
1291,J.G.Chemicals Limited,INE0MB501011,JGCHEM,1465.7350934840001,JGCHEM,1466.1415999999999,-,,1465.938346742,Small Cap
1292,VIDYA WIRES LIMITED,INE14UN01029,VIDYAWIRES,1463.7254151069999,VIDYAWIRES,1463.3957,-,,1463.5605575535001,Small Cap
1293,TIL Ltd.,INE806C01018,TIL,1478.851196801,TIL,1438.2084,-,,1458.5297984005001,Small Cap
1294,ONE POINT ONE SOLUTIONS LIMITED,INE840Y01029,ONEPOINT,1524.831041742,ONEPOINT,1390.7447999999999,-,,1457.7879208710001,Small Cap
1295,Navkar Corporation Limited,INE278M01019,NAVKARCORP,1455.622080717,NAVKARCORP,1454.8154999999999,-,,1455.2187903585,Small Cap
1296,Gandhar Oil Refinery (India) Limited,INE717W01049,GANDHAR,1453.5844301479999,GANDHAR,1452.7745,-,,1453.1794650739998,Small Cap
1297,GYFTR LIMITED,INE724A01017,GYFTR,1448.9882763190001,-,,-,,1448.9882763190001,Small Cap
1298,Digitide Solutions Limited,INE0U4701011,DIGITIDE,1446.601008352,DIGITIDE,1446.78,-,,1446.6905041760001,Small Cap
1299,Sula Vineyards Limited,INE142Q01026,SULA,1444.5859669850001,SULA,1444.2264,-,,1444.4061834925001,Small Cap
1300,Jagran Prakashan Limited,INE199G01027,JAGRAN,1440.1258147579999,JAGRAN,1439.8701000000001,-,,1439.9979573790001,Small Cap
1301,Modern Insulators Ltd.,INE219W01012,MODINSU,1434.581019683,-,,-,,1434.581019683,Small Cap
1302,GPT Infraprojects limited,INE390G01014,GPTINFRA,1430.9127149430001,GPTINFRA,1430.8526999999999,-,,1430.8827074715,Small Cap
1303,SURAKSHA DIAGNOSTIC LIMITED,INE877V01027,SURAKSHA,1429.9835424379999,SURAKSHA,1431.5195000000001,-,,1430.7515212190001,Small Cap
1304,Pashupati Cotspin Limited,INE124Y01028,PASHUPATI,1426.234348,PASHUPATI,1424.9802,-,,1425.607274,Small Cap
1305,Beta Drugs Ltd.,INE351Y01019,-,-,BETA,1421.5971999999999,-,,1421.5971999999999,Small Cap
1306,Mrugesh Trading Ltd.,INE738D01029,MRUTR,1420.6946970829999,-,,-,,1420.6946970829999,Small Cap
1307,SPML Infra Limited,INE937A01023,SPMLINFRA,1437.894360434,SPMLINFRA,1403.1159,-,,1420.505130217,Small Cap
1308,Sanghi Industries Ltd.,INE999B01013,SANGHIIND,1418.117173183,-,,-,,1418.117173183,Small Cap
1309,Dynacons Systems & Solutions Ltd.,INE417B01040,DSSL,1418.1988312120002,DSSL,1417.9041,-,,1418.051465606,Small Cap
1310,Southern Petrochemical Industries Corporation Limited,INE147A01011,SPIC,1417.5098328459999,SPIC,1416.6613,-,,1417.0855664229998,Small Cap
1311,STRING METAVERSE LIMITED,INE958L01034,META,1415.843023533,-,,-,,1415.843023533,Small Cap
1312,OMAXE LIMITED,INE800H01010,OMAXE,1411.3718311350001,OMAXE,1411.0914,-,,1411.2316155675001,Small Cap
1313,Arfin India Limited,INE784R01023,ARFIN,1410.382243085,ARFIN,1411.4521,-,,1410.9171715425,Small Cap
1314,Mahamaya Steel Industries Limited,INE451L01014,MAHASTEEL,1407.8782123670001,MAHASTEEL,1400.0437999999999,-,,1403.9610061835001,Small Cap
1315,PNB Gilts Ltd,INE859A01011,PNBGILTS,1403.157993348,PNBGILTS,1402.2579000000001,-,,1402.7079466740001,Small Cap
1316,Fino Payments Bank Limited,INE02NC01014,FINOPB,1402.6877749110001,FINOPB,1402.3230000000001,-,,1402.5053874555001,Small Cap
1317,DCW Ltd.,INE500A01029,DCW,1401.698554608,DCW,1401.4033999999999,-,,1401.5509773039998,Small Cap
1318,Wendt (India) Ltd.,INE274C01019,WENDT,1400.961166667,WENDT,1400.4083000000001,-,,1400.6847333334999,Small Cap
1319,NGL Fine Chem Ltd.,INE887E01022,NGLFINE,1400.577604543,NGLFINE,1399.9206999999999,-,,1400.2491522715,Small Cap
1320,Meghna Infracon Infrastructure Limited,INE898Q01015,MIIL,1396.75747125,-,,-,,1396.75747125,Small Cap
1321,ESAF Small Finance Bank Ltd,INE818W01011,ESAFSFB,1395.253548552,ESAFSFB,1395.3036999999999,-,,1395.2786242759998,Small Cap
1322,Hester Biosciences Ltd,INE782E01017,HESTERBIO,1392.5794717430001,HESTERBIO,1394.2007000000001,-,,1393.3900858715001,Small Cap
1323,RIR POWER ELECTRONICS LIMITED,INE302D01024,RIR,1391.2604191830001,-,,-,,1391.2604191830001,Small Cap
1324,Precision Camshafts Limited,INE484I01029,PRECAM,1382.910644994,PRECAM,1382.2822000000001,-,,1382.596422497,Small Cap
1325,Blue Cloud Softech Solutions Limited,INE373T01047,BLUECLOUDS,1382.5848527999999,-,,-,,1382.5848527999999,Small Cap
1326,AVISHKAR INFRA REALTY LIMITED,INE433O01024,AIRLTD,1391.7580299700001,-,,AIRLTD,1368.8167966999999,1380.2874133350001,Small Cap
1327,Shriram Properties Limited,INE217L01019,SHRIRAMPPS,1378.625817292,SHRIRAMPPS,1378.5447999999999,-,,1378.5853086459999,Small Cap
1328,Antony Waste Handling Cell Limited,INE01BK01022,AWHCL,1376.9918765379998,AWHCL,1376.4928,-,,1376.7423382689999,Small Cap
1329, Aurum PropTech Limited,INE898S01029,AURUM,1376.0641386079999,AURUM,1375.8864000000001,-,,1375.975269304,Small Cap
1330,DOLAT ALGOTECH LIMITED,INE966A01022,DOLATALGO,1362.4952000000001,DOLATALGO,1363.0275999999999,-,,1362.7613999999999,Small Cap
1331,Jyoti Structures Ltd.,INE197A01024,JYOTISTRUC,1362.314717639,JYOTISTRUC,1361.5302999999999,-,,1361.9225088194999,Small Cap
1332,Walchandnagar Industries Ltd,INE711A01022,WALCHANNAG,1360.046737335,WALCHANNAG,1359.4495999999999,-,,1359.7481686675001,Small Cap
1333,CFF FLUID CONTROL LIMITED,INE0NJ001013,CFF,1358.0537487419999,-,,-,,1358.0537487419999,Small Cap
1334,ASIAN ENERGY SERVICES LTD,INE276G01015,ASIANENE,1353.4098367490001,ASIANENE,1353.4386999999999,-,,1353.4242683745001,Small Cap
1335,Amir Chand Jagdish Kumar (Exports) Limited,INE05TO01019,AMIRCHAND,1350.8388235760001,AMIRCHAND,1354.2384999999999,-,,1352.5386617879999,Small Cap
1336,Haryana Financial Corporation ltd.,INE737G01016,HARAFIN,1351.367739046,-,,-,,1351.367739046,Small Cap
1337,Venus Remedies Ltd.,INE411B01019,VENUSREM,1351.796255988,VENUSREM,1349.4158,-,,1350.606027994,Small Cap
1338,Paramount Communications Ltd.,INE074B01023,PARACABLES,1349.7776853389998,PARACABLES,1348.9358,-,,1349.3567426694999,Small Cap
1339,Orient Technologies Limited,INE0PPK01015,ORIENTTECH,1349.3074703549999,ORIENTTECH,1348.924,-,,1349.1157351775,Small Cap
1340,HUHTAMAKI INDIA LIMITED,INE275B01026,HUHTAMAKI,1349.3126338110001,HUHTAMAKI,1348.8796,-,,1349.0961169054999,Small Cap
1341,DEN Networks Limited,INE947J01015,DEN,1340.493942547,DEN,1340.3626999999999,-,,1340.4283212734999,Small Cap
1342,IVALUE INFOSOLUTIONS LIMITED,INE056801025,IVALUE,1330.0927560489999,IVALUE,1317.4575,-,,1323.7751280245,Small Cap
1343,Motisons Jewellers Limited,INE0FRK01020,MOTISONS,1331.630724527,MOTISONS,1314.6432,-,,1323.1369622635,Small Cap
1344,Chaman Lal Setia Exports Ltd.,INE419D01026,CLSEL,1320.2939432319999,CLSEL,1319.8178,-,,1320.0558716159999,Small Cap
1345,SEPC LIMITED,INE964H01014,SEPC,1213.5860669229999,SEPC,1426.0808999999999,-,,1319.8334834614998,Small Cap
1346,Tinna Rubber and Infrastructure Limited,INE015C01016,TINNARUBR,1319.619670049,TINNARUBR,1319.4169999999999,-,,1319.5183350244999,Small Cap
1347,Meghmani Organics Limited,INE0CT101020,MOL,1315.219850748,MOL,1314.9337,-,,1315.0767753740001,Small Cap
1348,Bharat Wire Ropes Limited,INE316L01019,BHARATWIRE,1314.0332748879998,BHARATWIRE,1313.7229,-,,1313.8780874439999,Small Cap
1349,Laxmi Goldorna House Ltd.,INE258Y01016,-,-,LGHL,1312.7585999999999,-,,1312.7585999999999,Small Cap
1350,Signpost India Limited,INE0KGZ01021,SIGNPOST,1311.5293750000001,SIGNPOST,1313.6767,-,,1312.6030375,Small Cap
1351,Salasar Techno Engineering Limited,INE170V01027,SALASAR,1304.5453481450002,SALASAR,1304.7284,-,,1304.6368740725002,Small Cap
1352,5paisa Capital Limited,INE618L01018,5PAISA,1297.3619957409999,5PAISA,1297.8824,-,,1297.6221978704998,Small Cap
1353,Punjab Chemicals and Crop Protection Ltd.,INE277B01014,PUNJABCHEM,1296.8941578690001,PUNJABCHEM,1297.6943000000001,-,,1297.2942289345001,Small Cap
1354,EXPLEO SOLUTIONS LIMITED,INE201K01015,EXPLEOSOL,1295.9706319489999,EXPLEOSOL,1296.1989000000001,-,,1296.0847659745,Small Cap
1355,INDIA MOTOR PARTS & ACCESSORIES LTD,INE547E01014,IMPAL,1296.6564000000001,IMPAL,1295.1389999999999,-,,1295.8977,Small Cap
1356,Allcargo Logistics Ltd,INE418H01029,ALLCARGO,1316.4318606899999,ALLCARGO,1273.5746999999999,-,,1295.0032803449999,Small Cap
1357,Sakar Healthcare Ltd.,INE732S01012,-,-,SAKAR,1292.1088,-,,1292.1088,Small Cap
1358,TTK Healthcare Ltd.,INE910C01018,TTKHLTCARE,1286.50912079,TTKHLTCARE,1283.9492,-,,1285.229160395,Small Cap
1359,ANDHRA PAPER LIMITED,INE435A01051,ANDHRAPAP,1282.9267743360001,ANDHRAPAP,1283.5399,-,,1283.2333371680002,Small Cap
1360,Jagsonpal Pharmaceuticals Limited,INE048B01035,JAGSNPHARM,1281.1773867719999,JAGSNPHARM,1277.8157000000001,-,,1279.496543386,Small Cap
1361,UNITED FOODBRANDS LIMITED,INE382M01027,UFBL,1278.803980874,UFBL,1278.76,-,,1278.7819904369999,Small Cap
1362,Benares Hotels Ltd,INE664D01019,BENARAS,1274.9796041669999,-,,-,,1274.9796041669999,Small Cap
1363,Everest Kanto Cylinders Ltd.,INE184H01027,EKC,1272.822230383,EKC,1272.681,-,,1272.7516151915002,Small Cap
1364,Unitech Ltd.,INE694A01020,UNITECH,1271.148135527,UNITECH,1271.0862999999999,-,,1271.1172177634999,Small Cap
1365,IFGL Refractories Limited,INE133Y01011,IFGLEXPOR,1269.376647264,IFGLEXPOR,1269.6764000000001,-,,1269.5265236320001,Small Cap
1366,Atul Auto Limited,INE951D01028,ATULAUTO,1269.1377252069999,ATULAUTO,1268.6683,-,,1268.9030126035,Small Cap
1367,Gujarat Natural Resources Limited,INE207H01018,GNRL,1267.6937749670001,-,,-,,1267.6937749670001,Small Cap
1368,Quadrant Future Tek Limited,INE0LRY01011,QUADFUTURE,1265.4349999999999,QUADFUTURE,1264.8683000000001,-,,1265.15165,Small Cap
1369,Syncom Formulations (India) Ltd.,INE312C01025,SYNCOMF,1258.926333333,SYNCOMF,1258.4876999999999,-,,1258.7070166664998,Small Cap
1370,HMA Agro Industries Limited,INE0ECP01024,HMAAGRO,1247.53434335,HMAAGRO,1247.8557000000001,-,,1247.6950216750001,Small Cap
1371,Alldigi Tech Limited,INE835G01018,ALLDIGI,1246.4144306579999,ALLDIGI,1245.9070999999999,-,,1246.1607653289998,Small Cap
1372,Kross Limited,INE0O6601022,KROSS ,1244.9216410040001,KROSS,1244.3001999999999,-,,1244.610920502,Small Cap
1373,Media Matrix Worldwide Ltd.,INE200D01020,MMWL,1244.364525164,-,,-,,1244.364525164,Small Cap
1374,LEGEND INFOWAYS (INDIA) LIMITED,INE00R201018,-,-,-,-,LEGEND,1242.4891370980386,1242.4891370980386,Small Cap
1375,Texmaco Infrastructure & Holdings Ltd,INE435C01024,TEXINFRA,1241.7774289910001,TEXINFRA,1242.3635999999999,-,,1242.0705144955,Small Cap
1376,Orient Green Power Company Limited,INE999K01014,GREENPOWER,1242.38716643,GREENPOWER,1241.7130999999999,-,,1242.050133215,Small Cap
1377,Platinum Industries Limited,INE0PT501018,PLATIND,1231.887091153,PLATIND,1232.1159,-,,1232.0014955765,Small Cap
1378,Jindal Photo Limited,INE796G01012,JINDALPHOT,1230.849946843,JINDALPHOT,1230.2412999999999,-,,1230.5456234214998,Small Cap
1379,Apex Frozen Foods Limited,INE346W01013,APEX ,1225.6302083329999,APEX,1225.1197999999999,-,,1225.3750041664998,Small Cap
1380,Genesys International Corporation Ltd.,INE727B01026,GENESYS,1224.22880386,GENESYS,1223.8154999999999,-,,1224.0221519299998,Small Cap
1381,PNGS Reva Diamond Jewellery Limited,INE1RDG01013,PNGSREVA,1223.6334221030002,PNGSREVA,1222.7556,-,,1223.1945110515001,Small Cap
1382,Ice Make Refrigeration Ltd.,INE520Y01019,-,-,ICEMAKE,1221.0418,-,,1221.0418,Small Cap
1383,IG Petrochemicals Ltd,INE204A01010,IGPL,1219.019269725,IGPL,1219.3991000000001,-,,1219.2091848625,Small Cap
1384,Manaksia Coated Metals & Industries Ltd,INE830Q01018,MANAKCOAT,1201.841770345,MANAKCOAT,1201.8752999999999,-,,1201.8585351725001,Small Cap
1385,Solex Energy Ltd.,INE880Y01017,-,-,SOLEX,1198.6685,-,,1198.6685,Small Cap
1386,Capital Small Finance Bank Ltd,INE646H01017,CAPITALSFB,1198.037956265,CAPITALSFB,1197.8389999999999,-,,1197.9384781325,Small Cap
1387,Ultramarine & Pigments Ltd.,INE405A01021,ULTRAMAR,1194.930916667,-,,-,,1194.930916667,Small Cap
1388,Raj Rayon Industries Limited,INE533D01032,RAJRILTD,1184.0293844370001,RAJRILTD,1188.0007000000001,-,,1186.0150422185002,Small Cap
1389,Lincoln Pharmaceuticals ltd.,INE405C01035,LINCOLN,1182.9390442399999,LINCOLN,1183.0057999999999,-,,1182.9724221199999,Small Cap
1390,Igarashi Motors India Ltd.,INE188B01013,IGARASHI,1182.8296809190001,IGARASHI,1182.6631,-,,1182.7463904595002,Small Cap
1391,The Hi-Tech Gears Limited,INE127B01011,HITECHGEAR,1185.851054945,HITECHGEAR,1179.4274,-,,1182.6392274724999,Small Cap
1392,PAUSHAK LIMITED (formerly known as Darshak Limited),INE111F01024,PAUSHAKLTD,1175.5655386809999,PAUSHAKLTD,1174.2824000000001,-,,1174.9239693405,Small Cap
1393,Steel Exchange India Ltd.,INE503B01021,STEELXIND,1174.4806268719999,STEELXIND,1173.982,-,,1174.2313134359999,Small Cap
1394,Excell Industries Ltd.,INE369A01029,EXCELINDUS,1169.557280084,EXCELINDUS,1169.0461,-,,1169.301690042,Small Cap
1395,RENAISSANCE GLOBAL LIMITED,INE722H01024,RGL,1167.8428736219998,RGL,1168.489,-,,1168.1659368109999,Small Cap
1396,B L Kashyap and Sons Ltd,INE350H01032,BLKASHYAP,1166.488556,BLKASHYAP,1166.4152999999999,-,,1166.451928,Small Cap
1397,RUPA & COMPANY LIMITED,INE895B01021,RUPA,1163.2620690169999,RUPA,1163.0851,-,,1163.1735845085,Small Cap
1398,Valiant Communications Ltd.,INE760B01019,VALIANT,1162.158031033,-,,-,,1162.158031033,Small Cap
1399,3B BlackBio Dx Limited,INE994E01018,3BBLACKBIO,1158.8642884129999,-,,-,,1158.8642884129999,Small Cap
1400,Monte Carlo Fashions Limited,INE950M01013,MONTECARLO,1158.8990540280001,MONTECARLO,1158.4879000000001,-,,1158.6934770140001,Small Cap
1401,AYM Syntex Limited,INE193B01039,AYMSYNTEX,1157.0996819320001,AYMSYNTEX,1155.7689,-,,1156.4342909659999,Small Cap
1402,IKIO Technologies Limited,INE0LOJ01019,IKIO,1155.8230442730001,IKIO,1155.4893999999999,-,,1155.6562221365,Small Cap
1403,Saraswati Commercial (India) Ltd.,INE967G01019,ZSARACOM,1155.2576605080001,-,,-,,1155.2576605080001,Small Cap
1404,Ind-Swift Laboratories Ltd.,INE915B01019,INDSWFTLAB,1156.0308397250001,INDSWFTLAB,1151.0947000000001,-,,1153.5627698625001,Small Cap
1405,ONIDA ELECTRONICS LIMITED,INE831A01028,ONIDA,1168.1550302350001,ONIDA,1134.2927999999999,-,,1151.2239151174999,Small Cap
1406,Himatsingka Seide Ltd.,INE049A01027,HIMATSEIDE,1150.1636696309999,HIMATSEIDE,1149.7225000000001,-,,1149.9430848155,Small Cap
1407,Alicon Castalloy Limited,INE062D01024,ALICON,1148.816376193,ALICON,1147.6519000000001,-,,1148.2341380964999,Small Cap
1408,Faze Three Ltd.,INE963C01033,FAZE3Q,1146.614504417,FAZE3Q,1145.2972,-,,1145.9558522084999,Small Cap
1409,Centrum Capital Limited,INE660C01027,CENTRUM,1147.9059966059999,CENTRUM,1142.606,-,,1145.2559983030001,Small Cap
1410,STL Networks Limited,INE1VXE01018,STLNETWORK,1145.2261789920001,STLNETWORK,1144.7651000000001,-,,1144.995639496,Small Cap
1411,Balaji Telefilms Ltd.,INE794B01026,BALAJITELE,1146.9451073799999,BALAJITELE,1139.6919,-,,1143.3185036899999,Small Cap
1412,JINDAL POLY INVESTMENT AND FINANCE COMPANY LIMITED,INE147P01019,JPOLYINVST,1143.253308203,JPOLYINVST,1142.9594,-,,1143.1063541015001,Small Cap
1413,IZMO Limited,INE848A01014,IZMO,1140.539715852,IZMO,1139.8697999999999,-,,1140.204757926,Small Cap
1414,Laxmi Dental Limited,INE0WO601020,LAXMIDENTL,1139.0287056069999,LAXMIDENTL,1139.2215000000001,-,,1139.1251028034999,Small Cap
1415,Arihant Superstructures Limited,INE643K01018,ARIHANTSUP,1135.6600657610002,ARIHANTSUP,1136.586,-,,1136.1230328805,Small Cap
1416,Virtuoso Optoelectronics Limited,INE0I0T01010,VOEPL,1131.150460333,-,,-,,1131.150460333,Small Cap
1417,Reliance Industrial Infrastructure,INE046A01015,RIIL,1130.4753416670001,RIIL,1130.4156,-,,1130.4454708335002,Small Cap
1418,Jay Bharat Maruti Ltd.,INE571B01036,JAYBARMARU,1127.3975895829999,JAYBARMARU,1126.4404999999999,-,,1126.9190447914998,Small Cap
1419,Shree Pushkar Chemicals & Fertilisers Limited,INE712K01011,SHREEPUSHK,1125.9054297580001,SHREEPUSHK,1125.7208000000001,-,,1125.8131148790001,Small Cap
1420,Butterfly Gandhimathi Appliances Limited,INE295F01017,BUTTERFLY,1123.727545406,BUTTERFLY,1123.1331,-,,1123.430322703,Small Cap
1421,Hariom Pipe Industries Limited,INE00EV01017,HARIOMPIPE,1123.112605326,HARIOMPIPE,1123.2067999999999,-,,1123.159702663,Small Cap
1422,DAM Capital Advisors Limited,INE284H01025,DAMCAPITAL,1122.4082677500001,DAMCAPITAL,1122.248,-,,1122.328133875,Small Cap
1423,Roto Pumps Ltd.,INE535D01037,ROTO,1122.25672052,ROTO,1122.0934,-,,1122.17506026,Small Cap
1424,Automobile Corpn. of Goa Ltd.,INE451C01013,ACGL,1118.6815470040001,-,,-,,1118.6815470040001,Small Cap
1425,BIRLANU LIMITED,INE557A01011,BIRLANU,1116.6311875899999,BIRLANU,1115.9688000000001,-,,1116.2999937949999,Small Cap
1426,Madras Fertilizers Ltd,INE414A01015,MADRASFERT,1114.556521366,MADRASFERT,1114.1377,-,,1114.347110683,Small Cap
1427,Tarsons Products Limited,INE144Z01023,TARSONS,1114.13952414,TARSONS,1114.3812,-,,1114.2603620700002,Small Cap
1428,Diffusion Engineers Limited,INE184O01015,DIFFNKG,1111.438256958,DIFFNKG,1111.1833999999999,-,,1111.3108284790001,Small Cap
1429,Jyoti Resins & Adhesives Ltd,INE577D01013,JYOTIRES,1106.4124999999999,-,,-,,1106.4124999999999,Small Cap
1430,CAPITAL INDIA FINANCE LIMITED,INE345H01024,CIFL,1108.284689282,CIFL,1104.4341999999999,-,,1106.359444641,Small Cap
1431,PANORAMA STUDIOS INTERNATIONAL LIMITED ,INE258R01028,PANORAMA,1105.4765393069999,-,,-,,1105.4765393069999,Small Cap
1432,Salzer Electronics Ltd.,INE457F01013,SALZERELEC,1105.4945092309999,SALZERELEC,1105.2860000000001,-,,1105.3902546155,Small Cap
1433,GPT Healthcare Limited,INE486R01017,GPTHEALTH,1104.731433657,GPTHEALTH,1105.3551,-,,1105.0432668285,Small Cap
1434,Andrew Yule & Company Ltd,INE449C01025,ANDREWYU,1100.7101433079999,-,,-,,1100.7101433079999,Small Cap
1435,BHARAT GLOBAL DEVELOPERS LIMITED,INE893C01032,BGDL,1100.4614864100001,-,,-,,1100.4614864100001,Small Cap
1436,Bharat Seats Ltd,INE415D01024,BHARATSE,1100.282166667,BHARATSE,1100.0236,-,,1100.1528833335001,Small Cap
1437,RRP DEFENSE LIMITED,INE535P01015,RRPDEFENSE,1098.2202356830001,-,,-,,1098.2202356830001,Small Cap
1438,UNICOMMERCE ESOLUTIONS LIMITED,INE00U401027,UNIECOM,1098.8444900870002,UNIECOM,1093.1177,-,,1095.9810950435001,Small Cap
1439,Updater Services Limited,INE851I01011,UDS,1093.8457851190001,UDS,1093.6884,-,,1093.7670925595,Small Cap
1440,Rajoo Engineers Ltd.,INE535F01024,RAJOOENG,1080.6534843969998,RAJOOENG,1080.3438000000001,-,,1080.4986421985,Small Cap
1441,Dhanlaxmi Bank Limited,INE680A01011,DHANBANK,1078.8303694379999,DHANBANK,1078.1791000000001,-,,1078.504734719,Small Cap
1442,Kalind Limited,INE377D01018,KALIND,1077.8575450000001,-,,-,,1077.8575450000001,Small Cap
1443,Borosil Scientific Limited,INE02L001032,BOROSCI,1077.4971514459999,BOROSCI,1077.1132,-,,1077.305175723,Small Cap
1444,The Andhra Sugars Ltd.,INE715B01021,ANDHRSUGAR,1076.469504767,ANDHRSUGAR,1076.6750999999999,-,,1076.5723023834998,Small Cap
1445,Shree Digvijay Cement Co. Ltd.,INE232A01011,SHREDIGCEM,1076.5807621389999,SHREDIGCEM,1075.8205,-,,1076.2006310695001,Small Cap
1446,Nelcast Limited,INE189I01024,NELCAST,1076.3897215500001,NELCAST,1075.8887,-,,1076.139210775,Small Cap
1447,Vardhman Holdings Limited,INE701A01023,VHL,1075.0449650799999,VHL,1073.0292999999999,-,,1074.0371325399999,Small Cap
1448,SRM CONTRACTORS LIMITED,INE0R6Z01013,SRM,1067.761883467,SRM,1067.8661,-,,1067.8139917335,Small Cap
1449,RAJPUTANA STAINLESS LIMITED,INE313L01016,RSL,1066.8845913950001,RSL,1067.3910000000001,-,,1067.1377956975002,Small Cap
1450,Bajaj Healthcare Limited,INE411U01027,BAJAJHCARE,1060.8860436,BAJAJHCARE,1057.5807,-,,1059.2333718,Small Cap
1451,Western Carriers (India) Limited,INE0CJF01024,WCIL,1058.0674109639999,WCIL,1058.8516,-,,1058.4595054819999,Small Cap
1452,Ratnaveer Precision Engineering Limited,INE05CZ01011,RATNAVEER,1059.023814183,RATNAVEER,1052.3153,-,,1055.6695570914999,Small Cap
1453,TGV SRAAC LIMITED,INE284B01028,TGVSL,1052.800716215,-,,-,,1052.800716215,Small Cap
1454,Jaro Institute of Technology Management and Research Limited,INE00YJ01010,JARO,1051.3703519850001,JARO,1050.8177000000001,-,,1051.0940259925001,Small Cap
1455,Master Trust Ltd.,INE677D01037,MASTERTR,1048.926678,MASTERTR,1048.3054,-,,1048.616039,Small Cap
1456,Gulshan Polyols Ltd.,INE255D01024,GULPOLY,1041.2275565559999,GULPOLY,1040.8429000000001,-,,1041.035228278,Small Cap
1457,Suraj Estate Developers Limited,INE843S01025,SURAJEST,1038.9995289180001,SURAJEST,1038.9076,-,,1038.9535644590001,Small Cap
1458,Gala Precision Engineering Limited,INE0RE001014,GALAPREC,1036.830451457,GALAPREC,1036.3208,-,,1036.5756257285,Small Cap
1459,A.K.Capital Services Ltd.,INE701G01012,AKCAPIT,1036.0498500000001,-,,-,,1036.0498500000001,Small Cap
1460,Systematix Corporate Services Ltd.,INE356B01024,SYSTMTXC,1035.2903582910001,SYSTMTXC,1033.9193,-,,1034.6048291454999,Small Cap
1461,IRM ENERGY LIMITED,INE07U701015,IRMENERGY,1031.5747708490001,IRMENERGY,1031.0704000000001,-,,1031.3225854245002,Small Cap
1462,NIIT Ltd.,INE161A01038,NIITLTD,1028.826660059,NIITLTD,1028.2266,-,,1028.5266300295,Small Cap
1463,Indo Rama Synthetics (India) Ltd.,INE156A01020,INDORAMA,1027.9415490850001,INDORAMA,1027.3018,-,,1027.6216745424999,Small Cap
1464,Tribhovandas Bhimji Zaveri Limited,INE760L01018,TBZ,1025.3104154149999,TBZ,1025.2158999999999,-,,1025.2631577074999,Small Cap
1465,Sar  Auto Products Limited,INE002E01010,SAPL,1025.141553703,-,,-,,1025.141553703,Small Cap
1466,Rama Steel Tubes Limited,INE230R01035,RAMASTEEL,1024.8978712950002,RAMASTEEL,1023.7117,-,,1024.3047856475,Small Cap
1467,Electrotherm (India) Ltd,INE822G01016,ELECTHERM,1023.496980024,ELECTHERM,1023.9435,-,,1023.720240012,Small Cap
1468,ABANS FINANCIAL SERVICES LIMITED,INE00ZE01026,AFSL,1023.821288492,AFSL,1022.3769,-,,1023.099094246,Small Cap
1469,CREST VENTURES LIMITED,INE559D01011,CREST,1022.418530692,CREST,1023.4514,-,,1022.934965346,Small Cap
1470,Control Print (India) Ltd.,INE663B01015,CONTROLPR,1021.931515826,CONTROLPR,1021.7655999999999,-,,1021.8485579129999,Small Cap
1471,A B INFRABUILD LIMITED,INE00YB01025,ABINFRA,1021.924571639,ABINFRA,1020.9930000000001,-,,1021.4587858195,Small Cap
1472,Finkurve Financial Services Limited,INE734I01027,FINKURVE,1019.1910600149999,FINKURVE,1018.9763,-,,1019.0836800075,Small Cap
1473,HARDWYN INDIA LIMITED,INE626Z01029,HARDWYN,1017.4081344819999,HARDWYN,1015.8858,-,,1016.646967241,Small Cap
1474,Fredun Pharmaceuticals Limited,INE194R01017,FREDUN,1014.302072391,-,,-,,1014.302072391,Small Cap
1475,Mangalam Worldwide Limited,INE0JYY01011,MWL,1116.2223522709999,MWL,906.08339999999998,-,,1011.1528761354999,Small Cap
1476,AEROFLEX ENTERPRISES LIMITED,INE065D01027,AEROENTER,1010.479498875,AEROENTER,1010.3184,-,,1010.3989494375001,Small Cap
1477,Bhartiya International Ltd.,INE828A01016,BIL,1012.040134334,BIL,1006.6497000000001,-,,1009.3449171669999,Small Cap
1478,AXIS SOLUTIONS LIMITED,INE520G01024,AXISOL,1008.17086488,-,,-,,1008.17086488,Small Cap
1479,AVT Natural Products Ltd.,INE488D01021,AVTNPL,1003.805366667,AVTNPL,1003.3384,-,,1003.5718833335,Small Cap
1480,Gandhi Special Tubes Ltd.,INE524B01027,GANDHITUBE,1002.6605073329999,GANDHITUBE,1002.3977,-,,1002.5291036665,Small Cap
1481,Asian Star Co. Ltd.,INE194D01017,ASTAR,1002.3911686,-,,-,,1002.3911686,Small Cap
1482,Bluspring Enterprises Limited,INE0U4101014,BLUSPRING,999.47298702000012,BLUSPRING,998.6499,-,,999.06144351000012,Small Cap
1483,Jaybharat Textiles And Real Estate Limited,INE091E01039,JAYTEX,998.49443531299994,-,,-,,998.49443531299994,Small Cap
1484,Oricon Enterprises Ltd.,INE730A01022,ORICONENT,997.954470044,ORICONENT,998.88630000000001,-,,998.420385022,Small Cap
1485,GKW Ltd.,INE528A01020,-,-,GKWLIMITED,998.1069,-,,998.1069,Small Cap
1486,ZUARI AGRO CHEMICALS LIMITED,INE840M01016,ZUARI,995.25364431599996,ZUARI,995.24030000000005,-,,995.24697215800006,Small Cap
1487,Macpower CNC Machines Ltd.,INE155Z01011,-,-,MACPOWER,994.94119999999998,-,,994.94119999999998,Small Cap
1488,Yuken India Ltd.,INE384C01016,YUKEN,992.53137400000003,YUKEN,992.10059999999999,-,,992.31598699999995,Small Cap
1489,SKM Egg Products Exports (India) Lt,INE411D01023,SKMEGGPROD,988.58069458299997,SKMEGGPROD,988.22059999999999,-,,988.40064729150004,Small Cap
1490,BOMBAY SUPER HYBRID SEEDS LIMITED,INE032Z01020,BSHSL,992.592472348,BSHSL,976.38630000000001,-,,984.48938617399995,Small Cap
1491,Quick Heal Technologies Limited,INE306L01010,QUICKHEAL,984.60989798899993,QUICKHEAL,983.81569999999999,-,,984.21279899449996,Small Cap
1492,CREATIVE NEWTECH LIMITED,INE985W01018,CNL,983.45768812000006,CNL,984.37249999999995,-,,983.91509406,Small Cap
1493,Arihant Foundations & Housing Ltd.,INE413D01011,ARIHANT,980.11621376000005,-,,-,,980.11621376000005,Small Cap
1494,Century Enka Ltd.,INE485A01015,CENTENKA,979.42807001200003,CENTENKA,979.3297,-,,979.37888500600002,Small Cap
1495,Tamil Nadu Newsprint And Papers Ltd,INE107A01015,TNPL,977.60260877500002,TNPL,977.78949999999998,-,,977.6960543875,Small Cap
1496,Industrial & Prudential Inv. Co. Lt,INE620D01011,INDPRUD,977.17092225300007,-,,-,,977.17092225300007,Small Cap
1497,BMW INDUSTRIES LIMITED,INE374E01021,BMW,976.72517876000006,-,,-,,976.72517876000006,Small Cap
1498,MAMATA MACHINERY LIMITED,INE0TO701015,MAMATA,975.24915232499995,MAMATA,975.34450000000004,-,,975.2968261625,Small Cap
1499,ORIENTAL AROMATICS LIMITED,INE959C01023,OAL,974.890811891,OAL,974.98389999999995,-,,974.93735594550003,Small Cap
1500,Wealth First Portfolio Managers Limited,INE658T01017,WEALTH,975.03239062499995,WEALTH,972.91520000000003,-,,973.97379531249999,Small Cap
1501,MIC Electronics Limited,INE287C01037,MICEL,972.87730524400001,MICEL,972.48770000000002,-,,972.68250262200002,Small Cap
1502,INDIA SOLOMON HOLDINGS LIMITED,INE00WT01013,-,-,-,-,ISHL,968.27087999999947,968.27087999999947,Small Cap
1503,Manali Petrochemicals Ltd.,INE201A01024,MANALIPETC,967.59456268199995,MANALIPETC,967.34370000000001,-,,967.46913134099998,Small Cap
1504,Le Merite Exports Ltd.,INE0G1L01025,-,-,LEMERITE,966.6318,-,,966.6318,Small Cap
1505,GRP Limited,INE137I01015,GRPLTD,961.51998184199999,GRPLTD,962.44150000000002,-,,961.98074092100001,Small Cap
1506,Mafatlal Industries Ltd.,INE270B01035,MAFATIND,955.84429978500009,-,,-,,955.84429978500009,Small Cap
1507,Saint-Gobain Sekurit India Ltd.,INE068B01017,SEKURITIND,955.14001137299999,-,,-,,955.14001137299999,Small Cap
1508,FERMENTA BIOTECH LIMITED,INE225B01021,FERMENTA,954.01034877000006,-,,-,,954.01034877000006,Small Cap
1509,Matrimony.com Limited,INE866R01028,MATRIMONY,949.70826898999997,MATRIMONY,956.00670000000002,-,,952.85748449499999,Small Cap
1510,Excelsoft Technologies Limited,INE606N01019,EXCELSOFT,952.64177468999992,EXCELSOFT,952.71270000000004,-,,952.67723734499998,Small Cap
1511,Amines & Plasticizers Ltd,INE275D01022,AMNPLST,953.71897249999995,AMNPLST,950.69560000000001,-,,952.20728624999992,Small Cap
1512,Prime Securities Ltd.,INE032B01021,PRIMESECU,951.05357192700001,PRIMESECU,952.4393,-,,951.74643596350006,Small Cap
1513,Royal Orchid Hotels Ltd,INE283H01019,ROHLTD,948.73074695100001,ROHLTD,949.37519999999995,-,,949.05297347550004,Small Cap
1514,Nitta Gelatin India Ltd,INE265B01019,NITTAGELA,948.80778004299998,-,,-,,948.80778004299998,Small Cap
1515,Asian Hotels (North) Limited,INE363A01022,ASIANHOTNR,957.39684294500012,ASIANHOTNR,935.846,-,,946.62142147250006,Small Cap
1516,ArisInfra Solutions Limited,INE0H9P01028,ARIS,944.2617403459999,ARIS,943.58550000000002,-,,943.92362017300002,Small Cap
1517,Viceroy Hotels Ltd.,INE048C01025,VHLTD,946.35869305499989,VHLTD,941.23170000000005,-,,943.79519652749991,Small Cap
1518,Lotus Chocolate Co. Ltd.,INE026D01011,LOTUSCHO,938.66356050100001,-,,-,,938.66356050100001,Small Cap
1519,Macfos Limited,INE0OLH01013,ROBU,936.06731439599992,-,,-,,936.06731439599992,Small Cap
1520,IFB Agro Industries Ltd,INE076C01018,IFBAGRO,935.35130772000002,IFBAGRO,936.07449999999994,-,,935.71290385999998,Small Cap
1521,TAAL TECH LIMITED,INE524T01011,TAALTECH,934.00691137000013,-,,-,,934.00691137000013,Small Cap
1522,BCL INDUSTRIES LIMITED,INE412G01024,BCLIND,930.36714615300002,BCLIND,930.52210000000002,-,,930.44462307649997,Small Cap
1523,ORIENTAL RAIL INFRASTRUCTURE LIMITED,INE457G01029,ORIRAIL,928.75597349999998,-,,-,,928.75597349999998,Small Cap
1524,EIMCO Elecon India Ltd.,INE158B01016,EIMCOELECO,928.25908957299998,EIMCOELECO,928.33500000000004,-,,928.29704478650001,Small Cap
1525,PNGS GARGI FASHION JEWELLERY LIMITED,INE0NT601018,GARGI,927.91315287000009,-,,-,,927.91315287000009,Small Cap
1526,HEALTH X PLATFORM LIMITED,INE019J01013,HEALTHX,926.7551780629999,HEALTHX,927.35829999999999,-,,927.0567390315,Small Cap
1527,Advent Hotels International Limited,INE28GN01010,ADVENTHTL,922.72904406000009,ADVENTHTL,922.35860000000002,-,,922.54382203,Small Cap
1528,Apis India Ltd,INE070K01014,APIS,918.4688287780001,-,,-,,918.4688287780001,Small Cap
1529,Ester Industries Ltd.,INE778B01029,ESTER,917.49118312299993,ESTER,915.80960000000005,-,,916.65039156149999,Small Cap
1530,BORANA WEAVES LIMITED,INE16SF01016,BORANA,916.881254259,BORANA,915.74440000000004,-,,916.31282712949996,Small Cap
1531,GUJARAT KIDNEY AND SUPER SPECIALITY LIMITED,INE0V0W01025,GKSL,915.40626898999994,GKSL,915.70849999999996,-,,915.55738449499995,Small Cap
1532,New Delhi Television Limited,INE155G01029,NDTV,912.14458747000003,NDTV,911.66880000000003,-,,911.90669373500009,Small Cap
1533,STANLEY LIFESTYLES LIMITED,INE01A001028,STANLEY,910.1831885790001,STANLEY,910.26790000000005,-,,910.22554428950002,Small Cap
1534,Deccan Cements Ltd.,INE583C01021,DECCANCE,906.01852385400014,DECCANCE,906.78599999999994,-,,906.40226192700004,Small Cap
1535,A-1 LIMITED,INE911Z01025,A1L,901.53866666700003,-,,-,,901.53866666700003,Small Cap
1536,Hexa Tradex Limited,INE750M01017,HEXATRADEX,906.48963117199992,HEXATRADEX,895.99270000000001,-,,901.24116558599997,Small Cap
1537,Tembo Global Industries Ltd.,INE869Y01010,-,-,TEMBO,899.99570000000006,-,,899.99570000000006,Small Cap
1538,Sical Logistics Limited,INE075B01020,SICALLOG,570.94495669299999,SICALLOG,1224.7213999999999,-,,897.83317834649995,Small Cap
1539,ECOS (India) Mobility & Hospitality Limited,INE06HJ01020,ECOSMOBLTY,896.245,ECOSMOBLTY,896.01250000000005,-,,896.12875000000008,Small Cap
1540,Kapston Services Ltd.,INE542Z01028,-,-,KAPSTON,894.79920000000004,-,,894.79920000000004,Small Cap
1541,Swelect Energy Systems Limited,INE409B01013,SWELECTES,893.55142503500008,SWELECTES,894.3492,-,,893.95031251750004,Small Cap
1542,Trans Globe NKS Holdings Limited,INE00R101010,-,-,-,-,TRANSGLOB,892.81625999999994,892.81625999999994,Small Cap
1543,Indo Borax & Chemicals Ltd.,INE803D01021,INDOBORAX,887.884839167,INDOBORAX,888.09209999999996,-,,887.98846958349998,Small Cap
1544,Gem Aromatics Limited,INE06XZ01023,GEMAROMA,888.03787564200002,GEMAROMA,887.82539999999995,-,,887.93163782099998,Small Cap
1545,STEL Holdings Limited,INE577L01016,STEL,885.96248267800001,STEL,885.80949999999996,-,,885.88599133899993,Small Cap
1546,Cosmic CRF Limited,INE0ORA01015,COSMICCRF,882.60594815499996,-,,-,,882.60594815499996,Small Cap
1547,Indef Manufacturing Limited,INE0O9T01021,BAJAJINDEF,879.48,BAJAJINDEF,878.89729999999997,-,,879.18865000000005,Small Cap
1548,RDB INFRASTRUCTURE AND POWER LIMITED,INE245L01028,RDBIPL,877.31448565000005,-,,-,,877.31448565000005,Small Cap
1549,Uttam Sugar Mills Ltd,INE786F01031,UTTAMSUGAR,877.04804384500005,UTTAMSUGAR,876.69179999999994,-,,876.8699219225,Small Cap
1550,Bajaj Steel Industries Ltd.,INE704G01024,BAJAJST,874.96673333299998,-,,-,,874.96673333299998,Small Cap
1551,KRISHIVAL FOODS LIMITED,INE0GGO01015,KRISHIVAL,932.02237086800005,KRISHIVAL,814.94499999999994,-,,873.48368543399999,Small Cap
1552,PROSTARM INFO SYSTEMS LIMITED,INE0BX301013,PROSTARM,871.85911427999997,PROSTARM,871.98770000000002,-,,871.92340713999999,Small Cap
1553,NINtec Systems Limited,INE395U01014,NINSYS,869.48605799999996,NINSYS,867.98299999999995,-,,868.73452899999995,Small Cap
1554,The Yamuna Syndicate Ltd ,INE868X01014,YSL,866.83437173200002,-,,-,,866.83437173200002,Small Cap
1555,Wanbury Limited,INE107F01022,WANBURY,869.53089029799992,WANBURY,862.29729999999995,-,,865.91409514899988,Small Cap
1556,Pervasive Commodities Limited,INE443P01038,PERVASIVE,865.35708016499996,-,,-,,865.35708016499996,Small Cap
1557,Bright Outdoor Media Limited,INE0OMI01019,BRIGHT,861.93685732199992,-,,-,,861.93685732199992,Small Cap
1558,ONE GLOBAL SERVICE PROVIDER LIMITED,INE670O01013,ONEGLOBAL,861.93386192499997,-,,-,,861.93386192499997,Small Cap
1559,Kellton Tech Solutions Ltd.,INE164B01030,KELLTONTEC,860.89340049300006,KELLTONTEC,860.42280000000005,-,,860.6581002465,Small Cap
1560,Vascon Engineers Limited,INE893I01013,VASCONEQ,863.26937613899997,VASCONEQ,856.91679999999997,-,,860.09308806950003,Small Cap
1561,DPSC Ltd.,INE360C01024,-,-,DPSCLTD,864.53039999999999,DPSCLTD,852.58624417039209,858.5583220851961,Small Cap
1562,B-RIGHT REALESTATE LIMITED,INE0IZQ01016,BRRL,858.09354473300004,-,,-,,858.09354473300004,Small Cap
1563,Kokuyo Camlin Ltd,INE760A01029,KOKUYOCMLN,856.21251291199997,KOKUYOCMLN,856.26940000000002,-,,856.24095645600005,Small Cap
1564,Dharmaj Crop Guard Limited,INE00OQ01016,DHARMAJ,855.17861357100003,DHARMAJ,855.94219999999996,-,,855.56040678549994,Small Cap
1565,Vadilal Enterprises Ltd.,INE693D01018,VADILENT,855.10254541799998,-,,-,,855.10254541799998,Small Cap
1566,Viviana Power Tech Ltd.,INE0MEG01014,-,-,VIVIANA,852.24239999999998,-,,852.24239999999998,Small Cap
1567,Mac Charles (India) Ltd.,INE435D01014,MCCHRLS-B,851.75809205799999,-,,-,,851.75809205799999,Small Cap
1568,Dhunseri Ventures Limited,INE477B01010,DVL,850.58198834899997,DVL,852.32420000000002,-,,851.45309417449994,Small Cap
1569,Dhampur Sugar Mills Ltd.,INE041A01016,DHAMPURSUG,848.89950755799998,DHAMPURSUG,848.78,-,,848.83975377899992,Small Cap
1570,Themis Medicare Ltd.,INE083B01024,THEMISMED,846.27346513500004,THEMISMED,845.88649999999996,-,,846.0799825675,Small Cap
1571,Indo Amines Ltd.,INE760F01028,INDOAMIN,844.68026434799992,INDOAMIN,844.93309999999997,-,,844.80668217399989,Small Cap
1572,SUNRAKSHAKK INDUSTRIES INDIA LIMITED,INE671K01027,SUNRAKSHAK,844.05024512499995,-,,-,,844.05024512499995,Small Cap
1573,Sigachi Industries Limited,INE0D0K01022,SIGACHI,843.08068070499996,SIGACHI,842.1413,-,,842.61099035250004,Small Cap
1574,Zelio E Mobility Limited,INE1B3501014,ZELIO,841.85548125000003,-,,-,,841.85548125000003,Small Cap
1575,AVADH SUGAR & ENERGY LIMITED,INE349W01017,AVADHSUGAR,840.32572785299999,AVADHSUGAR,840.25900000000001,-,,840.2923639265,Small Cap
1576,OM INFRA LIMITED,INE239D01028,OMINFRAL,839.94577146300003,OMINFRAL,839.47789999999998,-,,839.71183573150006,Small Cap
1577,Sterling Tools Ltd.,INE334A01023,STERTOOLS,839.35895092200008,STERTOOLS,838.51130000000001,-,,838.9351254610001,Small Cap
1578,GIC Housing Finance Ltd.,INE289B01019,GICHSGFIN,836.580797899,GICHSGFIN,836.37660000000005,-,,836.47869894950009,Small Cap
1579,Eldeco Housing & Ind. Ltd.,INE668G01021,ELDEHSG,832.620746833,ELDEHSG,832.98540000000003,-,,832.80307341649996,Small Cap
1580, Max India Limited,INE0CG601016,MAXIND,832.93949377600006,MAXIND,832.21010000000001,-,,832.57479688800004,Small Cap
1581,Sudarshan Colorants India Limited,INE492A01029,SUDARCOLOR,830.49847990500007,SUDARCOLOR,831.31880000000001,-,,830.90863995250004,Small Cap
1582,Scoda Tubes Limited,INE090501011,SCODATUBES,831.00134430799994,SCODATUBES,830.66740000000004,-,,830.83437215399999,Small Cap
1583,NCL Industries Limited,INE732C01016,NCLIND,825.87535741700003,NCLIND,826.0095,-,,825.94242870850007,Small Cap
1584,Sree Rayalaseema Hi-Strength Hypo Limited,INE917H01012,SRHHYPOLTD,822.47456944199996,SRHHYPOLTD,822.24639999999999,-,,822.36048472099992,Small Cap
1585,Gretex Corporate Services Limited,INE199P01028,GCSL,828.10207486100001,GCSL,816.20640000000003,-,,822.15423743049996,Small Cap
1586,Dalmia Bharat Refractories Limited,INE0EB001012,-,-,-,-,DALMIARF,822.06243543529433,822.06243543529433,Small Cap
1587,Synergy Green Industries Limited,INE00QT01015,SGIL,820.58038012500003,SGIL,819.97029999999995,-,,820.27534006249994,Small Cap
1588,Munjal Auto Industries Ltd.,INE672B01032,MUNJALAU,820.07166666700004,MUNJALAU,819.92920000000004,-,,820.00043333350004,Small Cap
1589,KRYSTAL INTEGRATED SERVICES LIMITED,INE0QN801017,KRYSTAL,819.37406391100001,KRYSTAL,819.43640000000005,-,,819.40523195550008,Small Cap
1590,FEDDERS HOLDING LIMITED,INE417D01020,FEDDERSHOL,816.65279963,-,,-,,816.65279963,Small Cap
1591,Tamilnadu Petroproducts Ltd,INE148A01019,TNPETRO,815.941550796,TNPETRO,816.18970000000002,-,,816.06562539800007,Small Cap
1592,Ambika Cotton Mills Ltd.,INE540G01014,AMBIKCO,813.399889583,AMBIKCO,813.82349999999997,-,,813.61169479149999,Small Cap
1593,R&B Denims Limited,INE012Q01039,RNBDENIMS,812.70459104500003,RNBDENIMS,812.66340000000002,-,,812.68399552250003,Small Cap
1594,CROPSTER AGRO LIMITED,INE293E01031,CROPSTER,809.66200000000003,-,,-,,809.66200000000003,Small Cap
1595,Heranba Industries Limited,INE694N01015,HERANBA,808.101976165,HERANBA,807.95460000000003,-,,808.02828808250001,Small Cap
1596,Kabra Extrusion Technik Ltd,INE900B01029,KABRAEXTRU,806.81749771400007,KABRAEXTRU,807.8836,-,,807.35054885700004,Small Cap
1597,Bharat Parenterals Limited,INE365Y01019,BPLPHARMA,805.984633347,-,,-,,805.984633347,Small Cap
1598,IST Limited,INE684B01029,ISTLTD,804.84948624700007,-,,-,,804.84948624700007,Small Cap
1599,UTSAV SECURITIES LIMITED,INE01A801013,-,-,-,-,UTSAV,803.96994299999949,803.96994299999949,Small Cap
1600,NURTURE WELL INDUSTRIES LIMITED,INE882B01037,NWIL,803.83014874599996,-,,-,,803.83014874599996,Small Cap
1601,Suyog Telematics Limited,INE442P01014,SUYOG,808.39005827200003,SUYOG,797.89880000000005,-,,803.1444291360001,Small Cap
1602,MAAN ALUMINIUM LIMITED,INE215I01027,MAANALU,807.91324853100002,MAANALU,798.26949999999999,-,,803.09137426550001,Small Cap
1603,Nahar Spinning Mills Ltd.,INE290A01027,NAHARSPING,801.19371158699994,NAHARSPING,800.26710000000003,-,,800.73040579350004,Small Cap
1604,MANGAL ELECTRICAL INDUSTRIES LIMITED,INE0PKD01011,MEIL,799.95771134500001,MEIL,800.19,-,,800.07385567250003,Small Cap
1605,TVS Electronics Ltd.,INE236G01019,TVSELECT,799.21896886800005,TVSELECT,798.68039999999996,-,,798.94968443400001,Small Cap
1606,Schneider Electric President Systems Ltd,INE155D01018,SELECTRIC,1025.008992,-,,SELECTRIC,569.98367999999994,797.49633599999993,Small Cap
1607,Eco Recycling Limited,INE316A01038,ECORECO,796.56099565600005,-,,-,,796.56099565600005,Small Cap
1608,MANOJ VAIBHAV GEMS 'N' JEWELLERS LIMITED,INE0KNT01012,MVGJL,794.36115616200004,MVGJL,793.77419999999995,-,,794.06767808099994,Small Cap
1609,Arihant Capital Markets Ltd.,INE420B01036,ARIHANTCAP,794.50731090699992,ARIHANTCAP,788.47249999999997,-,,791.48990545349989,Small Cap
1610,JITF INFRALOGISTICS LIMITED,INE863T01013,JITFINFRA,792.07041026800005,JITFINFRA,790.51530000000002,-,,791.29285513400009,Small Cap
1611,PROZONE REALTY LIMITED,INE195N01013,PROZONER,790.14466421600002,PROZONER,791.10609999999997,-,,790.62538210799994,Small Cap
1612,GHCL Textiles Limited,INE0PA801013,GHCLTEXTIL,789.64453327299998,GHCLTEXTIL,790.00620000000004,-,,789.82536663650001,Small Cap
1613,Sunshield Chemicals Ltd.,INE199E01014,SUNSHIEL,789.40725613999996,-,,-,,789.40725613999996,Small Cap
1614,HYPERSOFT TECHNOLOGIES LIMITED,INE039D01014,HYPERSOFT,786.50169889400001,-,,-,,786.50169889400001,Small Cap
1615,Agarwal Industrial Corporation Limited,INE204E01012,AGARIND,786.24683016699998,AGARIND,786.56659999999999,-,,786.40671508349999,Small Cap
1616,SHREE REFRIGERATIONS LIMITED,INE0FMZ01045,SHREEREF,786.17157281599998,-,,-,,786.17157281599998,Small Cap
1617,Pudumjee Paper Products Limited,INE865T01018,PDMJEPAPER,784.04012999999998,PDMJEPAPER,783.27890000000002,-,,783.65951500000006,Small Cap
1618,GTPL Hathway Limited,INE869I01013,GTPL,783.13261634499997,GTPL,782.82330000000002,-,,782.97795817249994,Small Cap
1619,Ganesh Consumer Products Limited,INE652V01016,GANESHCP,782.64553160000003,GANESHCP,782.73479999999995,-,,782.69016579999993,Small Cap
1620,VLS Finance Limited,INE709A01018,VLSFINANCE,776.61425050799994,VLSFINANCE,787.5521,-,,782.08317525400003,Small Cap
1621,Ruby Mills Ltd.,INE301D01026,RUBYMILLS,781.71294666699998,RUBYMILLS,782.20619999999997,-,,781.95957333349997,Small Cap
1622,Beekay Steel Industries Ltd.,INE213D01015,BEEKAY,781.61480840800004,-,,-,,781.61480840800004,Small Cap
1623,U.P. Hotels Ltd.,INE726E01014,UPHOT,778.53442500000006,-,,-,,778.53442500000006,Small Cap
1624,BEML Land Assets Limited,INE0N7W01012,BLAL,778.83543899999995,BLAL,778.22810000000004,-,,778.5317695,Small Cap
1625,Anuh Pharma Ltd.,INE489G01022,ANUHPHR,778.50912960000005,ANUHPHR,777.95209999999997,-,,778.23061480000001,Small Cap
1626,Zuari Industries Limited,INE217A01012,ZUARIIND,776.064151208,ZUARIIND,775.94079999999997,-,,776.00247560399998,Small Cap
1627,ADC India Communications Limited,INE833A01016,ADCINDIA,772.72582499999999,-,,-,,772.72582499999999,Small Cap
1628,Uniphos Enterprises Limited.,INE037A01022,UNIENTER,774.18091377600001,UNIENTER,769.45010000000002,-,,771.81550688800007,Small Cap
1629,PVP Ventures Ltd,INE362A01016,PVP,771.04661931800001,PVP,770.82960000000003,-,,770.93810965900002,Small Cap
1630,N.R.Agarwal Industries Ltd.,INE740D01017,NRAIL,765.58648527100002,NRAIL,765.9049,-,,765.74569263550006,Small Cap
1631,Innovana Thinklabs Limited,INE403Y01018,INNOVANA,767.72785583300004,INNOVANA,761.50019999999995,-,,764.61402791649994,Small Cap
1632,Fairchem Organics Limited,INE0DNW01011,FAIRCHEMOR,761.04265185400004,FAIRCHEMOR,767.64269999999999,-,,764.34267592700007,Small Cap
1633,Bigbloc Construction Limited,INE412U01025,BIGBLOC,764.58219747099997,BIGBLOC,763.98400000000004,-,,764.28309873550006,Small Cap
1634,Enkei wheels (India) Limited,INE130L01014,ENKEIWHEL,763.008079361,-,,-,,763.008079361,Small Cap
1635,REGAAL RESOURCES LIMITED,INE0MHO01029,REGAAL,762.40324777399996,REGAAL,762.37760000000003,-,,762.390423887,Small Cap
1636,Aryaman Financial Services Ltd.,INE032E01017,ARYAMAN,761.55367012500005,-,,-,,761.55367012500005,Small Cap
1637,Dwarikesh Sugar Industries Ltd.,INE366A01041,DWARKESH,756.84223571000007,DWARKESH,756.61829999999998,-,,756.73026785499997,Small Cap
1638,Sandesh Ltd.,INE583B01015,SANDESH,754.07896650700002,SANDESH,753.99760000000003,-,,754.03828325350003,Small Cap
1639,FOSECO CRUCIBLE INDIA LIMITED,INE599F01020,FOSECOC,753.54369999999994,-,,-,,753.54369999999994,Small Cap
1640,VEEFIN SOLUTIONS LIMITED,INE0Q0M01015,VEEFIN,753.11888096999996,-,,-,,753.11888096999996,Small Cap
1641,Likhitha Infrastructure Limited,INE060901027,LIKHITHA,751.26771874999997,LIKHITHA,752.19839999999999,-,,751.73305937500004,Small Cap
1642,Radhika Jeweltech Limited,INE583V01021,RADHIKAJWE,750.36298333299999,RADHIKAJWE,750.16139999999996,-,,750.26219166650003,Small Cap
1643,A B Cotspin India Limited,INE08PH01015,ABCOTS ,749.52683551699999,ABCOTS,748.31830000000002,-,,748.92256775850001,Small Cap
1644,Aditya Birla  Money Ltd,INE865C01022,BIRLAMONEY,748.9866064439999,BIRLAMONEY,748.14229999999998,-,,748.56445322199988,Small Cap
1645,Innovision Limited,INE0ADB01012,INNOVISION,748.19904314500002,INNOVISION,747.81439999999998,-,,748.00672157250006,Small Cap
1646,Hazoor Multi Projects Limited,INE550F01049,HAZOOR,745.93516665600009,-,,-,,745.93516665600009,Small Cap
1647,Automotive Stampings and Assemblies Ltd.,INE900C01027,ASAL,745.32523545699996,ASAL,745.35170000000005,-,,745.33846772850006,Small Cap
1648,Sobhagya Mercantile Ltd.,INE754D01018,SOBME,744.96741431300006,-,,-,,744.96741431300006,Small Cap
1649,Bizotic Commercial Limited,INE0OJ401014,BIZOTIC,742.60367825000003,-,,-,,742.60367825000003,Small Cap
1650,SEJAL GLASS LIMITED,INE955I01044,SEJALLTD,745.48986249999996,SEJALLTD,736.50540000000001,-,,740.99763125000004,Small Cap
1651,RSWM Limited,INE611A01016,RSWM,741.07630778400005,RSWM,740.74069999999995,-,,740.908503892,Small Cap
1652,Rajapalayam Mills Limited,INE296E01026,RAJPALAYAM,739.37590567500001,-,,-,,739.37590567500001,Small Cap
1653,Bodal Chemicals Ltd,INE338D01028,BODALCHEM,738.13192661800008,BODALCHEM,738.29570000000001,-,,738.21381330899999,Small Cap
1654,Xchanging Solutions Limited,INE692G01013,XCHANGING,736.7545503020001,XCHANGING,736.58280000000002,-,,736.66867515100012,Small Cap
1655,Sarla Performance Fibers Ltd,INE453D01025,SARLAPOLY,736.80820453299998,SARLAPOLY,736.47969999999998,-,,736.64395226650004,Small Cap
1656,UNIFIED DATA TECH SOLUTIONS LIMITED,INE1ABX01018,UNIFIED,735.61156781299997,-,,-,,735.61156781299997,Small Cap
1657,Arrow Greentech Limited,INE570D01018,ARROWGREEN,735.32134571899996,ARROWGREEN,734.81590000000006,-,,735.06862285950001,Small Cap
1658,Bhageria Industries Limited,INE354C01027,BHAGERIA,732.45299532799993,BHAGERIA,733.0498,-,,732.75139766400002,Small Cap
1659,CWD Limited,INE0H8H01019,CWD,732.2510274,-,,-,,732.2510274,Small Cap
1660,Gaudium IVF and Women Health Limited,INE0P8B01020,GAUDIUMIVF,731.865749768,GAUDIUMIVF,732.3252,-,,732.09547488399994,Small Cap
1661,Menon Bearings Ltd,INE071D01033,MENONBE,728.14173000000005,MENONBE,728.68529999999998,-,,728.41351499999996,Small Cap
1662,Valiant Organics Limited,INE565V01010,VALIANTORG,733.16812016300003,VALIANTORG,722.3306,-,,727.74936008150007,Small Cap
1663,Kopran Ltd.,INE082A01010,KOPRAN,727.65400784899998,KOPRAN,727.62689999999998,-,,727.64045392449998,Small Cap
1664,VTM Ltd,INE222F01029,VTMLTD,727.50608910000005,-,,-,,727.50608910000005,Small Cap
1665,Denta Water and Infra Solutions Limited,INE0R4L01018,DENTA,726.03196249999996,DENTA,725.70510000000002,-,,725.86853124999993,Small Cap
1666,AIRFLOA RAIL TECHNOLOGY LIMITED,INE0XBS01012,AIRFLOA,725.50359145799996,-,,-,,725.50359145799996,Small Cap
1667,Advance Agrolife Limited,INE1B0W01010,ADVANCE,725.72631450899996,ADVANCE,725.23559999999998,-,,725.48095725450003,Small Cap
1668,Consolidated Construction Consortium Ltd,INE429I01024,CCCL,722.93497462200003,CCCL,721.34529999999995,-,,722.14013731099999,Small Cap
1669,Popular Vehicles and Services Limited,INE772T01024,PVSL,721.24961210600009,PVSL,721.66909999999996,-,,721.45935605299996,Small Cap
1670,United Polyfab Gujarat Limited,INE368U01029,UNITEDPOLY,769.47096511799998,UNITEDPOLY,669.31880000000001,-,,719.39488255900005,Small Cap
1671,Kuantum Papers Limited,INE529I01021,KUANTUM,718.03787150100004,KUANTUM,717.2627,-,,717.65028575049996,Small Cap
1672,Kothari Petrochem Ltd.,INE720A01015,-,-,KOTHARIPET,715.71100000000001,-,,715.71100000000001,Small Cap
1673,Saurashtra Cement Limited,INE626A01014,SAURASHCEM,715.64878005100002,SAURASHCEM,715.53390000000002,-,,715.59134002550002,Small Cap
1674,Vakrangee Limited,INE051B01021,VAKRANGEE,712.95684736700002,VAKRANGEE,712.64089999999999,-,,712.79887368350001,Small Cap
1675,Bhagyanagar India Limited,INE458B01036,BHAGYANGR,711.38482875,BHAGYANGR,711.14570000000003,-,,711.26526437500002,Small Cap
1676,Permanent Magnets Ltd.,INE418E01018,PERMAGN,710.940873635,-,,-,,710.940873635,Small Cap
1677,YOGI LIMITED,INE290E01011,YOGI,709.57333666700004,-,,-,,709.57333666700004,Small Cap
1678,Pine Animation Limited,INE452N01026,PINEANIM,709.12,-,,-,,709.12,Small Cap
1679,State Trading Corporation of India,INE655A01013,STCINDIA,709.10699999999997,STCINDIA,708.8845,-,,708.99575000000004,Small Cap
1680,Forbes Precision Tools and Machine Parts Limited,INE0TT901016,TOTEM,706.40990339500001,-,,-,,706.40990339500001,Small Cap
1681,ANLON HEALTHCARE LIMITED,INE0Y8W01025,AHCL,704.64936731299997,AHCL,704.202,-,,704.42568365650004,Small Cap
1682,Fabtech Technologies Limited,INE0HF201011,FABTECH,703.66532960200004,FABTECH,703.10149999999999,-,,703.38341480100007,Small Cap
1683,Exhicon Events Media Solutions Limited,INE0O8901016,EXHICON,703.32548314600001,-,,-,,703.32548314600001,Small Cap
1684,Taneja Aerospace & Aviation Ltd.,INE692C01020,TANAA,700.24046847099999,-,,-,,700.24046847099999,Small Cap
1685,Shree Vasu Logistics Ltd.,INE00CE01017,-,-,SVLL,699.17849999999999,-,,699.17849999999999,Small Cap
1686,T.V.Today Network Limited,INE038F01029,TVTODAY,699.17147140899999,TVTODAY,698.99890000000005,-,,699.08518570449996,Small Cap
1687,INDO FARM EQUIPMENT LIMITED,INE622H01018,INDOFARM,696.70415270000001,INDOFARM,696.43550000000005,-,,696.56982635000008,Small Cap
1688,Dhampur Bio Organics Limited,INE0I3401014,DBOL,692.64772827600007,DBOL,692.90279999999996,-,,692.77526413800001,Small Cap
1689,Consolidated Finvest & Holdings Ltd.,INE025A01027,-,-,CONSOFINVT,692.23140000000001,-,,692.23140000000001,Small Cap
1690,Mukka Proteins Limited,INE0CG401037,MUKKA,689.45500000000004,MUKKA,689.63499999999999,-,,689.54500000000007,Small Cap
1691,SPEL Semiconductor Ltd.,INE252A01019,SPELS,688.32205237599999,-,,-,,688.32205237599999,Small Cap
1692,Ksolves India Limited,INE0D6I01023,KSOLVES,686.9650527,KSOLVES,687.24599999999998,-,,687.10552634999999,Small Cap
1693,SHRADDHA PRIME PROJECTS LTD,INE311M01018,SHRADDHA,686.76144862499996,-,,-,,686.76144862499996,Small Cap
1694,Axtel Industries Ltd.,INE767C01012,AXTEL,686.76074149999999,-,,-,,686.76074149999999,Small Cap
1695,Polo Queen Industrial and Fintech Limited ,INE689M01025,PQIF,712.48388333299999,-,,PQIF,659.39818750000006,685.94103541649997,Small Cap
1696,India Homes Limited,INE072A01029,INDIAHOMES,683.72721007500002,-,,-,,683.72721007500002,Small Cap
1697,SUDARSHAN PHARMA INDUSTRIES LIMITED,INE00TV01023,SUDARSHAN,682.59078043400007,-,,-,,682.59078043400007,Small Cap
1698,Oswal Greentech Limited,INE143A01010,OSWALGREEN,681.81119653400003,OSWALGREEN,681.1114,-,,681.46129826700007,Small Cap
1699,Allied Digital Services Limited,INE102I01027,ADSL,681.61890976300003,ADSL,681.18889999999999,-,,681.40390488150001,Small Cap
1700,Concord Enviro Systems Limited,INE037Z01029,CEWATER,680.66719667699999,CEWATER,680.94309999999996,-,,680.80514833849998,Small Cap
1701,ASGARD ALCOBEV LIMITED,INE767M01029,ASGARD,680.68694863199994,-,,-,,680.68694863199994,Small Cap
1702,Voith Paper Fabrics India Ltd,INE285C01015,VOITHPAPR,679.80963502899999,-,,-,,679.80963502899999,Small Cap
1703,Shree Rama Multi-tech Ltd.,INE879A01019,SHREERAMA,678.01301646700006,SHREERAMA,677.83730000000003,-,,677.92515823350004,Small Cap
1704,Merritronix Limited,INE1RQS01010,MRTX,676.52724937799996,-,,-,,676.52724937799996,Small Cap
1705,Amal Ltd,INE841D01013,AMAL,676.34475447099999,-,,-,,676.34475447099999,Small Cap
1706,Hexagon Nutrition Limited,INE0JUI01012,HEXAGON,676.54127193599993,HEXAGON,675.94719999999995,-,,676.24423596799988,Small Cap
1707,PRAVEG LIMITED,INE722B01019,PRAVEG,675.90252348500007,-,,-,,675.90252348500007,Small Cap
1708,KIRLOSKAR ELECTRIC COMPANY LTD.,INE134B01017,KECL,674.12163796999994,KECL,674.09670000000006,-,,674.109168985,Small Cap
1709,MALLCOM (INDIA) LTD.,INE389C01015,MALLCOM,673.64206000000001,MALLCOM,673.30169999999998,-,,673.47188000000006,Small Cap
1710,Z.F. Steering Gear (India) Limited,INE116C01012,ZFSTEERING,671.19283084999995,-,,-,,671.19283084999995,Small Cap
1711,Gloster Ltd,INE350Z01018,GLOSTERLTD,669.66914794700006,GLOSTERLTD,670.42790000000002,-,,670.0485239735001,Small Cap
1712,SMT ENGINEERING LIMITED,INE673E01018,SMTEL,669.0016425,-,,-,,669.0016425,Small Cap
1713,Ritco Logistics Limited,INE01EG01016,RITCO,667.8965306020001,RITCO,668.55060000000003,-,,668.22356530100001,Small Cap
1714,Allcargo Terminals Limited,INE0NN701020,ATL,663.19779834000008,ATL,662.7817,-,,662.9897491700001,Small Cap
1715,Shree Ganesh Remedies Limited,INE414Y01015,SGRL,662.64188780400002,-,,-,,662.64188780400002,Small Cap
1716,Uni-Abex Alloy Products Ltd.,INE361D01012,UNIABEXAL,661.54739895800003,-,,-,,661.54739895800003,Small Cap
1717,Kamdhenu Limited,INE390H01020,KAMDHENU,660.75724224999999,KAMDHENU,660.94989999999996,-,,660.85357112499992,Small Cap
1718,KSE Ltd.,INE953E01022,KSE,656.60266666699999,-,,-,,656.60266666699999,Small Cap
1719,Magadh Sugar & Energy Limited,INE347W01011,MAGADSUGAR,655.54262759999995,MAGADSUGAR,655.75990000000002,-,,655.65126379999992,Small Cap
1720,Orissa Sponge Iron And Steel Limited,INE228D01013,ORISSASP,653.59259999999995,-,,-,,653.59259999999995,Small Cap
1721,Iris Clothings Ltd.,INE01GN01025,-,-,IRISDOREME,652.83849999999995,-,,652.83849999999995,Small Cap
1722,IIRM HOLDINGS INDIA LIMITED,INE670C01026,IIRM,652.20464166900001,-,,-,,652.20464166900001,Small Cap
1723,Mindteck (India) Ltd,INE110B01017,MINDTECK,652.03386806000003,MINDTECK,651.697,-,,651.86543402999996,Small Cap
1724,MODI’S NAVNIRMAN LIMITED,INE0L0L01012,MODIS,651.84738570000002,MODIS,650.79190000000006,-,,651.31964285000004,Small Cap
1725,Precot Ltd.,INE283A01014,-,-,PRECOT,649.59649999999999,-,,649.59649999999999,Small Cap
1726,BEST AGROLIFE LIMITED,INE052T01021,BESTAGRO,647.73287433799999,BESTAGRO,647.46,-,,647.59643716899996,Small Cap
1727,South West Pinnacle Exploration Limited,INE980Y01015,SOUTHWEST,647.46038875500005,SOUTHWEST,647.41809999999998,-,,647.43924437750002,Small Cap
1728,ERAAYA LIFESPACES LIMITED,INE432F01032,EBIX,647.26230462199999,-,,-,,647.26230462199999,Small Cap
1729,SNOWMAN LOGISTICS LIMITED,INE734N01019,SNOWMAN,645.70320227799994,SNOWMAN,645.63919999999996,-,,645.671201139,Small Cap
1730,PATEL RETAIL LIMITED,INE0R8B01010,PATELRMART,644.51328855200006,PATELRMART,644.52,-,,644.51664427600008,Small Cap
1731,MMP Industries Ltd.,INE511Y01018,-,-,MMP,641.94370000000004,-,,641.94370000000004,Small Cap
1732,Pradeep Metals Ltd.,INE770A01010,PRADPME,637.00107166700002,-,,-,,637.00107166700002,Small Cap
1733,Oswal Agro Mills Ltd.,INE142A01012,OSWALAGRO,637.31315775400003,OSWALAGRO,636.48540000000003,-,,636.89927887700003,Small Cap
1734,Commercial Syn Bags Limited,INE073V01015,COMSYN,637.50733879999996,COMSYN,634.81259999999997,-,,636.15996939999991,Small Cap
1735,Emkay Global Financial Services Ltd,INE296H01011,EMKAY,635.87728358100003,EMKAY,631.65639999999996,-,,633.76684179049994,Small Cap
1736,OM POWER TRANSMISSION LIMITED,INE25E901019,OMPOWER,633.11128650000001,OMPOWER,633.61469999999997,-,,633.36299325000005,Small Cap
1737,Ganesh Benzoplast Ltd.,INE388A01029,GANESHBE,633.19675037799993,GANESHBE,633.46310000000005,-,,633.32992518900005,Small Cap
1738,Chemcon Speciality Chemicals Limited,INE03YM01018,CHEMCON,633.00293374700004,CHEMCON,633.00630000000001,-,,633.00461687350003,Small Cap
1739,GeeCee Ventures Limited,INE916G01016,GEECEE,633.29951425600007,GEECEE,632.31769999999995,-,,632.80860712799995,Small Cap
1740,MERCURY EV-TECH LIMITED,INE763M01028,MERCURYEV,629.46306281199998,MERCURYEV,634.03510000000006,-,,631.74908140599996,Small Cap
1741,Integra Engineering India Ltd.,INE984B01023,INTEGRAEN,630.64664058900007,-,,-,,630.64664058900007,Small Cap
1742,Elin Electronics Limited,INE050401020,ELIN,628.82463821700003,ELIN,628.93989999999997,-,,628.88226910849994,Small Cap
1743,TUTICORIN ALKALI CHEMICALS AND FERTILIZERS LIMITED,INE400A01014,TUTIALKA,628.47185368100008,-,,-,,628.47185368100008,Small Cap
1744,Coffee Day Enterprises Limited,INE335K01011,COFFEEDAY,627.37007379300007,COFFEEDAY,626.80849999999998,-,,627.08928689649997,Small Cap
1745,Cheviot Co.Ltd.,INE974B01016,CHEVIOT,626.485839349,CHEVIOT,626.44910000000004,-,,626.46746967450008,Small Cap
1746,20 Microns Limited,INE144J01027,20MICRONS,626.36334564700007,20MICRONS,626.05870000000004,-,,626.21102282350012,Small Cap
1747,Transindia Real Estate Limited,INE0O3901029,TREL,624.10348528899999,TREL,624.06050000000005,-,,624.08199264450002,Small Cap
1748,Everest Industries Ltd.,INE295A01018,EVERESTIND,624.21791200500002,EVERESTIND,623.47469999999998,-,,623.8463060025,Small Cap
1749,SATIA INDUSTRIES LIMITED,INE170E01023,SATIA,623.14583333300004,SATIA,623.37580000000003,-,,623.26081666649998,Small Cap
1750,LINC LIMITED,INE802B01027,LINC,621.90666085800001,LINC,621.98800000000006,-,,621.94733042899998,Small Cap
1751,Hindustan Composites Ltd,INE310C01029,HINDCOMPOS,620.67584024999996,HINDCOMPOS,620.94410000000005,-,,620.80997012500006,Small Cap
1752,Euro India Fresh Foods Ltd.,INE546V01010,-,-,EIFFL,617.66840000000002,-,,617.66840000000002,Small Cap
1753,DMCC SPECIALITY CHEMICALS LIMITED,INE505A01010,DMCC,617.68524228299998,DMCC,617.49609999999996,-,,617.59067114150002,Small Cap
1754,Onward Technologies Ltd.,INE229A01017,ONWARDTEC,614.09326254899997,ONWARDTEC,613.89089999999999,-,,613.99208127449992,Small Cap
1755,Kinetic Engineering Ltd.,INE266B01017,KINETICENG,612.31906883800002,-,,-,,612.31906883800002,Small Cap
1756,Transpek Industry Ltd.,INE687A01016,TRANSPEK,608.83563208599992,-,,-,,608.83563208599992,Small Cap
1757,JOJO LIMITED,INE312M01016,JOJO,608.07460988800005,-,,-,,608.07460988800005,Small Cap
1758,Peninsula Land Limited,INE138A01028,PENINLAND,607.15386786099998,PENINLAND,606.80830000000003,-,,606.98108393050006,Small Cap
1759,Manba Finance Limited,INE939X01013,MANBA,603.15342337300001,MANBA,602.65350000000001,-,,602.90346168650001,Small Cap
1760,Sharat Industries Ltd.,INE220Z01013,SHINDL,598.70336277199999,-,,-,,598.70336277199999,Small Cap
1761,INNOVASSYNTH TECHNOLOGIES (INDIA) LIMITED,INE690J01011,INOVSYNTH,598.65464695499998,-,,-,,598.65464695499998,Small Cap
1762,Nahar Polyfilms Ltd.,INE308A01027,NAHARPOLY,598.79544282200004,NAHARPOLY,598.04349999999999,-,,598.41947141100002,Small Cap
1763,Panchmahal Steel Ltd.,INE798F01010,PANCHMAHQ,597.43469291400004,-,,-,,597.43469291400004,Small Cap
1764,AMRIT INDIA LIMITED,INE00RY01013,-,-,-,-,AMRITINDIA,595.41039247058814,595.41039247058814,Small Cap
1765,Dish TV India Limited,INE836F01026,DISHTV,594.77105816800008,DISHTV,594.20399999999995,-,,594.48752908400002,Small Cap
1766,Jagatjit Industries Ltd.,INE574A01016,JAGAJITIND,589.82297680099998,-,,-,,589.82297680099998,Small Cap
1767,MODISON LIMITED,INE737D01021,MODISONLTD,584.50427291699998,MODISONLTD,584.96180000000004,-,,584.73303645850001,Small Cap
1768,Jayant Agro-Organics Limited.,INE785A01026,JAYAGROGN,583.85749999999996,JAYAGROGN,584.49779999999998,-,,584.17764999999997,Small Cap
1769,Pyramid Technoplast Limited,INE0MIS01010,PYRAMID,583.57399229999999,PYRAMID,583.42719999999997,-,,583.50059614999998,Small Cap
1770,DCM SHRIRAM INTERNATIONAL LIMITED,INE0OU201013,DCMSIL,578.56426293599998,DCMSIL,579.02890000000002,-,,578.796581468,Small Cap
1771,Shri Venkatesh Refineries Limited,INE0HLJ01013,SVRL,578.55775136099999,-,,-,,578.55775136099999,Small Cap
1772,Satani Bearings Ltd.,INE498D01012,SATANIBRG,576.90833333299997,-,,-,,576.90833333299997,Small Cap
1773,Visaka Industries Ltd.,INE392A01021,VISAKAIND,575.8510033770001,VISAKAIND,575.57669999999996,-,,575.71385168849997,Small Cap
1774,N. B. I. Industrial Finance Company Ltd.,INE365I01020,-,-,NBIFIN,575.15809999999999,-,,575.15809999999999,Small Cap
1775,Investment & Precision Castings Ltd,INE155E01016,INVPRECQ,572.64041666699995,-,,-,,572.64041666699995,Small Cap
1776,Kilitch Drugs (I) Ltd.,INE729D01010,KILITCH,572.92534639099995,KILITCH,572.32550000000003,-,,572.62542319549993,Small Cap
1777,Premier Polyfilm Ltd.,INE309M01020,PREMIERPOL,572.59219666700005,PREMIERPOL,571.60670000000005,-,,572.09944833350005,Small Cap
1778,MAAGH ADVERTISING AND MARKETING SERVICES LIMITED,INE0KY201021,MAAGHADV,571.98177499999997,-,,-,,571.98177499999997,Small Cap
1779,Davangere Sugar Company Limited,INE179G01029,DAVANGERE,570.93574269099997,DAVANGERE,570.471,-,,570.70337134550005,Small Cap
1780,Take Solutions Ltd,INE142I01023,TAKE,568.065327217,TAKE,568.23670000000004,-,,568.15101360850008,Small Cap
1781,Khaitan Chemicals & Fertilizers Ltd,INE745B01028,KHAICHEM,565.93036551299997,KHAICHEM,565.34439999999995,-,,565.63738275649996,Small Cap
1782,Chemfab Alkalis Ltd,INE783X01023,CHEMFAB,564.26243037200004,CHEMFAB,564.86069999999995,-,,564.56156518600005,Small Cap
1783,CSL Finance Limited,INE718F01018,CSLFINANCE,564.39576858500004,CSLFINANCE,564.29250000000002,-,,564.34413429250003,Small Cap
1784,AZAD INDIA MOBILITY LIMITED,INE566M01017,AZADIND,557.55506227199999,-,,-,,557.55506227199999,Small Cap
1785,Dhunseri Investments Ltd,INE320L01011,DHUNINV,556.60833103100003,DHUNINV,557.96090000000004,-,,557.28461551550004,Small Cap
1786,ARTSON LIMITED,INE133D01023,ARTSON,556.51361999999995,-,,-,,556.51361999999995,Small Cap
1787,Empire Industries Ltd.,INE515H01014,EMPIND,556.01981466000007,-,,-,,556.01981466000007,Small Cap
1788,Shiva Cement Ltd.,INE555C01029,SHIVACEM,555.75787500000001,-,,-,,555.75787500000001,Small Cap
1789,Credo Brands Marketing Limited,INE220Q01020,MUFTI,555.49612050299993,MUFTI,555.80169999999998,-,,555.64891025149996,Small Cap
1790,Subex  Ltd,INE754A01055,SUBEXLTD,555.01068181699998,SUBEXLTD,554.65470000000005,-,,554.83269090850001,Small Cap
1791,Sukhjit Starch & Chemicals Ltd.,INE450E01029,SUKHJITS,554.45081666700003,SUKHJITS,553.87850000000003,-,,554.16465833350003,Small Cap
1792,S Chand And Company Limited,INE807K01035,SCHAND,552.82841358899998,SCHAND,552.84400000000005,-,,552.83620679449996,Small Cap
1793,Maa Jagdambe Tradelinks Limited,INE403N01029,MAAJTL,552.50412500000004,-,,-,,552.50412500000004,Small Cap
1794,POCL ENTERPRISES LTD,INE035S01028,POEL,552.06915719200003,-,,-,,552.06915719200003,Small Cap
1795,Repro India Ltd.,INE461B01014,REPRO,551.13533378900001,REPRO,551.58659999999998,-,,551.36096689450005,Small Cap
1796,Neueon Corporation Limited,INE333I01044,NEUEON,612.673885853,NEUEON,486.29590000000002,-,,549.48489292650004,Small Cap
1797,NISUS FINANCE SERVICES CO LIMITED,INE0DQN01013,NISUS,548.62422052099998,-,,-,,548.62422052099998,Small Cap
1798,India Finsec Limited,INE474O01010,IFINSEC,547.96619651499998,-,,-,,547.96619651499998,Small Cap
1799,OnMobile Global Ltd.,INE809I01019,ONMOBILE,546.56971313100007,ONMOBILE,546.38990000000001,-,,546.47980656549998,Small Cap
1800,Riddhi Siddhi Gluco Biols Ltd,INE249D01019,RIDDHI,546.14162064599998,-,,-,,546.14162064599998,Small Cap
1801,HINDUSTHAN INSULATORS and INDUSTRIES LIMITED,INE799B01025,HIIL,546.00187236900001,-,,-,,546.00187236900001,Small Cap
1802,LAXMI INDIA FINANCE LIMITED,INE06WU01026,LAXMIINDIA,544.63701793199994,LAXMIINDIA,544.0335,-,,544.33525896599997,Small Cap
1803,Kamat Hotels (India) ltd.,INE967C01018,KAMATHOTEL,544.20581412900003,KAMATHOTEL,543.88030000000003,-,,544.04305706450009,Small Cap
1804,SUTLEJ TEXTILES & INDUSTRIES LIMITED,INE645H01027,SUTLEJTEX,540.40235545500002,SUTLEJTEX,540.43920000000003,-,,540.42077772750008,Small Cap
1805,Aptech Ltd.,INE266F01018,APTECHT,539.45084929699999,APTECHT,539.3116,-,,539.38122464849994,Small Cap
1806,THE INVESTMENT TRUST OF INDIA LIMITED,INE924D01017,THEINVEST,539.31773833,THEINVEST,538.56110000000001,-,,538.939419165,Small Cap
1807,MONIKA ALCOBEV LIMITED,INE0LCG01010,MONIKA,538.84715152600006,-,,-,,538.84715152600006,Small Cap
1808,HLV LIMITED,INE102A01024,HLVLTD,538.10441106099995,HLVLTD,537.67589999999996,-,,537.8901555304999,Small Cap
1809,Shish Industries Limited,INE145Y01023,SHISHIND,536.88030137600003,-,,-,,536.88030137600003,Small Cap
1810,Shriram Asset Management Co.Ltd.,INE777G01012,SRAMSET,536.63009045199999,-,,-,,536.63009045199999,Small Cap
1811,Nila Spaces Ltd,INE00S901012,NILASPACES,535.35778858999993,NILASPACES,535.09519999999998,-,,535.22649429499995,Small Cap
1812,W.S. Industries (India) Ltd.,INE100D01014,WSI,540.18045280299998,WSI,528.69069999999999,-,,534.43557640149993,Small Cap
1813,Urja Global Limited,INE550C01020,URJA,534.04891849199998,URJA,533.62860000000001,-,,533.838759246,Small Cap
1814,Vishal Fabrics Limited,INE755Q01025,VISHAL,532.83609228900002,-,,-,,532.83609228900002,Small Cap
1815,Primo Chemicals Limited,INE607A01022,PRIMO,532.90264314600006,PRIMO,531.80809999999997,-,,532.35537157299996,Small Cap
1816,RBZ Jewellers Limited,INE0PEQ01016,RBZJEWEL,531.758333333,RBZJEWEL,531.65530000000001,-,,531.7068166665,Small Cap
1817,Entertainment Network (India) Ltd,INE265F01028,ENIL,530.62892344799991,ENIL,530.90099999999995,-,,530.76496172399993,Small Cap
1818,Supreme Infrastructure India Limited,INE550H01011,SUPREMEINF,578.24705230799998,SUPREMEINF,481.0163,-,,529.63167615399993,Small Cap
1819,Welspun Investments and Commercials Ltd.,INE389K01018,WELINV,528.34784720799996,WELINV,530.81290000000001,-,,529.58037360399999,Small Cap
1820,McLeod Russel India Limited,INE942G01012,MCLEODRUSS,528.37888992399996,MCLEODRUSS,528.12379999999996,-,,528.25134496199996,Small Cap
1821,Shri Jagdamba Polymers Ltd,INE564J01026,SHRJAGP,526.96192658300004,-,,-,,526.96192658300004,Small Cap
1822,Aryaman Capital Markets Limited,INE229R01011,ARYACAPM,524.70541388699996,-,,-,,524.70541388699996,Small Cap
1823,Sadhana Nitrochem Ltd.,INE888C01040,SADHNANIQ,525.92878891199996,SADHNANIQ,522.97569999999996,-,,524.45224445600002,Small Cap
1824,Panache Digilife Ltd.,INE895W01019,-,-,PANACHE,524.22,-,,524.22,Small Cap
1825,Haldyn Glass Limited,INE506D01020,HALDYNGL,523.42733563800005,-,,-,,523.42733563800005,Small Cap
1826,IRIS RegTech Solutions Limited,INE864K01010,IRIS,522.47889534499996,IRIS,521.42409999999995,-,,521.95149767249995,Small Cap
1827,Essar Shipping Ltd,INE122M01019,ESSARSHPNG,521.71596068700001,ESSARSHPNG,521.65560000000005,-,,521.68578034350003,Small Cap
1828,PTL Enterprises Ltd,INE034D01049,PTL,520.60013104200004,PTL,519.93269999999995,-,,520.266415521,Small Cap
1829,Lakshmi Mills Company ltd,INE938C01019,LAKSHMIMIL,520.25599222899996,-,,-,,520.25599222899996,Small Cap
1830,GFL LIMITED,INE538A01037,GFLLIMITED,519.581345833,GFLLIMITED,518.91859999999997,-,,519.24997291649993,Small Cap
1831,Vikram Thermo (India) Ltd.,INE337E01010,VIKRAMTH,516.25343058999999,-,,-,,516.25343058999999,Small Cap
1832,Zee Media Corporation Limited,INE966H01019,ZEEMEDIA,516.08289911300005,ZEEMEDIA,515.61900000000003,-,,515.85094955650004,Small Cap
1833,Andhra Cement Ltd.,INE666E01020,ACL,515.10554059200001,ACL,515.22609999999997,-,,515.16582029599999,Small Cap
1834,Hindustan Media Ventures Limited,INE871K01015,HMVL,514.28388656000004,HMVL,513.35260000000005,-,,513.81824328000005,Small Cap
1835,Rushil Decor Limited,INE573K01025,RUSHIL,513.71416845600004,RUSHIL,513.77290000000005,-,,513.74353422800004,Small Cap
1836,Glottis Limited,INE0TQE01026,GLOTTIS,512.57176140000001,GLOTTIS,512.96600000000001,-,,512.76888069999995,Small Cap
1837,Tirupati Forge Ltd.,INE319Y01024,-,-,TIRUPATIFL,512.67970000000003,-,,512.67970000000003,Small Cap
1838,VISA Chrome Limited,INE286H01012,VISACHROME,519.45887019999998,VISACHROME,502.8544,-,,511.15663510000002,Small Cap
1839,TPL Plastech Limited,INE413G01022,TPLPLASTEH,510.81564600000002,TPLPLASTEH,510.95670000000001,-,,510.88617299999999,Small Cap
1840,Focus Lighting and Fixtures Ltd.,INE593W01028,-,-,FOCUS,509.1386,-,,509.1386,Small Cap
1841,Prakash Pipes Limited,INE050001010,PPL,508.75933514899998,PPL,508.6465,-,,508.70291757450002,Small Cap
1842,VISHNU PRAKASH R PUNGLIA LIMITED,INE0AE001013,VPRPL,508.60984200000001,VPRPL,508.15699999999998,-,,508.383421,Small Cap
1843,Speciality Restaurants Limited,INE247M01014,SPECIALITY,508.50954126199997,SPECIALITY,508.12329999999997,-,,508.31642063099997,Small Cap
1844,BMW VENTURES LIMITED,INE965W01036,BMWVENTLTD,508.16941087499998,BMWVENTLTD,508.1961,-,,508.18275543749996,Small Cap
1845,Kiran Vyapar Limited,INE555P01013,KIRANVYPAR,507.31011407099999,-,,-,,507.31011407099999,Small Cap
1846,Prevest Denpro Limited,INE0GAO01018,PREVEST,507.04222887499998,-,,-,,507.04222887499998,Small Cap
1847,Munjal Showa Ltd.,INE577A01027,MUNJALSHOW,506.72831770800002,MUNJALSHOW,506.58530000000002,-,,506.65680885400002,Small Cap
1848,Pansari Developers Ltd.,INE697V01011,-,-,PANSARI,505.76749999999998,-,,505.76749999999998,Small Cap
1849,International Conveyors Ltd.,INE575C01027,INTLCONV,501.83152149200004,INTLCONV,497.53519999999997,-,,499.68336074600001,Small Cap
1850,Advani Hotels & Resorts (India) Ltd.,INE199C01026,ADVANIHOTR,499.652431804,ADVANIHOTR,499.36739999999998,-,,499.50991590199999,Small Cap
1851,High Energy Batteries (India) Ltd.,INE783E01023,HIGHENE,499.37552640000001,-,,-,,499.37552640000001,Small Cap
1852,OCCL Limited,INE0PK601023,OCCLLTD,498.438990187,OCCLLTD,498.81400000000002,-,,498.62649509350001,Small Cap
1853,Global Education Ltd.,INE291W01037,-,-,GLOBAL,497.49430000000001,-,,497.49430000000001,Small Cap
1854,Gujarat Apollo Industries Ltd.,INE826C01016,GUJAPOLLO,497.214959583,GUJAPOLLO,495.7167,-,,496.46582979150003,Small Cap
1855,SUBAM PAPERS LIMITED,INE0U6201010,SUBAM,495.65458503199994,-,,-,,495.65458503199994,Small Cap
1856,Sayaji Hotel Ltd,INE318C01014,SAYAJIHOTL,495.07919757600001,-,,-,,495.07919757600001,Small Cap
1857,SURATWWALA BUSINESS GROUP LIMITED,INE05ST01028,SBGLP,494.09956598500003,SBGLP,493.48970000000003,-,,493.79463299250006,Small Cap
1858,Nile Ltd.,INE445D01013,NILE,493.58315480800002,-,,-,,493.58315480800002,Small Cap
1859,Tara Chand InfraLogistic Solutions Ltd.,INE555Z01020,-,-,TARACHAND,492.88029999999998,-,,492.88029999999998,Small Cap
1860,Sunita Tools Limited,INE0Q1S01010,SUNITATOOL,491.90439551499998,-,,-,,491.90439551499998,Small Cap
1861,R K Swamy Limited,INE0NQ801033,RKSWAMY,491.76316306300004,RKSWAMY,491.77199999999999,-,,491.76758153150001,Small Cap
1862,ORIENT CERATECH LIMITED,INE569C01020,ORIENTCER,488.87468400699998,ORIENTCER,489.11099999999999,-,,488.99284200349996,Small Cap
1863,Niyogin Fintech Limited,INE480D01010,NIYOGIN,488.22694317700007,-,,-,,488.22694317700007,Small Cap
1864,Emami Paper Mills Ltd.,INE830C01026,EMAMIPAP,485.17011483999994,EMAMIPAP,484.31760000000003,-,,484.74385741999998,Small Cap
1865,S.A.L. Steel Ltd.,INE658G01014,SALSTEEL,492.02973040299997,SALSTEEL,472.16419999999999,-,,482.09696520149998,Small Cap
1866,Rama Phosphates Ltd.,INE809A01032,RAMAPHO,479.51328701400001,RAMAPHO,480.84140000000002,-,,480.17734350700005,Small Cap
1867,Modi Naturals Limited,INE537F01012,MODINATUR,480.68749286000002,MODINATUR,478.84399999999999,-,,479.76574643000004,Small Cap
1868,Veljan Denison Limited,INE232E01013,VELJAN,479.4129375,-,,-,,479.4129375,Small Cap
1869,KRONOX LAB SCIENCES LIMITED,INE0ATZ01017,KRONOX,478.41155520000001,KRONOX,478.18060000000003,-,,478.29607759999999,Small Cap
1870,DIC India Ltd,INE303A01010,DICIND,477.71373864700001,DICIND,475.71230000000003,-,,476.71301932350002,Small Cap
1871,Jenburkt Pharmaceuticals Ltd.,INE354A01013,JENBURPH,476.196357213,-,,-,,476.196357213,Small Cap
1872,INDO SMC Limited,INE0WKY01013,INDOSMC,474.11928365200004,-,,-,,474.11928365200004,Small Cap
1873,AXENTRA CORP LIMITED,INE919M01026,AXENTRA,471.55794166700002,-,,-,,471.55794166700002,Small Cap
1874,ABM Knowledgeware Ltd.,INE850B01026,ABMKNO,470.875957325,-,,-,,470.875957325,Small Cap
1875,Tera Software Ltd.,INE482B01010,TERASOFT,470.30157078100007,TERASOFT,470.0274,-,,470.16448539050003,Small Cap
1876,KN Agri Resources Ltd.,INE0KNW01016,-,-,KNAGRI,469.81889999999999,-,,469.81889999999999,Small Cap
1877,GOEL CONSTRUCTION COMPANY LIMITED,INE0ZOM01013,GOELCONS,469.68485006700001,-,,-,,469.68485006700001,Small Cap
1878,Sarveshwar Foods Limited,INE324X01026,SARVESHWAR,469.84335716300001,SARVESHWAR,468.5428,-,,469.1930785815,Small Cap
1879,Pasupati Acrylon Ltd.,INE818B01023,PASUPTAC,468.038761147,PASUPTAC,468.1078,-,,468.07328057350003,Small Cap
1880,Donear Industries Ltd,INE668D01028,DONEAR,467.19226666700001,DONEAR,466.92009999999999,-,,467.05618333350003,Small Cap
1881,SIL Investments Ltd,INE923A01015,SILINV,466.41871984599999,SILINV,466.0249,-,,466.22180992300002,Small Cap
1882,Shree Rama Newsprint Limited,INE278B01020,RAMANEWS,464.54319071700002,RAMANEWS,464.81490000000002,-,,464.67904535850005,Small Cap
1883,Orbit Exports Ltd.,INE231G01010,ORBTEXP,464.73607603500005,ORBTEXP,464.02010000000001,-,,464.37808801750003,Small Cap
1884,Mishtann Foods Limited,INE094S01041,MISHTANN ,466.39086441800004,-,,MISHTANN,461.40848946688243,463.89967694244126,Small Cap
1885,Birla Cable Limited,INE800A01015,BIRLACABLE,462.96625,BIRLACABLE,462.55900000000003,-,,462.76262500000001,Small Cap
1886,RNIT AI SOLUTIONS LIMITED,INE335Q01026,RNITAI,461.92018294899998,-,,-,,461.92018294899998,Small Cap
1887,GVK Power & Infrastructure Ltd,INE251H01024,GVKPIL,462.31384459999998,GVKPIL,460.89139999999998,-,,461.60262230000001,Small Cap
1888,DIGISPICE TECHNOLOGIES LIMITED,INE927C01020,DIGISPICE,461.672783122,DIGISPICE,461.41120000000001,-,,461.54199156100003,Small Cap
1889,Amanta Healthcare Limited,INE084K01015,AMANTA,459.76896143100004,AMANTA,459.97930000000002,-,,459.87413071550003,Small Cap
1890,SoftTech Engineers Limited,INE728Z01015,SOFTTECH,450.69366896700001,SOFTTECH,468.12139999999999,-,,459.4075344835,Small Cap
1891,Shalimar Paints Ltd.,INE849C01026,SHALPAINTS,459.66993748199997,SHALPAINTS,459.00229999999999,-,,459.33611874099995,Small Cap
1892,Sreeleathers Limited,INE099F01013,SREEL,459.44934458,SREEL,458.76580000000001,-,,459.10757229000001,Small Cap
1893,HT Media Ltd,INE501G01024,HTMEDIA,513.99996874099998,HTMEDIA,403.4049,-,,458.70243437049999,Small Cap
1894,SIGMA SOLVE LIMITED,INE0A0S01028,SIGMA,457.42231640200004,SIGMA,457.08569999999997,-,,457.25400820100003,Small Cap
1895,Nahar Industrial Enterprises Ltd,INE289A01011,NAHARINDUS,455.914291875,NAHARINDUS,455.41559999999998,-,,455.66494593749997,Small Cap
1896,Mirza International  Limited,INE771A01026,MIRZAINT,454.90767740500002,MIRZAINT,454.92610000000002,-,,454.91688870250005,Small Cap
1897,Veritas (India) Limited,INE379J01029,VERITAS,454.17815624999997,-,,-,,454.17815624999997,Small Cap
1898,Triton Valves Ltd.,INE440G01017,TRITONV,452.61037815399999,-,,-,,452.61037815399999,Small Cap
1899,Wim Plast Ltd.,INE015B01018,WIMPLAST,451.14728588000003,-,,-,,451.14728588000003,Small Cap
1900,Black Rose Industries Ltd,INE761G01016,BLACKROSE,450.29132499999997,-,,-,,450.29132499999997,Small Cap
1901,Captain Technocast Limited,INE931X01010,CTCL,449.01481373299998,-,,-,,449.01481373299998,Small Cap
1902,Kanpur Plastipack Limited,INE694E01014,KANPRPLA,450.70876309799996,KANPRPLA,446.2568,-,,448.48278154899998,Small Cap
1903,Susan Electricals India Limited,INE2L0V01019,SUSAN,447.734932888,-,,-,,447.734932888,Small Cap
1904,Kaya Limited,INE587G01015,KAYA,447.30799153599997,KAYA,447.74790000000002,-,,447.527945768,Small Cap
1905,Aries Agro Limited,INE298I01015,ARIES,444.81775027499998,ARIES,444.8075,-,,444.81262513749999,Small Cap
1906,MONEYBOXX FINANCE LIMITED,INE296Q01012,MONEYBOXX,446.04736106300004,MONEYBOXX,442.66500000000002,-,,444.35618053150006,Small Cap
1907,Ugar Sugar Works Ltd.,INE071E01023,UGARSUGAR,444.29906249999999,UGARSUGAR,444.22030000000001,-,,444.25968124999997,Small Cap
1908,Artemis Electricals and Projects Limited,INE757T01025,AEPL,456.85787036199997,AEPL,428.70830000000001,-,,442.78308518099999,Small Cap
1909,Radiant Cash Management Services Limited,INE855R01021,RADIANTCMS,442.68397266899996,RADIANTCMS,442.37720000000002,-,,442.53058633449996,Small Cap
1910,Pajson Agro India Limited,INE14LM01012,PAJSON,442.11342508999996,-,,-,,442.11342508999996,Small Cap
1911,JD CABLES LIMITED,INE14VP01014,JDCABLES,441.60809036999996,-,,-,,441.60809036999996,Small Cap
1912,Shiv Aum Steels Ltd.,INE719F01016,-,-,SHIVAUM,441.37150000000003,-,,441.37150000000003,Small Cap
1913,Lokesh Machines Limited,INE397H01017,LOKESHMACH,441.18290411899994,LOKESHMACH,440.88810000000001,-,,441.0355020595,Small Cap
1914,SHAH METACORP LIMITED,INE482J01021,SHAH,449.59738420699995,SHAH,427.95269999999999,-,,438.77504210349997,Small Cap
1915,Orient Bell Limited,INE607D01018,ORIENTBELL,438.61919821000004,ORIENTBELL,438.73489999999998,-,,438.67704910500004,Small Cap
1916,Singer India Limited,INE638A01035,SINGERIND,434.836946017,SINGERIND,442.32029999999997,-,,438.57862300850002,Small Cap
1917,CAPTAIN POLYPLAST LIMITED,INE536P01021,CPL,438.54380905299996,-,,-,,438.54380905299996,Small Cap
1918,HRS ALUGLAZE LIMITED,INE1E1V01017,HRS,438.31323128100001,-,,-,,438.31323128100001,Small Cap
1919,Forbes & Company Ltd,INE518A01013,FORBESCO,438.27454887099998,-,,-,,438.27454887099998,Small Cap
1920,Tolins Tyres Limited,INE0RWQ01014,TOLINS,437.70879068199997,TOLINS,437.46480000000003,-,,437.58679534099997,Small Cap
1921,Dc Infotech and Communication Limited,INE0A1101019,DCI,437.35926666699999,DCI,434.60120000000001,-,,435.9802333335,Small Cap
1922,VASHU BHAGNANI INDUSTRIES LIMITED,INE147C01017,POOJAENT,435.87987576300003,-,,-,,435.87987576300003,Small Cap
1923,Foods & Inns Ltd.,INE976E01023,FOODSIN,435.77254631800002,FOODSIN,435.35950000000003,-,,435.566023159,Small Cap
1924,BRAHMAPUTRA INFRASTRUCTURE LIMITED,INE320I01017,BRAHMINFRA,435.20345400000002,-,,-,,435.20345400000002,Small Cap
1925,DREAMFOLKS SERVICES LIMITED,INE0JS101016,DREAMFOLKS,433.669502626,DREAMFOLKS,433.58210000000003,-,,433.62580131300001,Small Cap
1926,Filtron Engineers Ltd.,INE589N01017,FILTRON,432.71983299200002,-,,-,,432.71983299200002,Small Cap
1927,Shivalik Rasayan Ltd.,INE788J01021,SHIVALIK,430.40563049899998,SHIVALIK,430.51159999999999,-,,430.45861524949999,Small Cap
1928,Suraj Ltd.,INE713C01016,SURAJLTD,431.07735305799997,SURAJLTD,429.43770000000001,-,,430.25752652899996,Small Cap
1929,CHEMBOND CHEMICALS  LIMITED,INE0TGX01019,CHEMBONDCH,430.16702618400001,CHEMBONDCH,429.49059999999997,-,,429.82881309200002,Small Cap
1930,WORKMATES CORE2CLOUD SOLUTION LIMITED,INE1I1301016,WORKMATES,428.92945931700001,-,,-,,428.92945931700001,Small Cap
1931,UNIFINZ CAPITAL INDIA LIMITED,INE926R01012,UCIL,428.50989819,-,,-,,428.50989819,Small Cap
1932,MANGALAM GLOBAL ENTERPRISE LIMITED,INE0APB01032,MGEL,428.73810411700003,MGEL,428.17239999999998,-,,428.45525205850004,Small Cap
1933,ZIM Laboratories Limited,INE518E01015,ZIMLAB,429.62443565900003,ZIMLAB,426.42899999999997,-,,428.0267178295,Small Cap
1934,Vinyl Chemicals (India) Ltd.,INE250B01029,VINYLINDIA,427.27607959599999,VINYLINDIA,426.96589999999998,-,,427.12098979799998,Small Cap
1935,Liberty Shoes Ltd.,INE557B01019,LIBERTSHOE,426.97838000000002,LIBERTSHOE,426.87020000000001,-,,426.92429000000004,Small Cap
1936,Manbro Industries Limited,INE348N01042,MANBRO,426.34478580399997,-,,-,,426.34478580399997,Small Cap
1937,SRG Housing Finance Limited,INE559N01010,SRGHFL,420.30330120900004,SRGHFL,431.49900000000002,-,,425.9011506045,Small Cap
1938,THOMAS SCOTT (INDIA) LIMITED,INE480M01011,THOMASCOTT,424.48805656600001,THOMASCOTT,425.2285,-,,424.858278283,Small Cap
1939,Globe International Carriers Ltd.,INE947T01022,-,-,GICL,424.2937,-,,424.2937,Small Cap
1940,S & S Power Switchgears Ltd.,INE902B01017,S&SPOWER,427.04282733100001,S&SPOWER,420.20150000000001,-,,423.62216366550001,Small Cap
1941,RMC SWITCHGEARS LIMITED,INE655V01019,RMC,423.40959437499998,RMC,419.00900000000001,-,,421.2092971875,Small Cap
1942,Virat Industries Ltd.,INE467D01017,VIRAT,419.54746903800003,-,,-,,419.54746903800003,Small Cap
1943,Euro Panel Products Limited,INE505V01016,EUROBOND,419.16539583299999,EUROBOND,419.40769999999998,-,,419.28654791650001,Small Cap
1944,Qualitek Labs Limited,INE0Q1R01012,QLL,418.99781023499997,-,,-,,418.99781023499997,Small Cap
1945,Magna Electro Castings Ltd.,INE437D01010,MAGNAELQ,418.52316848200002,-,,-,,418.52316848200002,Small Cap
1946,Zodiac Energy Limited,INE761Y01019,ZODIAC,417.86629439299998,ZODIAC,417.43959999999998,-,,417.65294719650001,Small Cap
1947,Kotyark Industries Limited,INE0J0B01017,KOTYARK,417.47844423800001,KOTYARK,417.55700000000002,-,,417.51772211900004,Small Cap
1948,TRUE COLORS LIMITED,INE1LDV01015,TRUECOLORS,416.06589322500002,-,,-,,416.06589322500002,Small Cap
1949,Mazda Ltd.,INE885E01042,MAZDA,415.21920937499999,MAZDA,414.3501,-,,414.78465468749999,Small Cap
1950,Vertoz Ltd.,INE188Y01031,-,-,VERTOZ,414.72699999999998,-,,414.72699999999998,Small Cap
1951,Kothari Products Ltd.,INE823A01017,KOTHARIPRO,412.54716522500001,KOTHARIPRO,413.1465,-,,412.84683261250001,Small Cap
1952,Manaksia Steels Limited,INE824Q01011,MANAKSTEEL,412.98302240700002,MANAKSTEEL,412.69959999999998,-,,412.84131120350003,Small Cap
1953,Hemant Surgical Industries Limited,INE0GYI01028,HSIL,412.66347786699998,-,,-,,412.66347786699998,Small Cap
1954,HALEOS LABS LIMITED,INE320X01016,HALEOSLABS,413.806613492,HALEOSLABS,409.37119999999999,-,,411.58890674600002,Small Cap
1955,XTGLOBAL INFOTECH LIMITED,INE547B01028,XTGLOBAL,411.52591911999997,XTGLOBAL,411.21949999999998,-,,411.37270955999998,Small Cap
1956,Kriti Industries (India) Ltd.,INE479D01038,KRITI,410.761806933,KRITI,410.29500000000002,-,,410.52840346649998,Small Cap
1957,HCL Infosystems Ltd,INE236A01020,HCL-INSYS,410.72230617299999,HCL-INSYS,410.3245,-,,410.52340308650002,Small Cap
1958,Indogulf Cropsciences Limited,INE05J901018,IGCL,409.33165064399998,IGCL,409.18470000000002,-,,409.258175322,Small Cap
1959,VRAJ IRON AND STEEL LIMITED,INE0S2V01010,VRAJ,408.74727559799999,VRAJ,408.6395,-,,408.69338779899999,Small Cap
1960,Neetu Yoshi Limited,INE0UZO01024,NEETUYOSHI,407.96473705199998,-,,-,,407.96473705199998,Small Cap
1961,UNIVERSUS PHOTO IMAGINGS LIMITED,INE03V001013,UNIVPHOTO,419.164167609,UNIVPHOTO,395.4452,-,,407.30468380449997,Small Cap
1962,Keltech Energies Ltd.,INE881E01017,KELENRG,407.15533333299999,-,,-,,407.15533333299999,Small Cap
1963,Plastiblends India Ltd.,INE083C01022,PLASTIBLEN,407.14030989999998,PLASTIBLEN,406.97219999999999,-,,407.05625494999998,Small Cap
1964,TRUE GREEN BIO ENERGY LIMITED,INE672K01025,TRUEGREEN,407.01247676399998,-,,-,,407.01247676399998,Small Cap
1965,LEHAR FOOTWEARS LIMITED,INE976H01018,LEHAR,406.64184166500002,-,,-,,406.64184166500002,Small Cap
1966,Nahar Capital & Financial Services Ltd.,INE049I01012,NAHARCAP,405.89429350300003,NAHARCAP,405.16649999999998,-,,405.53039675150001,Small Cap
1967,United Drilling Tools Ltd.,INE961D01019,UNIDT,406.35183954600001,UNIDT,404.52589999999998,-,,405.43886977299996,Small Cap
1968,PAKKA LIMITED,INE551D01018,PAKKA,405.18127634299998,PAKKA,405.12279999999998,-,,405.15203817149995,Small Cap
1969,MAHAMAYA LIFESCIENCES LIMITED,INE0U9D01019,MAHALIFE,404.20532520799998,-,,-,,404.20532520799998,Small Cap
1970,Sealmatic India Limited,INE0O4601016,SEALMATIC,403.92936902899999,-,,-,,403.92936902899999,Small Cap
1971,SWISS MILITARY CONSUMER GOODS LIMITED,INE010C01025,SWISSMLTRY,403.91177216599999,-,,-,,403.91177216599999,Small Cap
1972,Mangalam Organics Limited,INE370D01013,MANORG,403.71806660500005,MANORG,403.70269999999999,-,,403.71038330250002,Small Cap
1973,Albert David Ltd.,INE155C01010,ALBERTDAVD,403.83711853099999,ALBERTDAVD,403.46230000000003,-,,403.64970926550001,Small Cap
1974,Cybertech Systems and Software Ltd.,INE214A01019,CYBERTECH,403.63122676799998,CYBERTECH,403.23610000000002,-,,403.433663384,Small Cap
1975,Raghuvir Synthetics Ltd.,INE969C01022,RAGHUSYN,402.864375,-,,-,,402.864375,Small Cap
1976,Hercules Investments Limited,INE688E01024,HERCULES,401.7688,-,,-,,401.7688,Small Cap
1977,Modern Malleables Limited,INE834C01028,MODMA,400.19637312499998,-,,-,,400.19637312499998,Small Cap
1978,Delton Cables Ltd.,INE872E01016,DLTNCBL,399.74040000000002,-,,-,,399.74040000000002,Small Cap
1979,SYSTEMATIC INDUSTRIES LIMITED,INE1KLZ01011,SYSTEMATIC,399.59431388000002,-,,-,,399.59431388000002,Small Cap
1980,Nimbus Projects Limited,INE875B01015,NIMBSPROJ,407.34599179000003,NIMBSPROJ,391.53680000000003,-,,399.44139589500003,Small Cap
1981,MBL Infrastructure Ltd,INE912H01013,MBLINFRA,399.699102117,MBLINFRA,398.7509,-,,399.22500105849997,Small Cap
1982,Batliboi Ltd,INE177C01022,BATLIBOI,398.77196850900003,-,,-,,398.77196850900003,Small Cap
1983,Kalyani Cast-Tech Limited,INE0N6U01018,KALYANI,397.26206006300004,-,,-,,397.26206006300004,Small Cap
1984,Banswara Syntex Ltd.,INE629D01020,BANSWRAS,397.323240967,BANSWRAS,397.12130000000002,-,,397.22227048349998,Small Cap
1985,Nupur Recyclers Ltd.,INE0JM501013,-,-,NRL,396.52859999999998,-,,396.52859999999998,Small Cap
1986,Sinclairs Hotels  Ltd,INE985A01022,SINCLAIR,396.18554983299998,SINCLAIR,395.92239999999998,-,,396.05397491650001,Small Cap
1987,BAI-KAKAJI POLYMERS LIMITED,INE1IJQ01026,BAIKAKAJI,394.88531634999998,-,,-,,394.88531634999998,Small Cap
1988,SOLARIUM GREEN ENERGY LIMITED,INE0W0H01017,SOLARIUM,394.28847944299997,-,,-,,394.28847944299997,Small Cap
1989,Orient Paper & Industries Ltd.,INE592A01026,ORIENTPPR,394.07798716399998,ORIENTPPR,394.17579999999998,-,,394.12689358199998,Small Cap
1990,B&B Triplewall Containers Limited,INE01EE01011,BBTCL,394.13373221999996,BBTCL,393.77210000000002,-,,393.95291610999999,Small Cap
1991,Medicamen Biotech Ltd.,INE646B01010,MEDICAMEQ,393.27812096899999,MEDICAMEQ,393.08339999999998,-,,393.18076048449996,Small Cap
1992,Pune E - Stock Broking Limited,INE510U01018,PESB,393.15671043899999,-,,-,,393.15671043899999,Small Cap
1993,Aerpace Industries Limited,INE175N01023,AERPACE,390.27359284200003,-,,-,,390.27359284200003,Small Cap
1994,Kriti Nutrients Ltd,INE798K01010,KRITINUT,390.388674079,KRITINUT,389.99329999999998,-,,390.19098703949999,Small Cap
1995,Gokul Refoils and Solvent Limited,INE020J01029,GOKUL,390.46927833299998,GOKUL,389.75569999999999,-,,390.11248916649998,Small Cap
1996,MANAKSIA LIMITED,INE015D01022,MANAKSIA,389.86970908899997,MANAKSIA,389.38479999999998,-,,389.62725454449998,Small Cap
1997,CLN ENERGY LIMITED,INE0WDX01010,CLN,389.24827159400002,-,,-,,389.24827159400002,Small Cap
1998,Vipul Organics Limited,INE834D01018,VIPULORG,388.542392205,-,,-,,388.542392205,Small Cap
1999,GEE Ltd.,INE064H01021,GEE,387.703732328,-,,-,,387.703732328,Small Cap
2000,Jet Airways (India) Ltd,INE802G01018,JETAIRWAYS,386.685491732,-,,-,,386.685491732,Small Cap
2001,Deepak Builders and Engineers India Limited,INE0OPA01027,DBEIL,386.83540995599998,DBEIL,386.51560000000001,-,,386.67550497799999,Small Cap
2002,Maruti Interior Products Limited,INE0JSJ01014,SPITZE,386.60341249999999,-,,-,,386.60341249999999,Small Cap
2003,Nandan Denim Limited,INE875G01048,NDL,386.63874136799996,NDL,386.06220000000002,-,,386.35047068400002,Small Cap
2004,NDL Ventures Limited,INE353A01023,NDLVENTURE,385.122251753,NDLVENTURE,384.29790000000003,-,,384.71007587650001,Small Cap
2005,SHEETAL COOL PRODUCTS LIMITED,INE501Y01019,SCPL,384.65918749999997,SCPL,382.44150000000002,-,,383.55034375000002,Small Cap
2006,Rubfila International Ltd.,INE642C01025,RUBFILA,382.08500926599999,RUBFILA,381.89190000000002,-,,381.988454633,Small Cap
2007,Bedmutha Industries Limited,INE844K01012,BEDMUTHA,385.19582241900002,BEDMUTHA,378.1771,-,,381.68646120950001,Small Cap
2008,L. T. ELEVATOR LIMITED,INE0TJ801010,LTELEVATOR,380.98069645500004,-,,-,,380.98069645500004,Small Cap
2009,ESPIRE HOSPITALITY LIMITED,INE176O01011,ESPIRE,380.38017286399997,-,,-,,380.38017286399997,Small Cap
2010,Fratelli Vineyards Limited,INE401Z01019,FRATELLI,378.46075858099999,-,,-,,378.46075858099999,Small Cap
2011,De Nora India Limited,INE244A01016,DENORA,378.40230703000003,DENORA,378.51620000000003,-,,378.459253515,Small Cap
2012,RPP INFRA PROJECTS LIMITED,INE324L01013,RPPINFRA,377.59530898400004,RPPINFRA,377.42320000000001,-,,377.50925449200003,Small Cap
2013,Dhabriya Polywood Limited,INE260R01016,DHABRIYA,377.44458022100002,-,,-,,377.44458022100002,Small Cap
2014,STARLINEPS ENTERPRISES LIMITED,INE594W01042,STARLENT,377.3637483,-,,-,,377.3637483,Small Cap
2015,Asian Hotels (West) Ltd,INE915K01010,AHLWEST,217.502846412,AHLWEST,536.14290000000005,-,,376.82287320600005,Small Cap
2016,Manomay Tex India Limited,INE784W01015,MANOMAY,377.52538999499995,MANOMAY,375.16090000000003,-,,376.34314499749996,Small Cap
2017,ASARFI HOSPITAL LIMITED,INE0DN001027,ASARFI,376.18160263800002,-,,-,,376.18160263800002,Small Cap
2018,Stovec Industries Ltd.,INE755D01015,STOVACQ,375.99156413899999,-,,-,,375.99156413899999,Small Cap
2019,Simplex Castings Ltd.,INE658D01011,SIMPLEXCAS,375.43797415199998,-,,-,,375.43797415199998,Small Cap
2020,Mangal Credit and Fincorp Limited,INE545L01039,MANCREDIT,374.519003919,MANCREDIT,374.39879999999999,-,,374.4589019595,Small Cap
2021,Mold-Tek Technologies Ltd,INE835B01035,MOLDTECH,373.09589046899998,MOLDTECH,372.863,-,,372.97944523449996,Small Cap
2022,Bella Casa Fashion & Retail Limited,INE344T01014,BELLACASA,373.32772968800003,BELLACASA,372.47660000000002,-,,372.90216484400003,Small Cap
2023,Bemco Hydraulics Ltd.,INE142E01022,BEMHY,372.85676814999999,-,,-,,372.85676814999999,Small Cap
2024,MKVENTURES CAPITAL LIMITED,INE874A01010,MKVENTURES,371.69892849400003,-,,-,,371.69892849400003,Small Cap
2025,Avonmore Capital & Management Services Limited,INE323B01024,AVONMORE,371.53148461900003,AVONMORE,370.86130000000003,-,,371.19639230950003,Small Cap
2026,Alphalogic Techsys Limited,INE08E401029,ALPHALOGIC,370.01328512199996,-,,-,,370.01328512199996,Small Cap
2027,FABTECH TECHNOLOGIES CLEANROOMS LIMITED,INE0HSD01011,FABCLEAN,369.945821099,-,,-,,369.945821099,Small Cap
2028,Inspirisys Solutions Limited,INE020G01017,INSPIRISYS,371.29626670900001,INSPIRISYS,368.36860000000001,-,,369.83243335450004,Small Cap
2029,Highway Infrastructure Limited,INE00RL01028,HILINFRA ,368.82693609199998,HILINFRA,368.78449999999998,-,,368.80571804599998,Small Cap
2030,DCM Shriram Industries Ltd.,INE843D01027,DCMSRIND,388.10002336599996,DCMSRIND,346.03680000000003,-,,367.06841168300002,Small Cap
2031,Alufluoride  Ltd.,INE058F01019,ALUFLUOR,365.85778892399998,-,,-,,365.85778892399998,Small Cap
2032,SATTRIX INFORMATION SECURITY LIMITED,INE0QUV01010,SATTRIX,364.641416462,-,,-,,364.641416462,Small Cap
2033,Lords Chloro Alkali Ltd,INE846D01012,LORDSCHLO,365.71607830900001,LORDSCHLO,363.41210000000001,-,,364.56408915450004,Small Cap
2034,MEDICO REMEDIES LIMITED,INE630Y01024,MEDICO,363.608226667,MEDICO,363.98169999999999,-,,363.79496333349999,Small Cap
2035,Danlaw Technologies India Ltd.,INE310B01013,DANLAW,363.77550622899997,-,,-,,363.77550622899997,Small Cap
2036,Trejhara Solutions Limited,INE00CA01015,TREJHARA ,382.96366561899998,TREJHARA,343.65640000000002,-,,363.3100328095,Small Cap
2037,Mawana Sugars Ltd,INE636A01039,MAWANASUG,362.094704858,MAWANASUG,361.90559999999999,-,,362.00015242899997,Small Cap
2038,Kisan Mouldings Ltd.,INE017C01012,KISAN,361.94620775999999,-,,-,,361.94620775999999,Small Cap
2039,Career Point Edutech Limited,INE0P6P01016,CPEDU,360.41576629399998,CPEDU,360.63799999999998,-,,360.52688314699998,Small Cap
2040,EXATO TECHNOLOGIES LIMITED,INE1E4401010,EXATO,358.46434828000002,-,,-,,358.46434828000002,Small Cap
2041,COVANCE SOFTSOL LIMITED,INE0R8101016,COVANCE,358.20584173600002,-,,-,,358.20584173600002,Small Cap
2042,Andhra Petrochemicals Ltd.,INE714B01016,ANDHRAPET,358.15529400000003,-,-,-,,358.15529400000003,Small Cap
2043,Nutricircle Limited,INE536C01029,NUTRICIRCLE,357.66742916700002,-,,-,,357.66742916700002,Small Cap
2044,Anjani Portland Cement Ltd.,INE071F01012,APCL,357.45293547699998,APCL,357.76409999999998,-,,357.60851773849998,Small Cap
2045,Goodricke Group Ltd.,INE300A01016,GOODRICKE,356.83019999999999,-,-,-,,356.83019999999999,Small Cap
2046,Naperol Investments Limited,INE585A01020,NAPEROL,356.611167792,-,,-,,356.611167792,Small Cap
2047,Soma Textile & Industries Ltd,INE314C01013,SOMATEX,358.10579804999998,SOMATEX,355.03789999999998,-,,356.57184902500001,Small Cap
2048,Valiant Laboratories Limited,INE0JWS01017,VALIANTLAB,357.02095572899998,VALIANTLAB,355.86360000000002,-,,356.4422778645,Small Cap
2049,Remsons Industries Ltd.,INE474C01023,REMSONSIND,356.339978922,REMSONSIND,356.53120000000001,-,,356.43558946100001,Small Cap
2050,TWAMEV CONSTRUCTION AND INFRASTRUCTURE LIMITED,INE388G01026,TICL,357.04766666699999,TICL,354.96809999999999,-,,356.00788333349999,Small Cap
2051,Tracxn Technologies Limited,INE0HMF01019,TRACXN,355.97316246399998,TRACXN,355.77719999999999,-,,355.87518123199999,Small Cap
2052,Muthoot Capital Services Ltd.,INE296G01013,MUTHOOTCAP,355.612796307,MUTHOOTCAP,355.65870000000001,-,,355.6357481535,Small Cap
2053,Kanoria Chemicals & Industries Ltd.,INE138C01024,KANORICHEM,354.65841984999997,KANORICHEM,354.68790000000001,-,,354.67315992499999,Small Cap
2054,Suditi Industries Ltd.,INE691D01012,SUDTIND-B,353.19990483600003,-,,-,,353.19990483600003,Small Cap
2055,Nikhil Adhesives Ltd.,INE926C01022,NIKHILAD,351.16302335,-,,-,,351.16302335,Small Cap
2056,TRANSWORLD SHIPPING LINES LIMITED,INE757B01015,TRANSWORLD,350.94267545299999,TRANSWORLD,350.77030000000002,-,,350.85648772650001,Small Cap
2057,Dev Accelerator Limited,INE0VOV01021,DEVX,350.23569887600001,DEVX,350.48219999999998,-,,350.35894943799997,Small Cap
2058,Purple Finance Limited,INE0CYK01015,PURPLEFIN,349.08386768299999,-,,-,,349.08386768299999,Small Cap
2059,Harrisons Malayalam Ltd.,INE544A01019,HARRMALAYA,349.12704818700001,HARRMALAYA,348.63569999999999,-,,348.88137409349997,Small Cap
2060,Ginni Filaments Ltd.,INE424C01010,GINNIFILA,347.93483154799998,GINNIFILA,348.0283,-,,347.98156577399999,Small Cap
2061,Hindustan Motors Ltd.,INE253A01025,HINDMOTORS,346.81087206799998,-,,-,,346.81087206799998,Small Cap
2062,LIKHAMI CONSULTING LIMITED,INE920T01011,LIKHAMI,346.71313958299999,-,,-,,346.71313958299999,Small Cap
2063,Tiger Logistics (India) Limited,INE906O01029,TIGERLOGS,346.35862416700002,TIGERLOGS,345.98770000000002,-,,346.17316208350002,Small Cap
2064,IL&FS Engineering and Construction Company Ltd,INE369I01014,IL&FSENGG,347.00319152199995,IL&FSENGG,344.1524,-,,345.57779576099995,Small Cap
2065,UVS HOSPITALITY AND SERVICES LIMITED,INE528C01018,UVS,345.35099699,-,,-,,345.35099699,Small Cap
2066,Markolines Pavement Technologies Limited,INE0FW001016,MARKOLINES,343.69233090500001,MARKOLINES,343.41160000000002,-,,343.55196545249999,Small Cap
2067,EMAMI REALTY LIMITED,INE778K01012,EMAMIREAL,349.56448144899997,EMAMIREAL,336.78489999999999,-,,343.17469072450001,Small Cap
2068,Fluidomat Ltd.,INE459C01016,FLUIDOM,342.82312350000001,-,,-,,342.82312350000001,Small Cap
2069,Goa Carbon Ltd.,INE426D01013,GOACARBON,340.62960859600003,GOACARBON,340.63339999999999,-,,340.63150429799998,Small Cap
2070,Nicco Parks And Resorts Ltd.,INE653C01022,NICCOPAR,340.34676000000002,-,,-,,340.34676000000002,Small Cap
2071,LOGICA INFOWAY LIMITED,INE0BSU01018,LOGICA,340.345255657,-,,-,,340.345255657,Small Cap
2072,Akme Fintrade (India) Limited,INE916Y01027,AFIL,339.37290568999998,AFIL,339.04930000000002,-,,339.21110284500003,Small Cap
2073,Majestic Auto Ltd.,INE201B01022,MAJESAUT,338.93135587699999,-,,-,,338.93135587699999,Small Cap
2074,Ruchira Papers Ltd,INE803H01014,RUCHIRA,338.81419738,RUCHIRA,338.72539999999998,-,,338.76979869000002,Small Cap
2075,HP Adhesives Limited,INE0GSL01024,HPAL,338.37082089099999,HPAL,338.11360000000002,-,,338.24221044550001,Small Cap
2076,Jay Ushin Ltd.,INE289D01015,JAYUSH,337.916871646,-,,-,,337.916871646,Small Cap
2077,ATLANTAA LIMITED,INE285H01022,ATLANTAA,337.45142916700001,ATLANTAA,337.49149999999997,-,,337.47146458349999,Small Cap
2078,RDB Real Estate Constructions Limited,INE0AK901016,RRECL,334.16309690000003,-,,-,,334.16309690000003,Small Cap
2079,Uday Jewellery Industries Limited.,INE551B01012,UDAYJEW,334.01083021700003,-,,-,,334.01083021700003,Small Cap
2080,Coastal Corporation Limited,INE377E01024,COASTCORP,332.69891958900001,COASTCORP,332.5369,-,,332.61790979450001,Small Cap
2081,TALBROS ENGINEERING LIMITED,INE717E01013,TALBROSENG,332.02705195200002,-,,-,,332.02705195200002,Small Cap
2082,AUTOLINE INDUSTRIES LTD.,INE718H01014,AUTOIND,332.023531096,AUTOIND,331.7131,-,,331.868315548,Small Cap
2083,VARVEE GLOBAL LIMITED,INE273D01027,VGL,331.48441498,VGL,331.51940000000002,-,,331.50190749000001,Small Cap
2084,LEAPFROG ENGINEERING SERVICES LIMITED,INE0X6O01027,LESL,331.01342399999999,-,,-,,331.01342399999999,Small Cap
2085,Aarti Surfactants Limited,INE09EO01013,AARTISURF,330.81842478099998,AARTISURF,330.94330000000002,-,,330.8808623905,Small Cap
2086,PRIME FRESH LIMITED,INE442V01012,PRIMEFRESH,330.526206968,-,,-,,330.526206968,Small Cap
2087,MAHINDRA EPC IRRIGATION LIMITED,INE215D01010,MAHEPC,329.64071030100001,MAHEPC,329.6062,-,,329.62345515050004,Small Cap
2088,Indian Link Chain Mnfrs. Ltd.,INE359D01024,INLCM,329.60324583300002,-,,-,,329.60324583300002,Small Cap
2089,3i Infotech limited,INE748C01038,3IINFOLTD,329.13710470799998,3IINFOLTD,329.2106,-,,329.17385235400002,Small Cap
2090,Balgopal Commercial limited,INE119R01014,BALGOPAL,328.42989625000001,-,,-,,328.42989625000001,Small Cap
2091,Axita Cotton Limited,INE02EZ01022,AXITA,328.24591891599999,AXITA,327.94229999999999,-,,328.09410945799999,Small Cap
2092,VEGA JEWELLERS LIMITED,INE603D01017,VEGA,326.645542611,-,,-,,326.645542611,Small Cap
2093,Ratnabhumi Developers Limited,INE821Y01011,RATNABHUMI,324.09861666699999,-,,-,,324.09861666699999,Small Cap
2094,RAJASTHAN SECURITIES LIMITED,INE184D01026,RAJSEC,323.61179217,-,,-,,323.61179217,Small Cap
2095,Vardhman Polytex Ltd.,INE835A01029,VARDMNPOLY,324.45248860599997,VARDMNPOLY,322.57490000000001,-,,323.51369430299997,Small Cap
2096,Kesoram Industries Ltd,INE087A01019,KESORAMIND,321.64713699000004,KESORAMIND,321.37900000000002,-,,321.51306849500003,Small Cap
2097,Industrial Investment Trust Ltd.,INE886A01014,IITL,325.71627041300002,IITL,315.13380000000001,-,,320.42503520650001,Small Cap
2098,ROBUST HOTELS LIMITED,INE508K01013,RHL,320.08802563099999,RHL,319.30200000000002,-,,319.69501281550004,Small Cap
2099,Nila Infrastructures Ltd,INE937C01029,NILAINFRA,319.13887706999998,NILAINFRA,318.827,-,,318.98293853500002,Small Cap
2100,GENUS PAPER & BOARDS LIMITED,INE949P01018,GENUSPAPER,319.251852536,GENUSPAPER,318.66050000000001,-,,318.95617626800004,Small Cap
2101,Atal Realtech Limited,INE0ALR01029,ATALREAL,319.49003634400003,ATALREAL,316.5548,-,,318.02241817200002,Small Cap
2102,MIZZEN VENTURES LIMITED,INE681K01026,MIZVEN,317.05831949999998,-,,-,,317.05831949999998,Small Cap
2103,Binny Ltd.,INE118K01011,BINNY,314.59208395000002,-,,-,,314.59208395000002,Small Cap
2104,Spencer's Retail Limited,INE020801028,SPENCERS,314.65610111999996,SPENCERS,314.202,-,,314.42905055999995,Small Cap
2105,Bafna Pharmaceuticals Limited,INE878I01022,BAFNAPH,315.616907486,BAFNAPH,312.72980000000001,-,,314.17335374300001,Small Cap
2106,Trident Lifeline Limited,INE0MKA01014,TLL,314.14138209999999,-,,-,,314.14138209999999,Small Cap
2107,Exxaro Tiles Limited,INE0GFE01026,EXXARO,314.13823773799999,EXXARO,313.4522,-,,313.795218869,Small Cap
2108,Beezaasan Explotech Limited,INE13VU01016,BEEZAASAN,313.690465426,-,,-,,313.690465426,Small Cap
2109,Apollo Sindoori Hotels Ltd.,INE451F01024,-,-,APOLSINHOT,312.685,-,,312.685,Small Cap
2110,TANDHAN INDUSTRIES LIMITED,INE896J01014,TANDHANIN,311.86411572899999,-,,-,,311.86411572899999,Small Cap
2111,Modi Rubber Ltd.,INE832A01018,MODIRUBBER,311.85791559500001,MODIRUBBER,311.57470000000001,-,,311.71630779750001,Small Cap
2112,Halder Venture Limited,INE115S01010,HALDER,312.691086111,HALDER,309.98149999999998,-,,311.33629305549999,Small Cap
2113,Omax Autos Ltd.,INE090B01011,OMAXAUTO,311.33110607100002,OMAXAUTO,310.53120000000001,-,,310.93115303550002,Small Cap
2114,BHAVIK ENTERPRISES LIMITED,INE18PB01017,BHAVIK,309.53674084200003,-,,-,,309.53674084200003,Small Cap
2115,Kings Infra Ventures Limited,INE050N01010,KINGSINFR,309.43542245200001,-,,-,,309.43542245200001,Small Cap
2116,Vardhaman Acrylics Ltd.,INE116G01013,-,-,VARDHACRLC,308.35640000000001,-,,308.35640000000001,Small Cap
2117,Shankar Lal Rampal Dye-Chem Limited,INE01NE01012,SRD,308.626920144,SRD,307.5,-,,308.063460072,Small Cap
2118,SHIV TEXCHEM LIMITED,INE0YRO01015,SHIVTEXCHEM,307.69011721799995,-,,-,,307.69011721799995,Small Cap
2119,Bhatia Communications & Retail (India) Limited,INE341Z01025,BHATIA,307.5970954,-,,-,,307.5970954,Small Cap
2120,Everest Organics Ltd.,INE334C01029,EVERESTO,306.58720055599997,-,,-,,306.58720055599997,Small Cap
2121,DJ Mediaprint & Logistics Limited,INE0B1K01014,DJML,306.82743015599999,DJML,305.31880000000001,-,,306.073115078,Small Cap
2122,HAMPTON SKY REALTY LIMITED,INE299D01022,HAMPTON,306.00893800799997,-,,-,,306.00893800799997,Small Cap
2123,Brand Concepts Limited,INE977Y01011,BCONCEPTS,305.55894935100002,BCONCEPTS,305.71789999999999,-,,305.6384246755,Small Cap
2124,Ekansh Concepts Limited,INE005E01013,EKANSH,305.26488293299997,-,,-,,305.26488293299997,Small Cap
2125,Jinkushal Industries Limited,INE1FF001016,JKIPL,304.83442191699999,JKIPL,305.09129999999999,-,,304.96286095849996,Small Cap
2126,SIZEMASTERS TECHNOLOGY LIMITED,INE235U01012,SIZEMASTER,304.58916666700003,-,,-,,304.58916666700003,Small Cap
2127,Hitech Corporation Limited,INE120D01012,HITECHCORP,303.57262530399998,HITECHCORP,302.97190000000001,-,,303.27226265199999,Small Cap
2128,Ashima Ltd,INE440A01010,ASHIMASYN,302.99541730999999,ASHIMASYN,302.8485,-,,302.92195865500003,Small Cap
2129,BOMBAY OXYGEN INVESTMENTS LIMITED,INE01TL01014,BOMOXY-B1,301.99204374999999,-,,-,,301.99204374999999,Small Cap
2130,Megastar Foods Limited,INE00EM01016,MEGASTAR,300.78511209999999,MEGASTAR,300.82979999999998,-,,300.80745604999998,Small Cap
2131,Gayatri Projects Limited,INE336H01023,GAYAPROJ,299.80805396199997,GAYAPROJ,300.30950000000001,-,,300.05877698099999,Small Cap
2132,PPAP Automotive Limited,INE095I01015,PPAP,299.502497113,PPAP,299.06189999999998,-,,299.28219855650002,Small Cap
2133,Monarch Surveyors and Engineering Consultants Limited,INE0V0L01028,MSECL,298.843187167,-,,-,,298.843187167,Small Cap
2134,Nath Biogene India Ltd.,INE448G01010,NATHBIOGEN,298.00251583300002,NATHBIOGEN,298.01490000000001,-,,298.00870791650004,Small Cap
2135,Aaron Industries Ltd.,INE721Z01010,-,-,AARON,297.61770000000001,-,,297.61770000000001,Small Cap
2136,Josts Engineering Co. Ltd.,INE636D01041,JOSTS,296.70879069099999,-,,-,,296.70879069099999,Small Cap
2137,GTV Engineering Limited,INE910R01024,GTV,296.23361320800001,-,,-,,296.23361320800001,Small Cap
2138,MADALA HOLDINGS LIMITED,INE002B01016,MADALA,296.11961634899995,-,,-,,296.11961634899995,Small Cap
2139,Parsvnath Developers Ltd.,INE561H01026,PARSVNATH,295.76000266099999,PARSVNATH,295.29579999999999,-,,295.52790133049996,Small Cap
2140,Menon Pistons Ltd.,INE650G01029,MENNPIS,294.681825,-,,-,,294.681825,Small Cap
2141,Shradha Realty Ltd.,INE715Y01031,-,-,SHRADHA,294.37009999999998,-,,294.37009999999998,Small Cap
2142,DELPHI WORLD MONEY LIMITED,INE726L01027,DELPHIFX,294.22049769299997,DELPHIFX,294.24340000000001,-,,294.23194884650002,Small Cap
2143,CL Educate Limited,INE201M01029,CLEDUCATE,294.235011429,CLEDUCATE,293.98869999999999,-,,294.1118557145,Small Cap
2144,Khemani Distributors & Marketing Limited,INE030U01025,KDML,293.17504300000002,-,,-,,293.17504300000002,Small Cap
2145,Sakuma Exports Ltd.,INE190H01024,SAKUMA,293.45080076400001,SAKUMA,292.57549999999998,-,,293.01315038199999,Small Cap
2146,Aplab Ltd.,INE273A01015,APLAB,291.94841074999999,-,,-,,291.94841074999999,Small Cap
2147,Tipco Engineering India Limited,INE1U6D01014,TIPCO,289.70018201900001,-,,-,,289.70018201900001,Small Cap
2148,RDB Rasayans Limited,INE123M01017,RDBRL,288.98965168299998,-,,-,,288.98965168299998,Small Cap
2149,AGRIBIO SPIRITS LIMITED,INE679E01015,AGRIBIO,288.87535964800003,-,,-,,288.87535964800003,Small Cap
2150,Anand Rayons Limited,INE02GA01012,ARL,288.78535044500001,-,,-,,288.78535044500001,Small Cap
2151,Omnitex Industries (India) Ltd.,INE814D01010,OMNITEX,288.15041536699999,-,,-,,288.15041536699999,Small Cap
2152,SHEMAROO ENTERTAINMENT LIMITED,INE363M01019,SHEMAROO,288.84118248999999,SHEMAROO,286.54450000000003,-,,287.69284124500001,Small Cap
2153,Global Surfaces Limited,INE0JSX01015,GSLSU,288.44041103500001,GSLSU,286.62959999999998,-,,287.5350055175,Small Cap
2154,Cineline India Limited,INE704H01022,CINELINE,287.677278914,CINELINE,287.29379999999998,-,,287.48553945699996,Small Cap
2155,VVIP Infratech Limited,INE0MNP01016,VVIPIL,287.42829750800001,-,,-,,287.42829750800001,Small Cap
2156,DIGILOGIC SYSTEMS LIMITED,INE1OOT01028,DIGILOGIC,287.41626918899999,-,,-,,287.41626918899999,Small Cap
2157,EMROCK CORPORATION LIMITED,INE554H01021,EMROCK,287.11089833299997,-,,-,,287.11089833299997,Small Cap
2158,AELEA COMMODITIES LIMITED,INE0T3401029,ACLD,286.67728080000001,-,,-,,286.67728080000001,Small Cap
2159,Dynemic Products Ltd.,INE256H01015,DYNPRO,285.96372078400003,DYNPRO,286.15789999999998,-,,286.06081039200001,Small Cap
2160,VIKAS LIFECARE LIMITED,INE161L01027,VIKASLIFE,285.97259424099997,VIKASLIFE,285.39980000000003,-,,285.68619712049997,Small Cap
2161,Msafe Equipments Limited,INE2B5L01011,MSAFE,285.147835052,-,,-,,285.147835052,Small Cap
2162,Riddhi Steel and Tube Limited,INE367U01013,RSTL,285.069123413,-,,-,,285.069123413,Small Cap
2163,Om Freight Forwarders Limited,INE1BZC01019,OMFREIGHT,284.09416694399999,OMFREIGHT,284.3159,-,,284.20503347199997,Small Cap
2164,Coromandel Engineering Company Limited,INE312J01012,COROENGG,284.18025323000001,-,,-,,284.18025323000001,Small Cap
2165,Emerald Leisures Limited,INE044N01021,EMERALL,283.953541325,-,,-,,283.953541325,Small Cap
2166,Suraj Industries Limited.,INE170U01011,SURJIND,283.75853583400004,-,,-,,283.75853583400004,Small Cap
2167,SAHYADRI INDUSTRIES LTD.,INE280H01015,SAHYADRI,283.23095154200001,SAHYADRI,283.97579999999999,-,,283.603375771,Small Cap
2168,Alacrity Securities Limited,INE030P01017,ALSL,282.941574,-,,-,,282.941574,Small Cap
2169,Tierra Agrotech Limited,INE05CY01014,TIERRA,282.424577494,-,,-,,282.424577494,Small Cap
2170,Innovators Facade Systems Limited,INE870Z01015,INNOVATORS,282.29464018499999,-,,-,,282.29464018499999,Small Cap
2171,GLOBE CIVIL PROJECTS LIMITED,INE0V3U01015,GLOBECIVIL,281.681579167,GLOBECIVIL,281.49790000000002,-,,281.58973958349998,Small Cap
2172,Nitin Castings Limited,INE861H01020,NITINCAST,281.365925135,-,,-,,281.365925135,Small Cap
2173,Sayaji Hotels (Indore) Limited,INE0MGS01014,SHILINDORE,281.294943778,-,,-,,281.294943778,Small Cap
2174,UFO Moviez India Limited,INE527H01019,UFO,281.07124060199999,UFO,281.48140000000001,-,,281.276320301,Small Cap
2175,TRF Ltd,INE391D01019,TRF,280.624826154,TRF,280.53129999999999,-,,280.57806307700002,Small Cap
2176,Ludlow Jute & Specialities Ltd,INE983C01015,LUDLOWJUT,280.32735551999997,-,,-,,280.32735551999997,Small Cap
2177,Shri Keshav Cements and Infra Limited,INE260E01014,SKCIL,280.07925364200003,-,,-,,280.07925364200003,Small Cap
2178,Radix Industries (India) Limited,INE576N01014,RADIXIND,279.35784425100002,-,,-,,279.35784425100002,Small Cap
2179,Avio Smart Market Stack Limited,INE855F01042,ASMS,279.02782779299997,ASMS,278.22829999999999,-,,278.62806389649995,Small Cap
2180,FCS Software Solutions Ltd.,INE512B01022,FCSSOFT,277.67416226799998,FCSSOFT,276.99029999999999,-,,277.33223113399998,Small Cap
2181,Kerala Ayurveda Limited,INE817B01025,KERALAYUR,275.940583264,-,,-,,275.940583264,Small Cap
2182,Asahi Songwon Colors Ltd.,INE228I01012,ASAHISONG,275.32441011599997,ASAHISONG,275.10199999999998,-,,275.21320505799997,Small Cap
2183,Shankara Building Products Limited,INE274V01019,SHANKARA,274.62058578400001,SHANKARA,274.45139999999998,-,,274.53599289199997,Small Cap
2184,United Van Der Horst Ltd.,INE890G01047,UVDRHOR,274.47538616700001,-,,-,,274.47538616700001,Small Cap
2185,HORIZON RECLAIM (INDIA) LIMITED,INE1SEO01013,HORIZON,274.10773257099999,-,,-,,274.10773257099999,Small Cap
2186,Ace Software Exports ltd.,INE849B01010,ACESOFT,274.07090843199995,-,,-,,274.07090843199995,Small Cap
2187,MARBLE CITY INDIA LIMITED,INE807H01023,MARBLE,273.65017242600004,-,,-,,273.65017242600004,Small Cap
2188,Suyog Gurbaxani Funicular Ropeways Limited,INE07GA01011,SGFRL,273.48237014800003,-,,-,,273.48237014800003,Small Cap
2189,SK Minerals & Additives Limited,INE13YH01017,SKM,273.44466,-,,-,,273.44466,Small Cap
2190,Zenotech Laboratories Limited,INE486F01012,ZENOTECH,272.85241188600003,-,,-,,272.85241188600003,Small Cap
2191,CRYOGENIC OGS LIMITED,INE0TL001013,CRYOGENIC,272.35589499999998,-,,-,,272.35589499999998,Small Cap
2192,Artificial Electronics Intelligent Material Limited,INE072B01027,AEIM,272.15446960600002,-,,-,,272.15446960600002,Small Cap
2193,Nova Agritech Limited,INE02H701025,NOVAAGRI,271.85405053200003,NOVAAGRI,271.55799999999999,-,,271.70602526599998,Small Cap
2194,Supershakti Metaliks Limited,INE00SY01011,SUPERSHAKT,271.62823212399996,-,,-,,271.62823212399996,Small Cap
2195,A2Z Infra Engineering Limited,INE619I01012,A2ZINFRA,271.58736212899998,A2ZINFRA,270.7912,-,,271.18928106449999,Small Cap
2196,K C P SUGAR AND INDUSTRIES CORPORATION LTD.,INE790B01024,KCPSUGIND,271.09326091999998,KCPSUGIND,271.14710000000002,-,,271.12018046000003,Small Cap
2197,National Peroxide Limited,INE0PO601011,NPL,270.989967208,-,,-,,270.989967208,Small Cap
2198,Oil Country Tubular Ltd.,INE591A01010,OILCOUNTUB,270.37415024199998,OILCOUNTUB,270.44909999999999,-,,270.41162512099999,Small Cap
2199,Pavna Industries Limited,INE07S101038,PAVNAIND,269.66032899999999,PAVNAIND,268.97550000000001,-,,269.31791450000003,Small Cap
2200,Geekay Wires Ltd.,INE669X01032,-,-,GEEKAYWIRE,268.8603,-,,268.8603,Small Cap
2201,Baroda Rayon Corpn. Ltd.,INE461A01024,BARODARY,268.53544707899999,-,,-,,268.53544707899999,Small Cap
2202,BPL Ltd.,INE110A01019,BPL,268.661787817,BPL,268.24299999999999,-,,268.45239390849997,Small Cap
2203,QUEST CAPITAL MARKETS LIMITED,INE418C01012,QUESTCAP,267.18791666700002,-,-,-,,267.18791666700002,Small Cap
2204,MACH TRAVEL SOLUTIONS LIMITED,INE0UYT01018,MACHLTD,267.136984713,-,,-,,267.136984713,Small Cap
2205,ADCOUNTY MEDIA INDIA LIMITED,INE0W1601012,ADCOUNTY,267.09861949999998,-,,-,,267.09861949999998,Small Cap
2206,Kaycee Industries Ltd.,INE813G01023,KAYCEEI,267.0468515,-,,-,,267.0468515,Small Cap
2207,Reliance Communications Limited,INE330H01018,RCOM,267.818829784,RCOM,265.92899999999997,-,,266.87391489200002,Small Cap
2208,Nidhi Granites Limited,INE276H01013,NIDHGRN,266.15566666699999,-,,-,,266.15566666699999,Small Cap
2209,D.P. WIRES LIMITED,INE864X01013,DPWIRES,266.30925325300001,DPWIRES,265.923,-,,266.11612662649998,Small Cap
2210,B.R.GOYAL INFRASTRUCTURE LIMITED,INE00ST01011,BRGIL,266.001033307,-,,-,,266.001033307,Small Cap
2211,P.G.Foils Ltd.,INE078D01012,PGFOILQ,265.36587583300002,-,,-,,265.36587583300002,Small Cap
2212,U. Y. FINCORP LIMITED,INE152C01025,UYFINCORP,265.44746705100005,UYFINCORP,265.24450000000002,-,,265.34598352550006,Small Cap
2213,Mercantile Ventures Limited,INE689O01013,MERCANTILE,264.86186968099997,-,,-,,264.86186968099997,Small Cap
2214,Garg Acrylics Limited,INE244E01018,-,-,-,-,GARG,264.86172160000001,264.86172160000001,Small Cap
2215,Asian Hotels (East) Limited,INE926K01017,AHLEAST,264.306455309,AHLEAST,264.48739999999998,-,,264.39692765450002,Small Cap
2216,Lancer Container Lines Limited,INE359U01028,LANCER,262.74292167199997,-,,-,,262.74292167199997,Small Cap
2217,Indo National Limited,INE567A01028,NIPPOBATRY,262.29593749999998,NIPPOBATRY,262.30090000000001,-,,262.29841875,Small Cap
2218,International Travel House Ltd,INE262B01016,ITHL,261.372516104,-,,-,,261.372516104,Small Cap
2219,STELLANT SECURITIES (INDIA) LIMITED,INE395F01023,STELLANT,260.66448233299997,-,,-,,260.66448233299997,Small Cap
2220,SERA INVESTMENTS & FINANCE INDIA LIMITED,INE017I01027,SERA,260.59883009999999,-,,-,,260.59883009999999,Small Cap
2221,Nectar Lifesciences Limited,INE023H01027,NECLIFE,258.194935461,NECLIFE,262.57709999999997,-,,260.38601773049999,Small Cap
2222,STARTECK FINANCE LIMITED,INE992I01013,STARTECK,260.46989994699999,STARTECK,259.71539999999999,-,,260.09264997349999,Small Cap
2223,Poddar Pigments Ltd.,INE371C01013,PODDARMENT,259.48567541699998,PODDARMENT,260.12959999999998,-,,259.80763770850001,Small Cap
2224,Ravinder Heights Limited,INE09E501017,RVHL,259.77279376900003,RVHL,259.15649999999999,-,,259.46464688449998,Small Cap
2225,Naga Dhunseri Group Ltd.,INE756C01015,-,-,NDGL,259.04610000000002,-,,259.04610000000002,Small Cap
2226,Almondz Global Securities Limited,INE326B01035,ALMONDZ,259.241175118,ALMONDZ,258.50400000000002,-,,258.87258755900001,Small Cap
2227,Nureca Limited,INE0DSF01015,NURECA,257.01456832899999,NURECA,260.54950000000002,-,,258.78203416450003,Small Cap
2228,PARADEEP PARIVAHAN LIMITED,INE0SMW01011,PPARIVAH,258.45327025,-,,-,,258.45327025,Small Cap
2229,SUGS LLOYD LIMITED,INE0XX801016,SUGSLLOYD,257.99304489999997,-,,-,,257.99304489999997,Small Cap
2230,Indian Toners & Developers Ltd.,INE826B01018,INDTONER,257.71711854400002,-,,-,,257.71711854400002,Small Cap
2231,CANDOUR TECHTEX LIMITED,INE713D01055,CANDOUR,252.27719485399999,-,,CANDOUR,260.77891797298997,256.52805641349499,Small Cap
2232,Indag Rubber Ltd.,INE802D01023,INDAG,255.7835,-,,-,,255.7835,Small Cap
2233,Shardul Securities Ltd.,INE037B01020,SHARDUL,255.68127018499999,-,,-,,255.68127018499999,Small Cap
2234,S.V.J.ENTERPRISES LIMITED,INE0JZS01010,SVJ,254.96958187499999,-,,-,,254.96958187499999,Small Cap
2235,EVEXIA LIFECARE LIMITED,INE313M01030,EVEXIA,254.86305548000001,-,,-,,254.86305548000001,Small Cap
2236,SHREE TIRUPATI BALAJEE AGRO TRADING COMPANY LIMITED,INE0S2G01011,BALAJEE,254.82054407699999,BALAJEE,254.53710000000001,-,,254.67882203850002,Small Cap
2237,EMMFORCE AUTOTECH LIMITED,INE0SDC01012,EMMFORCE,253.93794084999999,-,,-,,253.93794084999999,Small Cap
2238,Setco Automotive Limited,INE878E01021,SETCO,253.37974285000001,SETCO,254.08869999999999,-,,253.73422142499999,Small Cap
2239,The United Nilgiri Tea Estates Company Ltd.,INE458F01011,-,-,UNITEDTEA,253.56139999999999,-,,253.56139999999999,Small Cap
2240,Shalibhadra Finance Ltd.,INE861D01011,SAHLIBHFI,266.83870991999999,SAHLIBHFI,240.17959999999999,-,,253.50915495999999,Small Cap
2241,Vaarad Ventures Ltd,INE418B01048,VAARAD,253.47244785000001,-,,-,,253.47244785000001,Small Cap
2242,Ahmedabad Steelcraft Ltd.,INE868C01018,AHMDSTE,253.39279350000001,-,,-,,253.39279350000001,Small Cap
2243,Sayaji Industries Limited,INE327G01032,SAYAJIIND,252.96410933299998,-,,-,,252.96410933299998,Small Cap
2244,DCM NOUVELLE LIMITED,INE08KP01019,DCMNVL,253.390280977,DCMNVL,252.52440000000001,-,,252.95734048849999,Small Cap
2245,Spacenet Enterprises India Ltd.,INE970N01027,-,-,SPCENET,252.7115,-,,252.7115,Small Cap
2246,AVG Logistics Limited,INE680Z01018,AVG,252.038739693,AVG,252.0446,-,,252.04166984649999,Small Cap
2247,S V Global Mill Limited,INE159L01013,SVGLOBAL,251.54842838499999,-,,-,,251.54842838499999,Small Cap
2248,Gennex Laboratories Ltd,INE509C01026,GENNEX,251.39791407199999,-,,-,,251.39791407199999,Small Cap
2249,Dhanashree Electronics Limited,INE413F01016,DEL,250.93063875000001,-,,-,,250.93063875000001,Small Cap
2250,Wardwizard Foods and Beverages Limited,INE761D01021,WARDWIZFBL,250.77792783299998,-,,-,,250.77792783299998,Small Cap
2251,Univastu India Ltd.,INE562X01013,-,-,UNIVASTU,250.62899999999999,-,,250.62899999999999,Small Cap
2252,Suraj Products Ltd.,INE069E01019,SURAJ,250.472725,-,,-,,250.472725,Small Cap
2253,SHIVAM AUTOTECH LIMITED,INE637H01024,SHIVAMAUTO,250.46442259699998,SHIVAMAUTO,249.79929999999999,-,,250.13186129849998,Small Cap
2254,Generic Engineering Construction and Projects Limited,INE854S01022,GENCON,250.24833234600001,GENCON,249.97669999999999,-,,250.11251617300002,Small Cap
2255,SUNDARAM BRAKE LININGS LTD,INE073D01013,SUNDRMBRAK,250.26700384699998,SUNDRMBRAK,249.62569999999999,-,,249.9463519235,Small Cap
2256,Rossell India Limited,INE847C01020,ROSSELLIND,188.328447727,ROSSELLIND,311.42599999999999,-,,249.87722386349998,Small Cap
2257,NAGARJUNA FERTILIZERS AND CHEMICALS LTD.,INE454M01024,NAGAFERT,250.23538113000001,NAGAFERT,249.32329999999999,-,,249.77934056499998,Small Cap
2258,SARASWATI SAREE DEPOT LIMITED,INE0PQ101010,SSDL,249.82886823200002,SSDL,249.5942,-,,249.711534116,Small Cap
2259,Kaka Industries Limited,INE0P3N01018,KAKA,249.46518083300001,-,,-,,249.46518083300001,Small Cap
2260,RUDRA ECOVATION LIMITED,INE723D01021,RUDRAECO,249.23824375000001,-,,-,,249.23824375000001,Small Cap
2261,MEGAMONT LIMITED,INE317D01014,MEGAMONT,249.18017518600001,-,,-,,249.18017518600001,Small Cap
2262,EKI Energy Services Limited,INE0CPR01018,EKI,248.235453662,-,,-,,248.235453662,Small Cap
2263,Surana Telecom And Power Limited,INE130B01031,SURANAT&P,248.031189735,SURANAT&P,248.25290000000001,-,,248.1420448675,Small Cap
2264,Multibase India Ltd,INE678F01014,MULTIBASE,247.76846,-,,-,,247.76846,Small Cap
2265,Aptus Pharma Limited,INE15XJ01010,APPL,246.76849166700001,-,,-,,246.76849166700001,Small Cap
2266,Vikas EcoTech Limited,INE806A01020,VIKASECO,246.98505703499998,VIKASECO,246.15969999999999,-,,246.5723785175,Small Cap
2267,Ponni Sugars (Erode) Ltd.,INE838E01017,PONNIERODE,246.21892383699998,PONNIERODE,246.31530000000001,-,,246.26711191850001,Small Cap
2268,PARMESHWAR METAL LIMITED,INE0QQJ01021,PARMESHWAR,246.20785175,-,,-,,246.20785175,Small Cap
2269,Birla Precision Technologies Ltd,INE372E01025,BIRLAPREC,245.76297494000002,-,,-,,245.76297494000002,Small Cap
2270,India Gelatine & Chemicals Ltd.,INE342D01012,INDGELA,245.58241248800002,-,,-,,245.58241248800002,Small Cap
2271,Jay Shree Tea & Industries Ltd.,INE364A01020,JAYSREETEA,245.53300753200003,JAYSREETEA,245.3212,-,,245.42710376600002,Small Cap
2272,BHARATROHAN AIRBORNE INNOVATIONS LIMITED,INE0QMV01017,BHARATROHAN,244.89625221799997,-,,-,,244.89625221799997,Small Cap
2273,K. M. Sugar Mills Ltd.,INE157H01023,KMSUGAR,244.43371833699999,KMSUGAR,244.50810000000001,-,,244.47090916849999,Small Cap
2274,Diamines & Chemicals Ltd.,INE591D01014,DIAMINESQ,243.58635164699999,DIAMINESQ,243.02869999999999,-,,243.30752582349999,Small Cap
2275,LAST MILE ENTERPRISES LIMITED,INE404B01022,LASTMILE,243.003697211,-,,-,,243.003697211,Small Cap
2276,Madhav Infra Projects Limited,INE631R01026,MADHAVIPL,242.64586913000002,-,,-,,242.64586913000002,Small Cap
2277,Videocon Industries Ltd.,INE703A01011,VIDEOIND,242.48268437499999,-,,-,,242.48268437499999,Small Cap
2278,Intense Technologies,INE781A01025,INTENTECH,241.66964784200002,INTENTECH,241.333,-,,241.50132392099999,Small Cap
2279,Sayaji Hotels (Pune) Limited,INE07G501017,SHPLPUNE,241.49016086,-,,-,,241.49016086,Small Cap
2280,REGENCY FINCORP LIMITED,INE964R01013,REGENCY,241.18899785400001,-,,-,,241.18899785400001,Small Cap
2281,Alankit Limited,INE914E01040,ALANKIT,240.95786661300002,ALANKIT,240.85839999999999,-,,240.90813330650002,Small Cap
2282,Global Vectra Helicorp Ltd.,INE792H01019,GLOBALVECT,241.02866666700001,GLOBALVECT,240.63310000000001,-,,240.83088333350003,Small Cap
2283,The Peria Karamalai Tea & Produce Company Ltd.,INE431F01018,-,-,PKTEA,240.2398,-,,240.2398,Small Cap
2284,IL & FS Investment Managers Ltd.,INE050B01023,IVC,240.21672752399996,IVC,240.1618,-,,240.189263762,Small Cap
2285,BCC Fuba India Ltd.,INE788D01016,BCCFUBA,240.16562406300002,-,,-,,240.16562406300002,Small Cap
2286,Trishakti Industries Limited,INE238C01022,TRISHAKT,240.147775819,-,,-,,240.147775819,Small Cap
2287,Lotus Eye Hospital And Institute Limited,INE947I01017,LOTUSEYE,240.10316150100002,LOTUSEYE,240.0985,-,,240.10083075049999,Small Cap
2288,Competent Automobiles Co. Ltd.,INE823B01015,COMPEAU,238.536219063,-,,-,,238.536219063,Small Cap
2289,NTC INDUSTRIES LIMITED,INE920C01017,NTCIND,238.02085625000001,-,,-,,238.02085625000001,Small Cap
2290,DSM Fresh Foods Limited,INE0SUM01015,ZAPPFRESH,237.81063432800002,-,,-,,237.81063432800002,Small Cap
2291,Narmada Gelatines Ltd.,INE869A01010,SHAWGELTIN,237.55619058099998,-,,-,,237.55619058099998,Small Cap
2292,WAAREE TECHNOLOGIES LIMITED ,INE725P01012,WAAREE,236.87886773899999,-,,-,,236.87886773899999,Small Cap
2293,GTT DATA SOLUTIONS LIMITED,INE959B01017,GTTDATA,236.74832486,-,,-,,236.74832486,Small Cap
2294,Novus Loyalty Limited,INE1TFS01019,NOVUS,236.51607371399999,-,,-,,236.51607371399999,Small Cap
2295,Transchem Limited.,INE019B01010,TRANSCHEM,236.43294,-,,-,,236.43294,Small Cap
2296,ACS TECHNOLOGIES LIMITED,INE366C01021,ACSTECH,236.17433537600002,-,,-,,236.17433537600002,Small Cap
2297,Shree Ajit Pulp And Paper Ltd,INE185C01017,SAPPL,236.010251694,-,,-,,236.010251694,Small Cap
2298,TEAM INDIA GUARANTY LIMITED,INE289C01025,TEAMGTY,235.709311146,TEAMGTY,233.3751,-,,234.54220557299999,Small Cap
2299,Cords Cable Industries Limited,INE792I01017,CORDSCABLE,234.06176615999999,CORDSCABLE,234.05340000000001,-,,234.05758308,Small Cap
2300,Vegorama Punjabi Angithi Limited,INE1L3801017,VPAL,233.692852415,-,,-,,233.692852415,Small Cap
2301,Atvo Enterprises Limited,INE219M01021,ATVOENT,232.87172724200002,-,,-,,232.87172724200002,Small Cap
2302,Aveer Foods Limited,INE09BN01011,AVEER,232.20126603000003,-,,-,,232.20126603000003,Small Cap
2303,Capital Trade Links Limited,INE172D01021,CTL,231.91607400000001,-,,-,,231.91607400000001,Small Cap
2304,Frick India Limited,INE499C01012,-,-,-,-,FRICKINDIA,231.74034374999994,231.74034374999994,Small Cap
2305,ASI INDUSTRIES LIMITED,INE443A01030,ASIIL,231.10970033300001,-,,-,,231.10970033300001,Small Cap
2306,OSIAJEE TEXFAB LIMITED,INE186R01013,OSIAJEE,231.00862499999999,-,,-,,231.00862499999999,Small Cap
2307,CCME GLOBAL LIMITED,INE194N01016,CCME,230.579352083,-,,-,,230.579352083,Small Cap
2308,VMS TMT LIMITED,INE0SJA01013,VMSTMT,230.51835874599999,VMSTMT,230.55430000000001,-,,230.536329373,Small Cap
2309,UCAL LIMITED,INE139B01016,UCAL,229.83482867399997,UCAL,229.77350000000001,-,,229.80416433699997,Small Cap
2310,Lyka Labs Ltd.,INE933A01014,LYKALABS,229.87482875000001,LYKALABS,229.4222,-,,229.64851437499999,Small Cap
2311,CAPITALNUMBERS INFOTECH  LIMITED,INE0WXM01011,CNINFOTECH,228.79967655799999,-,,-,,228.79967655799999,Small Cap
2312,DCM SHRIRAM FINE CHEMICALS LIMITED,INE0OFM01015,DSFCL,228.500790663,DSFCL,228.3535,-,,228.42714533150001,Small Cap
2313,JASCH GAUGING TECHNOLOGIES LIMITED,INE0QXV01014,JGTL,228.360682,-,,-,,228.360682,Small Cap
2314,PIPAN OILS LIMITED,INE378P01036,PIPAN,228.30037625200001,-,,-,,228.30037625200001,Small Cap
2315,Avance Technologies Ltd.,INE758A01072,AVANCE,228.26733999999999,-,,-,,228.26733999999999,Small Cap
2316,Rainbow Foundations Ltd,INE230F01014,RAINBOWF,228.04097402299999,-,,-,,228.04097402299999,Small Cap
2317,Pritika Auto Industries Limited,INE583R01029,PRITIKAUTO,227.96832957300001,PRITIKAUTO,227.57560000000001,-,,227.77196478650001,Small Cap
2318,Panasonic Carbon India Co.Ltd,INE013E01017,PANCARBON,227.14179999999999,-,,-,,227.14179999999999,Small Cap
2319,Sintercom India Ltd.,INE129Z01016,-,-,SINTERCOM,226.59870000000001,-,,226.59870000000001,Small Cap
2320,VIBHOR STEEL TUBES LIMITED,INE0QTF01015,VSTL,226.21246376900001,VSTL,226.33109999999999,-,,226.2717818845,Small Cap
2321,Manaksia Aluminium Company Ltd,INE859Q01017,MANAKALUCO,226.21097990700002,MANAKALUCO,225.93899999999999,-,,226.07498995349999,Small Cap
2322,ITCONS E-Solutions Limited,INE0O6A01019,ITCONS,225.976867621,-,,-,,225.976867621,Small Cap
2323,BDH Industries Ltd.,INE278D01018,BDH,224.82352455,-,,-,,224.82352455,Small Cap
2324,Ambalal Sarabhai Enterprise Ltd.,INE432A01017,AMBALALSA,224.59750252800001,-,-,-,,224.59750252800001,Small Cap
2325,Khadim India Limited,INE834I01025,KHADIM,224.37109826799997,KHADIM,224.21,-,,224.290549134,Small Cap
2326,FUNDVISER CAPITAL (INDIA) LIMITED,INE365H01014,FUNDVISER,224.087885833,-,,-,,224.087885833,Small Cap
2327,Omega Interactive Technologies Ltd.,INE113B01037,OMEGAIN,223.80897333299998,-,,-,,223.80897333299998,Small Cap
2328,Elgi Rubber Company Ltd.,INE819L01012,-,-,ELGIRUBCO,223.72559999999999,-,,223.72559999999999,Small Cap
2329,Panasonic Energy India Co. Ltd.,INE795A01017,PANAENERG,223.673125,-,,-,,223.673125,Small Cap
2330,Keto Motors Limited,INE392H01026,KETOMOTORS,222.71158786599997,-,,-,,222.71158786599997,Small Cap
2331,CUPID BREWERIES AND DISTILLERIES LIMITED,INE108G01010,CUPIDALBV,222.521113077,-,,-,,222.521113077,Small Cap
2332,Indo US Bio-Tech Limited,INE250Z01010,INDOUS,222.1353876,INDOUS,222.37719999999999,-,,222.25629379999998,Small Cap
2333,Pro Fin Capital Services Ltd,INE732K01027,PROFINC,222.217933964,-,,-,,222.217933964,Small Cap
2334,Bimetal Bearings Ltd,INE469A01019,BIMETAL,221.59563750000001,-,,-,,221.59563750000001,Small Cap
2335,Star Paper Mills Ltd.,INE733A01018,STARPAPER,221.484437544,STARPAPER,221.19200000000001,-,,221.338218772,Small Cap
2336,AION-TECH SOLUTIONS LIMITED,INE805A01014,GOLDTECH,221.52006667699999,GOLDTECH,221.13290000000001,-,,221.3264833385,Small Cap
2337,M. K. Exim (India) Ltd.,INE227F01010,MKEXIM,221.02549507500001,-,,-,,221.02549507500001,Small Cap
2338,Precision Electronics Ltd.,INE143C01024,PRECISIO,220.97493577099999,-,,-,,220.97493577099999,Small Cap
2339,Kalyani Forge Ltd.,INE314G01014,KALYANIFRG,220.3600265,KALYANIFRG,220.37960000000001,-,,220.36981324999999,Small Cap
2340,Atishay Limited,INE011R01013,ATISHAY,220.346462938,-,,-,,220.346462938,Small Cap
2341,DRC Systems India Limited,INE03RS01027,DRCSYSTEMS,220.09984038600001,DRCSYSTEMS,220.1875,-,,220.14367019299999,Small Cap
2342,Syschem (India) Ltd.,INE121D01036,SYSCHEM,219.88815811700002,-,,-,,219.88815811700002,Small Cap
2343,NILACHAL CARBO METALICKS LIMITED,INE346R01013,NCML,218.82000769999999,-,,-,,218.82000769999999,Small Cap
2344,Sumit Woods Ltd.,INE748Z01013,-,-,SUMIT,218.5403,-,,218.5403,Small Cap
2345,GAMCO LIMITED,INE890S01026,GAMCO,218.05132244999999,-,,-,,218.05132244999999,Small Cap
2346,Country Club Hospitality & Holidays Ltd,INE652F01027,CCHHL,217.57020007899999,CCHHL,217.85220000000001,-,,217.7112000395,Small Cap
2347,Mini Diamonds (India) Ltd.,INE281E01028,MINID,217.419202821,-,,-,,217.419202821,Small Cap
2348,Hindustan Organic Chemicals Ltd.,INE048A01011,HOCL,217.31393491300003,-,,-,,217.31393491300003,Small Cap
2349,Shree Salasar Investment Ltd.,INE315N01017,SALSAIN,216.894272,-,,-,,216.894272,Small Cap
2350,Bhatia Colour Chem Limited,INE0KQ001017,BCCL,216.85917108699999,-,,-,,216.85917108699999,Small Cap
2351,The Indian Wood Products Co. Ltd.,INE586E01020,IWP,216.75610164599999,-,,-,,216.75610164599999,Small Cap
2352,Comfort Intech Ltd,INE819A01049,COMFINTE,216.74471844699997,-,,-,,216.74471844699997,Small Cap
2353,Super Sales India Ltd.,INE091C01017,SUPER,216.677303771,-,,-,,216.677303771,Small Cap
2354,Kesar Petroproducts Ltd,INE133C01033,KESARPE,215.11472105500002,-,,-,,215.11472105500002,Small Cap
2355,The Byke Hospitality    Ltd,INE319B01014,BYKE,215.734888058,BYKE,215.31270000000001,BYKE,214.21270000000001,215.08676268600001,Small Cap
2356,Emerald Finance Limited,INE030Q01015,EMERALD,214.97577926,-,,-,,214.97577926,Small Cap
2357,D & H India Limited,INE589D01018,DHINDIA,214.962890375,-,,-,,214.962890375,Small Cap
2358,Shreyans Industries Limited.,INE231C01019,SHREYANIND,214.92748229200001,SHREYANIND,214.7706,-,,214.84904114599999,Small Cap
2359,VIP Clothing Limited,INE450G01024,VIPCLOTHNG,215.00471865399999,VIPCLOTHNG,214.65549999999999,-,,214.830109327,Small Cap
2360,RRIL LIMITED,INE951M01037,RRIL,214.77960045100002,-,,-,,214.77960045100002,Small Cap
2361,Alfred Herbert (India) Ltd.,INE782D01027,ALFREDHE,212.74038247499999,-,,-,,212.74038247499999,Small Cap
2362,Sri Sarvaraya Sugars Limited,INE658W01011,-,-,-,-,SARVARAYA,212.43621438000014,212.43621438000014,Small Cap
2363,Sicagen India Limited,INE176J01011,SICAGEN,212.17050881099999,-,,-,,212.17050881099999,Small Cap
2364,T T Ltd,INE592B01024,TTL,212.02162283499999,TTL,211.97640000000001,-,,211.99901141750001,Small Cap
2365,WARDWIZARD INNOVATIONS AND MOBILITY LIMITED,INE945P01024,WARDINMOBI,211.858206782,-,,-,,211.858206782,Small Cap
2366,Aarey Drugs & Pharmaceuticals Ltd,INE198H01019,AAREYDRUGS,211.863824588,AAREYDRUGS,211.70150000000001,-,,211.782662294,Small Cap
2367,Kothari Sugars & Chemicals Ltd.,INE419A01022,-,-,KOTARISUG,211.6422,-,,211.6422,Small Cap
2368,Graviss Hospitality Ltd,INE214F01026,GRAVISSHO,211.63850200499999,-,,-,,211.63850200499999,Small Cap
2369,Worth Peripherals Limited,INE196Y01018,WORTHPERI,211.41779750000001,WORTHPERI,211.28309999999999,-,,211.35044875,Small Cap
2370,RECODE STUDIOS LIMITED,INE2B6701015,RECODE,211.20413444100001,-,,-,,211.20413444100001,Small Cap
2371,HCP PLASTENE BULKPACK LIMITED,INE136C01044,HPBL,211.105576512,-,,-,,211.105576512,Small Cap
2372,Music Broadcast Limited,INE919I01024,RADIOCITY,209.776440818,RADIOCITY,209.52869999999999,-,,209.65257040899999,Small Cap
2373,Supreme Holdings & Hospitality (India) Ltd,INE822E01011,SUPREME,209.79057682499999,SUPREME,209.04570000000001,-,,209.41813841250001,Small Cap
2374,VETO SWITCHGEARS AND CABLES LIMITED,INE918N01018,VETO,209.18116492499999,VETO,209.26910000000001,-,,209.2251324625,Small Cap
2375,MAXGROW INDIA LIMITED,INE485D01043,MAXGROW,208.85976273900002,-,,-,,208.85976273900002,Small Cap
2376,Inflame Appliances Limited,INE464Z01017,INFLAME,208.78290949999999,-,,-,,208.78290949999999,Small Cap
2377,Sanjivani Paranteral Ltd.,INE860D01013,SANJIVIN,208.67135671700001,-,,-,,208.67135671700001,Small Cap
2378,Chembond Material Technologies Limited,INE995D01025,CHEMBOND,208.832860899,CHEMBOND,208.3622,-,,208.5975304495,Small Cap
2379,Infinity Infoway Limited,INE16XA01017,INFINITY,208.199402542,-,,-,,208.199402542,Small Cap
2380,Rotographics (India) Limited,INE364S01014,RGIL,208.085896279,-,,-,,208.085896279,Small Cap
2381,Zodiac Clothing Co. Ltd.,INE206B01013,ZODIACLOTH,208.520584249,ZODIACLOTH,207.30619999999999,-,,207.91339212449998,Small Cap
2382,Diksat Transworld Limited,INE942P01013,DIKSAT,206.788100969,-,,-,,206.788100969,Small Cap
2383,Shiva Texyarn Ltd.,INE705C01020,SHIVATEX,207.29322494000002,SHIVATEX,205.80500000000001,-,,206.54911247000001,Small Cap
2384,Bhilwara Technical Textiles Limited,INE274K01012,BTTL,205.99209668199998,-,,-,,205.99209668199998,Small Cap
2385,GAME CHANGERS TEXFAB LIMITED,INE1GUJ01014,TRADEUNO,205.65180324300002,-,,-,,205.65180324300002,Small Cap
2386,Silgo Retail Ltd.,INE01II01013,-,-,SILGO,205.5061,-,,205.5061,Small Cap
2387,Northern Spirits Limited,INE01BL01012,NSL,205.32280384000001,-,,-,,205.32280384000001,Small Cap
2388,ORGANIC RECYCLING SYSTEMS LIMITED,INE0MIO01019,ORGANICREC,205.25440335599998,-,,-,,205.25440335599998,Small Cap
2389,Sakthi Sugars Ltd.,INE623A01011,SAKHTISUG,204.59762506500002,SAKHTISUG,204.49170000000001,-,,204.54466253250001,Small Cap
2390,AIRAN LIMITED,INE645W01026,AIRAN,204.568142333,AIRAN,204.46809999999999,-,,204.51812116650001,Small Cap
2391,Sunrise Efficient Marketing Limited,INE0KPY01017,SEML,204.51559633299999,-,,-,,204.51559633299999,Small Cap
2392,SPECIALITY MEDICINES LIMITED,INE0R0M01014,SPML,203.995380912,-,,-,,203.995380912,Small Cap
2393,HBG HOTELS LIMITED,INE977M01024,HBGHOTELS,203.12921741300002,-,,-,,203.12921741300002,Small Cap
2394,Crescentis Capital Limited,INE754C01010,CRESCENTIS,202.89862308900001,-,,-,,202.89862308900001,Small Cap
2395,Mother Nutri Foods Limited,INE0UH001016,MNFL,202.62180849800001,-,,-,,202.62180849800001,Small Cap
2396,Neelamalai Agro Industries Ltd.,INE605D01012,NEAGI,202.621326385,-,,-,,202.621326385,Small Cap
2397,ZEE LEARN LIMITED,INE565L01011,ZEELEARN,202.67735851700002,ZEELEARN,202.47,-,,202.57367925850002,Small Cap
2398,Aeroflex Neu Limited,INE035801013,AERONEU,202.45152229999999,AERONEU,202.60890000000001,-,,202.53021115000001,Small Cap
2399,Nitiraj Engineers Ltd.,INE439T01012,-,-,NITIRAJ,202.3151,-,,202.3151,Small Cap
2400,EMERGENT INDUSTRIAL SOLUTIONS LIMITED,INE668L01013,EMERGENT,202.26696475,-,,-,,202.26696475,Small Cap
2401,Power & Instrumentation (Gujarat) Limited,INE557Z01018,PIGL,204.411558375,PIGL,200.0694,-,,202.2404791875,Small Cap
2402,Cochin Minerals & Rutile Ltd.,INE105D01013,COCHINM,201.61336499999999,-,,-,,201.61336499999999,Small Cap
2403,Shahlon Silk Industries Limited,INE052001026,SHAHLON,201.572001766,-,,-,,201.572001766,Small Cap
2404,RACE ECO CHAIN LIMITED,INE084Q01012,RACE,201.68245163,RACE,200.98830000000001,-,,201.33537581500002,Small Cap
2405,Chandrima Mercantiles limited ,INE371F01024,CHANDRIMA,201.24548365000001,-,,-,,201.24548365000001,Small Cap
2406,SAB INDUSTRIES LIMITED,INE137M01017,SAB,201.22869818699999,-,,-,,201.22869818699999,Small Cap
2407,Filatex Fashions Ltd,INE185E01021,FILATFASH,202.587417824,FILATFASH,198.83709999999999,-,,200.71225891199998,Small Cap
2408,Empower India Limited,INE507F01023,EMPOWER,200.59038013699998,-,,-,,200.59038013699998,Small Cap
2409,Cospower Engineering Limited,INE0CQB01010,COSPOWER,200.26969368800002,-,,-,,200.26969368800002,Small Cap
2410,P.H. Capital Ltd.,INE160F01013,PHCAP,199.94803971300001,-,-,-,,199.94803971300001,Small Cap
2411,Revathi Equipment India Limited,INE0DAB01012,RVTH,200.42255263199999,RVTH,199.38079999999999,-,,199.90167631599999,Small Cap
2412,Dai-Ichi Karkaria Ltd.,INE928C01010,DAICHI,199.747579546,-,,-,,199.747579546,Small Cap
2413,Karbonsteel Engineering Limited,INE0V8A01016,KARBON,199.667206333,-,,-,,199.667206333,Small Cap
2414,Affordable Robotic & Automation Limited,INE692Z01013,AFFORDABLE,200.767661008,AFFORDABLE,198.15280000000001,-,,199.46023050400001,Small Cap
2415,QUEST FLOW CONTROLS LIMITED,INE0OYE01013,QUESTFLOW,199.35904001,-,,-,,199.35904001,Small Cap
2416,Sonam Ltd.,INE00LM01029,-,-,SONAMLTD,199.34739999999999,-,,199.34739999999999,Small Cap
2417,QMS Medical Allied Services Ltd.,INE0FMW01018,-,-,QMSMEDI,198.8493,-,,198.8493,Small Cap
2418,HIM TEKNOFORGE LIMITED,INE705G01021,HIMTEK,198.688081383,-,,-,,198.688081383,Small Cap
2419,Tulive Developers Limited,INE637D01015,TULIVE,197.454842109,-,,-,,197.454842109,Small Cap
2420,Scan Steels Limited,INE099G01011,SCANSTL,196.98428935600001,-,,-,,196.98428935600001,Small Cap
2421,Nagpur Power & Industries Ltd,INE099E01016,NAGPI,196.59520754499999,-,,-,,196.59520754499999,Small Cap
2422,PATEL CHEM SPECIALITIES LIMITED,INE161701011,PATELCHEM,196.49641925,-,,-,,196.49641925,Small Cap
2423,OXYGENTA PHARMACEUTICAL LIMITED,INE102E01018,OXYGENTAPH,196.380844021,-,,-,,196.380844021,Small Cap
2424,Murudeshwar Ceramics Ltd.,INE692B01014,MURUDCERA,196.05160640599999,MURUDCERA,195.8014,-,,195.92650320299998,Small Cap
2425,Ajanta Soya Limited,INE601B01023,AJANTSOY,195.773531792,-,,-,,195.773531792,Small Cap
2426,Gillanders Arbuthnot & Co. Ltd.,INE047B01011,GILLANDERS,196.00472645899998,GILLANDERS,195.28980000000001,-,,195.6472632295,Small Cap
2427,EARKART LIMITED,INE1A8F01035,EARKART,195.343657713,-,,-,,195.343657713,Small Cap
2428,RUDRA GLOBAL INFRA PRODUCTS LIMITED,INE027T01023,RUDRA,195.309226819,RUDRA,195.08090000000001,-,,195.19506340949999,Small Cap
2429,Sikko Industries Ltd.,INE112X01025,-,-,SIKKO,195.01300000000001,-,,195.01300000000001,Small Cap
2430,Waterbase Limited,INE054C01015,WATERBASE,194.912649972,-,,-,,194.912649972,Small Cap
2431,Pil Italica Lifestyle Limited,INE600A01035,PILITA,194.715125,PILITA,194.6035,-,,194.6593125,Small Cap
2432,Maral Overseas Ltd.,INE882A01013,MARALOVER,193.8676107,MARALOVER,193.85929999999999,-,,193.86345534999998,Small Cap
2433,M.K.Proteins Limited,INE964W01021,MKPL,193.82646030000001,MKPL,193.52930000000001,-,,193.67788015000002,Small Cap
2434,Virinchi Limited,INE539B01017,VIRINCHI,193.237748823,VIRINCHI,193.1934,-,,193.2155744115,Small Cap
2435,Jullundur Motor Agency (Delhi) Ltd.,INE412C01023,-,-,JMA,193.09790000000001,-,,193.09790000000001,Small Cap
2436,Lakshmi Electrical Control Systems,INE284C01018,LAKSELEC,192.30060583299999,-,,-,,192.30060583299999,Small Cap
2437,Aarvi Encon Ltd.,INE754X01016,-,-,AARVI,192.09110000000001,-,,192.09110000000001,Small Cap
2438,BLUEGOD ENTERTAINMENT LIMITED,INE924N01024,BLUEGOD,191.470200863,-,,-,,191.470200863,Small Cap
2439,Mahalaxmi Rubtech Ltd.,INE112D01035,MHLXMIRU,191.19902338200001,MHLXMIRU,190.25280000000001,-,,190.72591169100002,Small Cap
2440,Methodhub Software Limited,INE0QZR01017,METHODHUB,190.71032092199999,-,,-,,190.71032092199999,Small Cap
2441,ASTONEA LABS LIMITED,INE0TG901011,ASTONEALAB,189.5606295,-,,-,,189.5606295,Small Cap
2442,ABATE AS INDUSTRIES LIMITED,INE454E01013,ABATEAS,188.87426348299999,-,,-,,188.87426348299999,Small Cap
2443,Loyal Equipments Limited,INE876S01017,LOYAL,188.76565500000001,-,,-,,188.76565500000001,Small Cap
2444,ABans Enterprises Limited,INE365O01028,ABANSENT,187.89360162899999,-,,ABANS,188.89360162899999,188.39360162899999,Small Cap
2445,Bannari Amman Spinning Mills Ltd,INE186H01022,BASML,188.49123287999998,BASML,188.1722,-,,188.33171643999998,Small Cap
2446,Landmarc Leisure Corporation Ltd.,INE394C01023,LANDMARC,188.0325,-,,-,,188.0325,Small Cap
2447,Remi Edelstahl Tubulars Limited,INE158G01015,REMIEDEL,187.876522319,-,,-,,187.876522319,Small Cap
2448,OK Play India Ltd.,INE870B01024,OKPLA,187.82896782999998,-,,-,,187.82896782999998,Small Cap
2449,Rana Sugars Ltd.,INE625B01014,RANASUG,187.83647903299999,RANASUG,187.75069999999999,-,,187.79358951649999,Small Cap
2450,BROOKS LABORATORIES LIMITED,INE650L01011,BROOKS,188.05998077300001,BROOKS,187.31399999999999,-,,187.68699038649999,Small Cap
2451,Trade Wings Ltd.,INE961E01017,TRADWIN,187.4015,-,,-,,187.4015,Small Cap
2452,CHATHA FOODS LIMITED,INE0AH901011,CHATHA,187.238415366,-,,-,,187.238415366,Small Cap
2453,Samor Reality Limited,INE0GD201014,SAMOR,187.23572666699999,-,,-,,187.23572666699999,Small Cap
2454,Brady & Morris Engineering Co. Ltd.,INE856A01017,BRADYM,186.74015625000001,-,,-,,186.74015625000001,Small Cap
2455,ASTAL LABORATORIES LIMITED,INE307N01014,ASTALLTD,186.359199948,-,,-,,186.359199948,Small Cap
2456,SHREE RAM TWISTEX LIMITED,INE19GK01015,SRTL,186.39988291099999,SRTL,185.5943,-,,185.9970914555,Small Cap
2457,Savera Industries Ltd.,INE104E01014,SAVERA,185.131506,-,,-,,185.131506,Small Cap
2458,EQUIPPP SOCIAL IMPACT TECHNOLOGIES LIMITED,INE217G01035,EQUIPPP,186.29994459,EQUIPPP,182.92189999999999,-,,184.61092229499999,Small Cap
2459,Veer Global Infraconstruction Limited,INE244W01010,VGIL,184.54162998199999,-,,-,,184.54162998199999,Small Cap
2460,Dhruva Capital Services Ltd.,INE972E01014,DHRUVCA,183.72456423900002,-,,-,,183.72456423900002,Small Cap
2461,Vijay Solvex Ltd.,INE362D01010,VIJSOLX,183.69754118499998,-,,-,,183.69754118499998,Small Cap
2462,Global Ocean Logistics India Limited,INE1ITY01011,GLOBALLOG,183.68599552200001,-,,-,,183.68599552200001,Small Cap
2463,Quint Digital Limited,INE641R01017,QUINT,183.68382331199999,-,,-,,183.68382331199999,Small Cap
2464,Sangam Finserv Limited,INE475D01010,SANGAMFIN,183.45690769200002,-,,-,,183.45690769200002,Small Cap
2465,STRATMONT INDUSTRIES LIMITED,INE473C01025,STRATMONT,181.338422463,-,,-,,181.338422463,Small Cap
2466,Plaza Wires Limited,INE0INJ01017,PLAZACABLE,181.220377875,PLAZACABLE,181.1712,-,,181.1957889375,Small Cap
2467,Rathi Steel & Power Ltd,INE336C01016,RATHIST,181.18526424200002,-,,-,,181.18526424200002,Small Cap
2468,G.G.Automotive Gears Ltd.,INE493B01017,GGAUTO,181.16740125000001,-,,-,,181.16740125000001,Small Cap
2469,Lancor Holdings Ltd.,INE572G01025,LANCORHOL,181.745272524,LANCORHOL,180.3527,-,,181.048986262,Small Cap
2470,Sakthi Finance Ltd.,INE302E01014,SAKTHIFIN,180.82274411199998,-,,-,,180.82274411199998,Small Cap
2471,Active Clothing Co  Limited,INE380Z01015,ACTIVE,180.66223638699998,-,,-,,180.66223638699998,Small Cap
2472,NANTA TECH LIMITED,INE0YJA01011,NANTA,180.429361443,-,,-,,180.429361443,Small Cap
2473,Jattashankar Industries Limited,INE722N01014,JATTAINDUS,180.24455188800002,-,,-,,180.24455188800002,Small Cap
2474,Niraj Cement Structurals Limited,INE368I01016,NIRAJ,180.328144442,NIRAJ,180.12870000000001,-,,180.22842222100002,Small Cap
2475,Vaswani Industries Limited,INE590L01019,VASWANI,179.39039319599999,VASWANI,178.93100000000001,-,,179.16069659800002,Small Cap
2476,Arvee Laboratories (India) Ltd.,INE006Z01016,-,-,ARVEE,179.12970000000001,-,,179.12970000000001,Small Cap
2477,M TEK COPPER Ltd.,INE813V01022,-,-,MCL,179.09139999999999,-,,179.09139999999999,Small Cap
2478,Tainwala Chemicals & Plastics Ltd,INE123C01018,TAINWALCHM,178.72805308099998,TAINWALCHM,179.39089999999999,-,,179.05947654049999,Small Cap
2479,Ace Alpha Tech Limited,INE0S9X01011,ACEALPHA,179.02802820899998,-,,-,,179.02802820899998,Small Cap
2480,Justo Realfintech Limited,INE0W5Q01017,JUSTO,179.02535854600001,-,,-,,179.02535854600001,Small Cap
2481,Glen Industries Limited,INE0UMC01019,GLEN,178.973883868,-,,-,,178.973883868,Small Cap
2482,Baroda Extrusion Ltd.,INE927K01023,BAROEXT,178.96941819400001,-,,-,,178.96941819400001,Small Cap
2483,SMR Jewels Limited,INE11XK01017,SMR,178.41139320599999,-,,-,,178.41139320599999,Small Cap
2484,Rikhav Securities Limited,INE0CFH01028,RIKHAV,178.16629399999999,-,,-,,178.16629399999999,Small Cap
2485,Integra Essentia Limited,INE418N01035,ESSENTIA,178.13071435399999,ESSENTIA,178.01589999999999,-,,178.073307177,Small Cap
2486,Aspinwall and Company Ltd.,INE991I01015,-,-,ASPINWALL,177.1515,-,,177.1515,Small Cap
2487,KPT INDUSTRIES LIMITED,INE731D01024,KPT,177.11719166700001,-,,-,,177.11719166700001,Small Cap
2488,JAYSYNTH ORGOCHEM LIMITED,INE263B01022,JAYSYNTH,176.72434957000002,-,,-,,176.72434957000002,Small Cap
2489,Kavveri Defence & Wireless Technologies Limited,INE641C01019,KAVDEFENCE,129.723663195,KAVDEFENCE,223.0814,-,,176.4025315975,Small Cap
2490,Aashka Hospitals Limited,INE0EAX01014,AASHKA,175.499415,-,,-,,175.499415,Small Cap
2491,ATV Projects India Ltd,INE447A01015,ATVPR,175.39727851199999,-,-,-,,175.39727851199999,Small Cap
2492,Golkunda Diamonds & Jewellery Ltd.,INE798D01015,GOLKUNDIA,175.07435967000001,-,,-,,175.07435967000001,Small Cap
2493,CP CAPITAL LIMITED,INE521J01018,CPCAP,174.96771028399999,CPCAP,174.89080000000001,-,,174.92925514199999,Small Cap
2494,Cosmo Ferrites Ltd.,INE124B01018,COSMOFE,174.77073725,-,,-,,174.77073725,Small Cap
2495,Dolfin Rubbers Limited,INE666Y01010,DOLFIN,174.507165523,-,,-,,174.507165523,Small Cap
2496,iStreet Network Limited,INE532B01020,ISTRNETWK,174.407974881,-,,-,,174.407974881,Small Cap
2497,Jhaveri Credits & Capital Ltd.,INE865D01012,JHACC,174.378775746,-,,-,,174.378775746,Small Cap
2498,7SEAS ENTERTAINMENT LIMITED,INE454F01010,7SEASL,174.33348069300001,-,,-,,174.33348069300001,Small Cap
2499,Shradha AI Technologies Limited,INE489B01031,SHRAAITECH,175.085318513,-,,SHRAAITECH,172.9103628714706,173.99784069223529,Small Cap
2500,EYANTRA VENTURES LIMITED,INE750G01019,EY,173.60840114600001,-,,-,,173.60840114600001,Small Cap
2501,South India Paper Mills Ltd.,INE088G01014,STHINPA,173.58156249999999,-,,-,,173.58156249999999,Small Cap
2502,SBEC Sugar Ltd.,INE948G01019,SBECSUG,173.17419992000001,-,,-,,173.17419992000001,Small Cap
2503,Sharp India Ltd,INE207B01011,SHARP,172.6612116,-,,-,,172.6612116,Small Cap
2504,Trigyn Technologies Ltd.,INE948A01012,TRIGYN,172.61639139499999,TRIGYN,172.38319999999999,-,,172.49979569749999,Small Cap
2505,GP Petroleums Limited,INE586G01017,GULFPETRO,171.88873550299999,GULFPETRO,171.7808,-,,171.83476775150001,Small Cap
2506,Simmonds-Marshall Ltd,INE657D01021,SIMMOND,171.80333333299998,-,,-,,171.80333333299998,Small Cap
2507,Hannah Joseph Hospital Limited,INE0JVH01012,HANNAH,171.78625526500002,-,,-,,171.78625526500002,Small Cap
2508,SPICE ISLANDS INDUSTRIES LIMITED,INE882D01017,SPICEISLIN,171.53231103599998,-,,-,,171.53231103599998,Small Cap
2509,Parshva Enterprises Limited,INE05MV01019,PARSHVA,170.732216505,-,,-,,170.732216505,Small Cap
2510,GUJJUBHAI INDUSTRIES LIMITED,INE311N01016,GUJJUBHAI,170.71955418299999,-,,-,,170.71955418299999,Small Cap
2511,CHL Limited,INE790D01020,CHLLTD,170.51685923599999,-,,-,,170.51685923599999,Small Cap
2512,CREDENT GLOBAL FINANCE LIMITED,INE727C01024,CGFL,170.277216968,-,,-,,170.277216968,Small Cap
2513,GRE Renew Enertech Limited,INE0U8P01015,GRERENEW,169.760401645,-,,-,,169.760401645,Small Cap
2514,Khoday India Ltd.,INE687B01014,KHODAY,169.38145800000001,-,,-,,169.38145800000001,Small Cap
2515,Indowind Energy Ltd.,INE227G01018,INDOWIND,169.48832604400002,INDOWIND,169.14750000000001,-,,169.31791302200003,Small Cap
2516,SHIVAM CHEMICALS LIMITED,INE0SGR01013,SHIVAM,169.04655517500001,-,,-,,169.04655517500001,Small Cap
2517,Bharat Gears Ltd.,INE561C01019,BHARATGEAR,168.934172816,BHARATGEAR,168.84979999999999,-,,168.89198640799998,Small Cap
2518,Emmbi Industries Limited,INE753K01015,EMMBI,168.13461234000002,EMMBI,167.78280000000001,-,,167.95870617000003,Small Cap
2519,Bharat Road Network Limited,INE727S01012,BRNL,167.98954666700001,BRNL,167.78039999999999,-,,167.8849733335,Small Cap
2520,Bambino Agro Industries Ltd,INE921D01013,BAMBINO,167.65584735599998,-,,-,,167.65584735599998,Small Cap
2521,Superhouse limited,INE712B01010,SUPERHOUSE,167.64247499999999,SUPERHOUSE,167.20689999999999,-,,167.4246875,Small Cap
2522,AAYUSH WELLNESS LIMITED,INE430R01023,AAYUSH,168.70138150099999,-,,AAYUSH,166.00795171128922,167.3546666061446,Small Cap
2523,Uravi Defence and Technology Limited,INE568Z01015,URAVIDEF,167.56242499999999,URAVIDEF,166.72659999999999,-,,167.14451249999999,Small Cap
2524,Sampre Nutritions Ltd.,INE375C01022,SAMPRE,167.13953844600002,-,,-,,167.13953844600002,Small Cap
2525,AMJ LAND HOLDINGS LIMITED,INE606A01024,AMJLAND,166.93115833299998,AMJLAND,166.6397,-,,166.78542916649999,Small Cap
2526,LAXMIPATI ENGINEERING WORKS LIMITED,INE920P01019,LAXMIPATI,166.67282800000001,-,,-,,166.67282800000001,Small Cap
2527,AksharChem (India) Ltd.,INE542B01011,AKSHARCHEM,166.65366771700002,AKSHARCHEM,166.63480000000001,-,,166.6442338585,Small Cap
2528,K. V. TOYS INDIA LIMITED,INE1IE301018,KVTOYS,166.38336666700002,-,,-,,166.38336666700002,Small Cap
2529,Paul Merchants Ltd.,INE291E01019,PML,166.35725650000001,-,,-,,166.35725650000001,Small Cap
2530,Fractal Industries Limited,INE1W3Q01011,FIL,166.210633661,-,,-,,166.210633661,Small Cap
2531,SAFETY CONTROLS & DEVICES LIMITED,INE0UMH01018,SCDL,166.01931860799999,-,,-,,166.01931860799999,Small Cap
2532,Amba Enterprises Ltd.,INE829P01020,AEL,165.96908092800001,-,,-,,165.96908092800001,Small Cap
2533,Natural Capsules Ltd.,INE936B01015,NATCAPSUQ,165.551610901,NATCAPSUQ,165.7355,-,,165.6435554505,Small Cap
2534,Kritika Wires Ltd.,INE00Z501029,-,-,KRITIKA,165.5574,-,,165.5574,Small Cap
2535,ARCL Organics Ltd,INE372M01010,ARCL,165.15433333299998,-,,-,,165.15433333299998,Small Cap
2536,INCREDIBLE INDUSTRIES LIMITED,INE452L01012,INCREDIBLE,166.01404038499999,INCREDIBLE,164.17349999999999,-,,165.09377019249999,Small Cap
2537,Kamdhenu Ventures Limited,INE0BTI01037,KAMOPAINTS,166.00761650000001,KAMOPAINTS,163.86940000000001,-,,164.93850825000001,Small Cap
2538,Century Extrusions Ltd.,INE281A01026,CENTEXT,164.87533333299999,CENTEXT,164.66730000000001,-,,164.77131666650001,Small Cap
2539,Golden Crest Education & Services Limited,INE222U01010,GOLDENCREST,164.39906145800001,-,,-,,164.39906145800001,Small Cap
2540,DEV INFORMATION TECHNOLOGY LIMITED,INE060X01034,DEVIT,164.506371075,DEVIT,164.21879999999999,-,,164.3625855375,Small Cap
2541,Xelpmoc Design and Tech Limited,INE01P501012,XELPMOC,164.128155222,XELPMOC,162.83070000000001,-,,163.47942761100001,Small Cap
2542,ALPHALOGIC INDUSTRIES LIMITED,INE0NZF01019,ALPHAIND,163.37405734999999,-,,-,,163.37405734999999,Small Cap
2543,BAID FINSERV LIMITED,INE020D01022,BAIDFIN,164.01228722499999,BAIDFIN,162.3434,-,,163.1778436125,Small Cap
2544,SJ Corporation Limited,INE312B01027,SJCORP,163.04735174999999,-,,-,,163.04735174999999,Small Cap
2545,Auro Laboratories Ltd.,INE292C01011,AUROLAB,162.95234812499999,-,,-,,162.95234812499999,Small Cap
2546,Indian Terrain Fashions Limited,INE611L01021,INDTERRAIN,162.86814008100001,INDTERRAIN,162.5206,-,,162.69437004050002,Small Cap
2547,Oswal Overseas Ltd,INE906K01027,OSWALOR,162.63432007500001,-,,-,,162.63432007500001,Small Cap
2548,HB Estate Developers Ltd.,INE640B01021,HBESD,162.629513925,-,,-,,162.629513925,Small Cap
2549,Archidply Industries Limited,INE877I01016,ARCHIDPLY,163.21663395799999,ARCHIDPLY,161.6018,-,,162.40921697900001,Small Cap
2550,Accretion Nutraveda Limited,INE1KVQ01019,ANL,162.37155463900001,-,,-,,162.37155463900001,Small Cap
2551,Coral Laboratories Ltd.,INE683E01017,CORALAB,162.243972383,-,,-,,162.243972383,Small Cap
2552,Manas Properties Limited,INE800W01019,MANAS,162.24,-,,-,,162.24,Small Cap
2553,STAR DELTA TRANSFORMERS LIMITED,INE541K01014,STARDELTA,162.217563783,-,,-,,162.217563783,Small Cap
2554,AuSom Enterprise Limited,INE218C01016,AUSOMENT,162.91191070100001,AUSOMENT,161.12729999999999,-,,162.0196053505,Small Cap
2555,Mitsu Chem Plast Limited,INE317V01016,MITSU,161.34598978399998,-,,-,,161.34598978399998,Small Cap
2556,Avro India Limited,INE652Z01025,AVROIND,162.197362758,AVROIND,160.3194,-,,161.25838137900001,Small Cap
2557,Digicontent Limited,INE03JI01017,DGCONTENT,160.911515286,DGCONTENT,161.38669999999999,-,,161.14910764299998,Small Cap
2558,META INFOTECH LIMITED,INE162901016,METAINFO ,160.96000137499999,-,,-,,160.96000137499999,Small Cap
2559,LGB Forge Limited,INE201J01017,LGBFORGE,160.798572648,-,,-,,160.798572648,Small Cap
2560,Zeal Aqua Limited,INE819S01025,ZEAL,160.2866157,-,,-,,160.2866157,Small Cap
2561,Machino Plastics Ltd,INE082B01018,MACPLASQ,160.27633979999999,-,,-,,160.27633979999999,Small Cap
2562,Alpine Housing Development Corporat,INE840D01015,ALPINEHOU,159.947663498,-,,-,,159.947663498,Small Cap
2563,Ecoplast Ltd.,INE423D01010,ECOPLAST,159.43453324699999,-,,-,,159.43453324699999,Small Cap
2564,TAMBOLI INDUSTRIES LIMITED,INE864J01012,TAMBOLIIN,159.394146667,-,,-,,159.394146667,Small Cap
2565,Autoriders International Ltd,INE340U01010,AUTOINT,159.39230472,-,,-,,159.39230472,Small Cap
2566,Captain Pipes Limited,INE513R01026,CAPPIPES,159.31429312,-,,-,,159.31429312,Small Cap
2567,YAASHVI JEWELLERS LIMITED,INE1T6L01010,YAASHVI,158.92588172699999,-,,-,,158.92588172699999,Small Cap
2568,UMIYA BUILDCON LIMITED,INE398B01018,UMIYA-MRO,158.97964887200001,UMIYA-MRO,158.6464,-,,158.81302443600001,Small Cap
2569,Galaxy Bearings Ltd.,INE020S01012,GALXBRG,158.60223500000001,-,,-,,158.60223500000001,Small Cap
2570,KEYNOTE FINANCIAL SERVICES LIMITED,INE681C01015,KEYFINSERV,157.064592554,KEYFINSERV,159.24879999999999,-,,158.15669627699998,Small Cap
2571,ALAN SCOTT ENTERPRISES LIMITED,INE273F01022,ALANSCOTT,157.87909797099999,-,,-,,157.87909797099999,Small Cap
2572,GOURMET GATEWAY INDIA LIMITED,INE512D01028,GOURMET,157.751943928,-,,-,,157.751943928,Small Cap
2573,East India Drums and Barrels Manufacturing Limited,INE191C01023,EASTINDIA,157.70508281300002,-,,-,,157.70508281300002,Small Cap
2574,Modern Thread (India) Ltd.,INE794W01014,MODTHREAD,158.28609577200001,MODTHREAD,156.62700000000001,-,,157.45654788600001,Small Cap
2575,Tips Films Limited,INE0LQS01015,TIPSFILMS,157.23813368099999,TIPSFILMS,157.24549999999999,-,,157.24181684050001,Small Cap
2576,ADMACH SYSTEMS LIMITED,INE0XLO01010,ADMACH,156.71384380000001,-,,-,,156.71384380000001,Small Cap
2577,JK Agri Genetics Limited,INE690O01011,JKAGRI,156.39278316900001,-,,-,,156.39278316900001,Small Cap
2578,Ishan Dyes and Chemicals Limited,INE561M01018,ISHANCH,156.102072564,ISHANCH,156.16669999999999,-,,156.13438628199998,Small Cap
2579,Kanchi Karpooram Ltd.,INE081G01019,KANCHI,155.907134867,-,,-,,155.907134867,Small Cap
2580,KIMIA BIOSCIENCES LIMITED,INE285U01025,KIMIABL,155.60450823800002,-,,-,,155.60450823800002,Small Cap
2581,Kanishk Steel Industries Ltd,INE791E01018,KANSHST,155.58466134899999,-,,-,,155.58466134899999,Small Cap
2582,DHP India Ltd.,INE590D01016,DHPIND,155.379625,-,,-,,155.379625,Small Cap
2583,Bhagwati Autocast Limited,INE106G01014,BGWTATO,155.379053763,-,,-,,155.379053763,Small Cap
2584,Hindustan Adhesives Ltd.,INE074C01013,HINDADH,155.320848579,-,,-,,155.320848579,Small Cap
2585,Winsome Textile Industries Ltd,INE837B01031,WINSOMTX,155.016514333,-,,-,,155.016514333,Small Cap
2586,Ashapuri Gold Ornament Limited,INE05FR01029,AGOL,154.658005024,-,,-,,154.658005024,Small Cap
2587,JAY AMBE SUPERMARKETS LIMITED,INE1DRH01011,CITYSQUARE,154.604069119,-,,-,,154.604069119,Small Cap
2588,Bansal Roofing Products Limited,INE319Q01012,BRPL,154.56752700000001,-,,-,,154.56752700000001,Small Cap
2589,VL E-Governance & IT Solutions Limited,INE03HW01020,VLEGOV,154.499763293,VLEGOV,154.44280000000001,-,,154.47128164650002,Small Cap
2590,SHRI BAJRANG ALLIANCE LIMITED,INE402H01015,SHBAJRG,154.43700000000001,-,,-,,154.43700000000001,Small Cap
2591,POPEES BABY CARE INDIA LIMITED,INE167F01018,POPEES,154.35862291700002,-,,-,,154.35862291700002,Small Cap
2592,DUROPLY INDUSTRIES LIMITED,INE932D01010,DUROPLY,154.318395087,-,,-,,154.318395087,Small Cap
2593,Binayak Tex Processors  Ltd.,INE626H01019,ZBINTXPP,154.266803275,-,,-,,154.266803275,Small Cap
2594,Parnax Lab Limited,INE383L01019,PARNAXLAB,154.09628849699999,-,,-,,154.09628849699999,Small Cap
2595,Prajay Engineers Syndicate Ltd.,INE505C01016,PRAENG,153.89778768299999,PRAENG,153.8657,-,,153.8817438415,Small Cap
2596,Silverline Technologies Ltd.,INE368A01021,SILVERLINE,153.83026328599999,-,,-,,153.83026328599999,Small Cap
2597,Raj Television Network Ltd,INE952H01027,RAJTV,153.84389711,RAJTV,153.81450000000001,-,,153.829198555,Small Cap
2598,B. D. Industries (Pune) Limited,INE1LJ801017,BDI,153.78002791700001,-,,-,,153.78002791700001,Small Cap
2599,Shri Dinesh Mills Ltd.,INE204C01024,SHRIDINE,153.37963887000001,-,,-,,153.37963887000001,Small Cap
2600,North Eastern Carrying Corporation Limited,INE553C01016,NECCLTD,153.25226602000001,NECCLTD,153.03190000000001,-,,153.14208301000002,Small Cap
2601,Suryalata Spinning Mills Ltd.,INE132C01027,SURYALA,152.67681583300001,-,,-,,152.67681583300001,Small Cap
2602,Available Finance Ltd.,INE325G01010,AVAILFC,152.37057663800002,-,,-,,152.37057663800002,Small Cap
2603,Panchsheel Organic Ltd.,INE316G01019,PANCHSHEEL,152.22404875199999,-,,-,,152.22404875199999,Small Cap
2604,Shree Ram Urban Infrastructure Ltd,INE164H01011,SHREERAM,152.19779800000001,-,,-,,152.19779800000001,Small Cap
2605,DCM Ltd.,INE498A01018,DCM,152.08746242999999,DCM,151.97489999999999,-,,152.031181215,Small Cap
2606,Indbank Merchant Banking Services L,INE841B01017,INDBANK,152.077804488,INDBANK,151.88480000000001,-,,151.98130224400001,Small Cap
2607,Integrated Proteins Ltd.,INE177M01013,INTEGFD,151.878996293,-,,-,,151.878996293,Small Cap
2608,LEXORA GLOBAL LIMITED,INE745A01012,LEXGLOBAL,151.755,-,,-,,151.755,Small Cap
2609,CDG PETCHEM LIMITED,INE198N01017,CDG,151.492215375,-,,-,,151.492215375,Small Cap
2610,Vipul Limited,INE946H01037,VIPULLTD,151.23777541699999,VIPULLTD,151.441,-,,151.3393877085,Small Cap
2611,ICONIK SPORTS AND EVENTS LIMITED,INE088P01015,ICONIKSPEV,151.15162678299998,-,,-,,151.15162678299998,Small Cap
2612,IVP Ltd.,INE043C01018,IVP,150.853794601,IVP,150.67019999999999,-,,150.76199730050001,Small Cap
2613,Rudrabhishek Enterprises Ltd.,INE364Z01019,-,-,REPL,150.7004,-,,150.7004,Small Cap
2614,Duncan Engineering Limited,INE340F01011,DUNCANENG,150.58043000000001,-,,-,,150.58043000000001,Small Cap
2615,Apt Packaging Ltd,INE046E01025,APTPACK,150.54028977300001,-,,-,,150.54028977300001,Small Cap
2616,Gujarat Intrux Limited,INE877E01015,GUJINTRX,150.14536886300002,-,,-,,150.14536886300002,Small Cap
2617,Polson Ltd.,INE339F01021,POLSON,150.079997021,-,,-,,150.079997021,Small Cap
2618,Maheshwari Logistics Ltd.,INE263W01010,-,-,MAHESHWARI,149.732,-,,149.732,Small Cap
2619,Sadbhav Engineering Ltd.,INE226H01026,SADBHAV,149.83849866700001,SADBHAV,149.58539999999999,-,,149.7119493335,Small Cap
2620,GARWARE OFFSHORE SERVICES LIMITED,INE446C01013,GARWAOFFS,149.636279137,-,,-,,149.636279137,Small Cap
2621,Worth Investment & Trading Co Limited,INE114O01020,WORTH,149.46382647499999,-,,-,,149.46382647499999,Small Cap
2622,Metroglobal Limited,INE085D01033,METROGLOBL,149.29990039100002,-,-,-,,149.29990039100002,Small Cap
2623,Hi-Klass Trading and Investment Limited,INE302R01024,HIKLASS,149.15572155699999,-,,-,,149.15572155699999,Small Cap
2624,NSB BPO Solutions Limited,INE0SLP01017,NSBBPO,149.14733548699999,-,,-,,149.14733548699999,Small Cap
2625,Landsmill Green Limited,INE688J01023,LANDSMILL,148.9811536,LANDSMILL,148.22880000000001,-,,148.6049768,Small Cap
2626,SELLWIN TRADERS LIMITED,INE195F01027,SELLWIN,148.17355389600002,-,,-,,148.17355389600002,Small Cap
2627,Bilcare Ltd.,INE986A01012,BI,147.873076352,-,,-,,147.873076352,Small Cap
2628,Patels Airtemp (I) Ltd.,INE082C01024,PATELSAI,147.644284793,-,,-,,147.644284793,Small Cap
2629,AMEENJI RUBBER LIMITED ,INE14QA01016,AMEENJI,147.52782999999999,-,,-,,147.52782999999999,Small Cap
2630,Milkfood Ltd.,INE588G01021,MLKFOOD,147.500584393,-,,-,,147.500584393,Small Cap
2631,HINDPRAKASH INDUSTRIES LIMITED,INE05X901010,HPIL,147.44622772400001,HPIL,147.3937,-,,147.419963862,Small Cap
2632,Gallard Steel Limited,INE0BUQ01012,GALLARD,147.33945833299998,-,,-,,147.33945833299998,Small Cap
2633,Rama Vision Ltd,INE763B01013,RAMAVISION,147.15197404700001,-,,-,,147.15197404700001,Small Cap
2634,Mangalam Seeds Limited,INE829S01016,MSL,147.04215837699999,-,,-,,147.04215837699999,Small Cap
2635,VJTF Eduservices Limited,INE117F01013,VJTFEDU,146.65155999999999,-,,-,,146.65155999999999,Small Cap
2636,JTL DEFENCE LIMITED,INE140B01048,JTLDEFENCE,146.58035010999998,-,,-,,146.58035010999998,Small Cap
2637,Varun Shipping Co. Ltd.,INE702A01013,VARUNSHIP,146.40758644799999,-,,-,,146.40758644799999,Small Cap
2638,Chemkart India Limited,INE0VWL01017,CHEMKART,146.38418780000001,-,,-,,146.38418780000001,Small Cap
2639,Shri Gang Industries & Allied Products Limited,INE241V01018,SHRIGANG,146.28199958299999,-,,-,,146.28199958299999,Small Cap
2640,Tilak Ventures Limited,INE026L01022,TILAK,146.17711559200001,-,,-,,146.17711559200001,Small Cap
2641,Dhunseri Tea & Industries Ltd,INE341R01014,DTIL,146.17888661500001,DTIL,145.88929999999999,-,,146.0340933075,Small Cap
2642,Swadeshi Polytex Ltd.,INE243N01029,SWADPOL,145.81222500000001,-,,-,,145.81222500000001,Small Cap
2643,Ovobel Foods Ltd.,INE812S01012,OVOBELE,145.61836573299999,-,,-,,145.61836573299999,Small Cap
2644,Desco Infratech Limited,INE0TGG01014,DESCO,145.50352914500002,-,,-,,145.50352914500002,Small Cap
2645,Aartech Solonics Limited,INE01C001026,AARTECH,145.44821854100002,AARTECH,145.1549,-,,145.30155927050001,Small Cap
2646,HARSHDEEP HORTICO LIMITED,INE0OLZ01015,HARSHDEEP,145.196719922,-,,-,,145.196719922,Small Cap
2647,National Fittings Limited,INE643C01015,NATFIT,144.623937668,-,,-,,144.623937668,Small Cap
2648,Trident Texofab Limited,INE071Y01013,TTFL,144.37996558,-,,-,,144.37996558,Small Cap
2649,IP Rings Ltd.,INE558A01019,IPRINGLTD,144.36616590999998,-,,-,,144.36616590999998,Small Cap
2650,Sonal Mercantile Limited,INE321M01017,SONAL,144.083943221,-,,-,,144.083943221,Small Cap
2651,Reliable Data Services Limited,INE375Y01018,RELIABLE,144.07924,RELIABLE,143.5822,-,,143.83071999999999,Small Cap
2652,Signet Industries Limited,INE529F01035,SIGIND,144.10907880799999,SIGIND,143.02359999999999,-,,143.56633940399999,Small Cap
2653,KRISHANVEER FORGE LIMITED,INE013J01016,KVFORGE,143.30705161700001,-,,-,,143.30705161700001,Small Cap
2654,Bharat Agri Fert and Realty Ltd,INE842D01029,BHARATAGRI,142.56740958099999,-,,-,,142.56740958099999,Small Cap
2655,Ruchi Infrastructure Ltd,INE413B01023,RUCHINFRA,142.42531750099999,RUCHINFRA,142.25620000000001,-,,142.34075875050002,Small Cap
2656,MAGNUM VENTURES LIMITED,INE387I01016,MAGNUM,142.097257568,MAGNUM,142.1217,-,,142.109478784,Small Cap
2657,Yashhtej Industries (India) Limited,INE1O6P01016,YASHHTEJ,141.90407622399999,-,,-,,141.90407622399999,Small Cap
2658,National Plastic Technologies Ltd,INE896D01017,NATPLASTI,141.82339451600001,-,,-,,141.82339451600001,Small Cap
2659,Alpa Laboratories Limited,INE385I01010,ALPA,141.87308369499999,ALPA,141.66810000000001,-,,141.77059184749999,Small Cap
2660,Anka India Ltd.,INE067C01025,ANKIN,141.36514408900001,-,,-,,141.36514408900001,Small Cap
2661,Tirupati Starch & Chemicals Ltd.,INE314D01011,TIRUSTA,141.18090212999999,-,,-,,141.18090212999999,Small Cap
2662,Salona Cotspin Ltd.,INE498E01010,SALONA,142.529001088,SALONA,139.77610000000001,-,,141.15255054400001,Small Cap
2663,Maha Rashtra Apex Corporation Ltd,INE843B01013,MAHAPEXLTD,140.44167433199999,MAHAPEXLTD,140.70570000000001,-,,140.57368716600001,Small Cap
2664,REGANTO ENTERPRISES LIMITED,INE043B01028,REGANTO,140.484498841,-,,-,,140.484498841,Small Cap
2665,Praxis Home Retail Limited ,INE546Y01022,PRAXIS,141.01688959400002,PRAXIS,139.73079999999999,-,,140.373844797,Small Cap
2666,Cubex Tubings Ltd,INE144D01012,CUBEXTUB,140.28335604899999,CUBEXTUB,140.29849999999999,-,,140.29092802449998,Small Cap
2667,Crown Lifters Ltd.,INE491V01019,-,-,CROWN,140.24799999999999,-,,140.24799999999999,Small Cap
2668,W.H. Brady & Co. Ltd.,INE855A01019,WHBRADY,140.1881625,-,,-,,140.1881625,Small Cap
2669,EXPO ENGINEERING AND PROJECTS LIMITED,INE561D01025,EXPOEAPL,140.07020015999998,-,,-,,140.07020015999998,Small Cap
2670,Gradiente Infotainment Ltd.,INE361K01017,-,-,GRADIENTE,138.83240000000001,-,,138.83240000000001,Small Cap
2671,Ecoboard Industries Ltd,INE866A01016,ECOBOAR,138.76780049000001,-,,-,,138.76780049000001,Small Cap
2672,Upsurge Investment And Finance Ltd.,INE890B01014,UPSURGE,138.457186925,-,,-,,138.457186925,Small Cap
2673,Citizen Infoline Ltd.,INE473L01018,CIL,137.465857688,-,,-,,137.465857688,Small Cap
2674,Apollo Finvest (India) Ltd.,INE412D01013,APOLLOFI,137.32954998299999,-,,-,,137.32954998299999,Small Cap
2675,Maximus International Limited,INE544W01021,MAXIMUS,137.16963333299998,-,,-,,137.16963333299998,Small Cap
2676,Smartlink Holdings Limited,INE178C01020,SMARTLINK,137.50205,SMARTLINK,136.6883,-,,137.09517499999998,Small Cap
2677,PURETROP FRUITS LIMITED,INE795D01011,PURETROP,136.862810016,-,,-,,136.862810016,Small Cap
2678,Premco Global Ltd.,INE001E01012,PREMCO,136.84970250000001,-,,-,,136.84970250000001,Small Cap
2679,LAKSHMI ENGINEERING AND WAREHOUSING LIMITED,INE718M01022,LAKSHMIEW,136.79780026,-,,-,,136.79780026,Small Cap
2680,APOLLO TECHNO INDUSTRIES LIMITED,INE0X4A01013,ATIL,136.79759924999999,-,,-,,136.79759924999999,Small Cap
2681,Sir Shadi Lal Enterprises Ltd,INE117H01019,SSLEL,136.53653125,-,,-,,136.53653125,Small Cap
2682,Chemcrux Enterprises Limited,INE298W01016,CHEMCRUX,136.52775564699999,-,,-,,136.52775564699999,Small Cap
2683,KANORIA ENERGY AND INFRASTRUCTURE LIMITED,INE534E01020,KEIL,136.14000039500002,-,,-,,136.14000039500002,Small Cap
2684,Sambhaav Media Ltd.,INE699B01027,SAMBHAAV,136.76688005599999,SAMBHAAV,135.44659999999999,-,,136.10674002799999,Small Cap
2685,Achyut Healthcare Limited,INE0K1401020,ACHYUT,135.84590420799998,-,,-,,135.84590420799998,Small Cap
2686,Jeevan Scientific Technology Limited,INE237B01018,JSTL,135.58453165999998,-,,-,,135.58453165999998,Small Cap
2687,Bengal Tea & fabrics Ltd.,INE665D01016,BENGALT,135.49016608299999,-,,-,,135.49016608299999,Small Cap
2688,Coral India Finance And Housing Ltd,INE558D01021,CORALFINAC,135.58004341899999,CORALFINAC,135.38290000000001,-,,135.4814717095,Small Cap
2689,CHEMTECH INDUSTRIAL VALVES LIMITED,INE212P01011,CHEMTECH,135.188857584,-,,-,,135.188857584,Small Cap
2690,PRODOCS SOLUTIONS LIMITED,INE10XK01019,PRODOCS,134.64442500000001,-,,-,,134.64442500000001,Small Cap
2691,PMC Fincorp Limited,INE793G01035,PMCFIN,134.642762533,-,,-,,134.642762533,Small Cap
2692,Alphageo (India)Ltd.,INE137C01018,ALPHAGEO,134.663353398,ALPHAGEO,134.56399999999999,-,,134.613676699,Small Cap
2693,Avi Polymers Ltd.,INE897N01014,AVI,134.272156217,-,,-,,134.272156217,Small Cap
2694,LKP Securities Limited,INE341H01023,LKPSEC,133.894558682,-,,-,,133.894558682,Small Cap
2695,Elnet Technologies Ltd.,INE033C01019,ELNET,133.57023374799999,-,,-,,133.57023374799999,Small Cap
2696,Lahoti Overseas Ltd.,INE515C01023,LAHOTIOV,133.46277274600001,-,,-,,133.46277274600001,Small Cap
2697,MODULEX CONSTRUCTION TECHNOLOGIES LIMITED,INE064R01012,MODULEX,133.37309149699999,-,,-,,133.37309149699999,Small Cap
2698,Trustedge Capital Limited,INE398H01015,TRUSTEDGE,133.24503429699999,-,,-,,133.24503429699999,Small Cap
2699,Bright Brothers Ltd.,INE630D01010,BRIGHTBR,133.15677889899999,-,,-,,133.15677889899999,Small Cap
2700,Airo Lam Ltd.,INE801L01010,-,-,AIROLAM,132.97640000000001,-,,132.97640000000001,Small Cap
2701,Aztec Fluids & Machinery Limited,INE0SCB01016,AZTEC,132.91370666700001,-,,-,,132.91370666700001,Small Cap
2702,Globus Constructors & Developers Limited,INE064L01015,GLOBUSCON,132.889457781,-,,-,,132.889457781,Small Cap
2703,Bijoy Hans Ltd,INE491D01017,BIJHANS,132.738215881,-,,-,,132.738215881,Small Cap
2704,BSL Ltd.,INE594B01012,BSL,132.50694575599999,BSL,132.4923,-,,132.499622878,Small Cap
2705,Smruthi Organics Limited,INE172E01011,SMRUTHIORG,132.413067364,-,,SMRUTHI,132.29751033308821,132.35528884854409,Small Cap
2706,MIDEAST INTEGRATED STEELS LIMITED,INE170N01016,MESCON,132.08425,-,,-,,132.08425,Small Cap
2707,Tarmat Limited,INE924H01018,TARMAT,133.338976325,TARMAT,130.82589999999999,-,,132.08243816250001,Small Cap
2708,Shah Alloys Limited,INE640C01011,SHAHALLOYS,131.959018055,SHAHALLOYS,131.92140000000001,-,,131.9402090275,Small Cap
2709,Texmo Pipes and Products Limited,INE141K01013,TEXMOPIPES,131.67212620799998,TEXMOPIPES,131.541,-,,131.60656310399997,Small Cap
2710,Arunjyoti Bio Ventures Limited ,INE485K01022,ABVL,131.37375420000001,-,,-,,131.37375420000001,Small Cap
2711,Lagnam Spintex Ltd.,INE548Z01017,-,-,LAGNAM,131.0692,-,,131.0692,Small Cap
2712,LORENZINI APPARELS LIMITED,INE740X01023,LAL,131.22795779500001,LAL,130.58580000000001,-,,130.90687889750001,Small Cap
2713,SNL Bearings Ltd.,INE568F01017,SNL,130.699977311,-,,-,,130.699977311,Small Cap
2714,Future Retail Ltd.,INE752P01024,FRETAIL,130.69046303900001,-,,-,,130.69046303900001,Small Cap
2715,James Warren Tea Limited,INE718P01017,JAMESWARREN,130.53388333300001,-,,-,,130.53388333300001,Small Cap
2716,MAURIA UDYOG LIMITED,INE150D01027,MUL,130.42722000000001,-,,-,,130.42722000000001,Small Cap
2717,HEC Infra Projects Ltd.,INE558R01013,-,-,HECPROJECT,130.33949999999999,-,,130.33949999999999,Small Cap
2718,Weizmann Limited.,INE080A01014,WEIZMANIND,130.29761424100002,WEIZMANIND,130.0719,-,,130.18475712050002,Small Cap
2719,STAR IMAGING AND PATH LAB LIMITED,INE0YG001013,STARIMAGIN,129.92765066699999,-,,-,,129.92765066699999,Small Cap
2720,Mangalam Industrial Finance Limited,INE717C01025,MANGIND,129.74620386199999,-,,-,,129.74620386199999,Small Cap
2721,Osia Hyper Retail Ltd.,INE06IR01021,-,-,OSIAHYPER,129.68790000000001,-,,129.68790000000001,Small Cap
2722,BALAXI PHARMACEUTICALS LTD.,INE618N01022,-,-,BALAXI,129.54849999999999,-,,129.54849999999999,Small Cap
2723,Intrasoft Technologies Limited,INE566K01011,ISFT,129.53810339200001,ISFT,129.4016,-,,129.46985169600001,Small Cap
2724,Pioneer Investcorp Ltd,INE746D01014,PIONRINV,129.35496679900001,-,,-,,129.35496679900001,Small Cap
2725,KIFS Financial Services Ltd,INE902D01013,KIFS,129.3463185,-,,-,,129.3463185,Small Cap
2726,Norben Tea & Exports Ltd,INE369C01017,NORBTEAEXP,129.41369989200001,NORBTEAEXP,129.1173,-,,129.26549994600001,Small Cap
2727,Saptarishi Agro Industries Ltd,INE233P01017,SPTRSHI,129.16524948699998,-,,-,,129.16524948699998,Small Cap
2728,Sampann Utpadan India Limited,INE735M01018,SAMPANN,130.83861091700001,SAMPANN,127.25620000000001,-,,129.04740545850001,Small Cap
2729,The Western India Plywoods Ltd.,INE215F01023,-,-,WIPL,129.03530000000001,-,,129.03530000000001,Small Cap
2730,Refex Renewables & Infrastructure Limited,INE332F01018,REFEXRENEW,128.91156675599998,-,,-,,128.91156675599998,Small Cap
2731,Vital Chemtech Ltd.,INE0L4K01016,-,-,VITAL,128.80609999999999,-,,128.80609999999999,Small Cap
2732,Kaira Can Co. Ltd.,INE375D01012,KAIRA,128.70340916500001,-,,-,,128.70340916500001,Small Cap
2733,Udayshivakumar infra Limited,INE0N0Y01013,USK,128.82022122000001,USK,128.47290000000001,-,,128.64656060999999,Small Cap
2734,Dhoot Industrial Finance Ltd.,INE313G01016,DHOOTIN,128.51759699999999,-,,-,,128.51759699999999,Small Cap
2735,Shree Krishna Paper Mills & Industr,INE970C01012,SKPMIL,128.43149486199999,-,,-,,128.43149486199999,Small Cap
2736,Lactose (India) Ltd.,INE058I01013,LACTOSE,128.20564164200002,-,,-,,128.20564164200002,Small Cap
2737,Indian Sucrose Ltd.,INE557C01017,INDSUCR,128.07323704999999,-,,-,,128.07323704999999,Small Cap
2738,Partap Industries Limited,INE480Y01016,-,-,-,-,PARTAPIND,127.99792950000001,127.99792950000001,Small Cap
2739,DHARNI CAPITAL SERVICES LIMITED,INE0M9Q01011,DHARNI,127.88981975,-,,-,,127.88981975,Small Cap
2740,Krebs Biochemicals & Industries Ltd.,INE268B01013,KREBSBIO,127.559972981,KREBSBIO,128.09540000000001,-,,127.82768649050001,Small Cap
2741,TCI Industries Ltd.,INE920B01019,TCIIND,127.69515411199998,-,,-,,127.69515411199998,Small Cap
2742,Sanco Trans Ltd.,INE391G01012,SANCTRN,127.39935,-,,-,,127.39935,Small Cap
2743,Mukta Arts Ltd.,INE374B01019,MUKTAARTS,127.39144417999999,MUKTAARTS,126.7372,-,,127.06432208999999,Small Cap
2744,EMIAC TECHNOLOGIES LIMITED,INE1OSW01015,EMIAC,126.77457385599999,-,,-,,126.77457385599999,Small Cap
2745,Rajshree PolyPack Ltd.,INE760W01023,-,-,RPPL,126.6157,-,,126.6157,Small Cap
2746,AAA TECHNOLOGIES LIMITED,INE0D0U01013,AAATECH,126.47908895999998,AAATECH,126.3069,-,,126.39299448,Small Cap
2747,Indian Card Clothing Ltd,INE061A01014,INDIANCARD,126.65329125299999,INDIANCARD,126.053,-,,126.35314562649999,Small Cap
2748,Taylormade Renewables Limited,INE459Z01017,TRL,126.27519888499999,-,,-,,126.27519888499999,Small Cap
2749,Narmada Agrobase Limited,INE117Z01011,NARMADA,125.93651534999999,NARMADA,125.7911,-,,125.863807675,Small Cap
2750,Latteys Industries Ltd.,INE262Z01023,-,-,LATTEYS,125.4247,-,,125.4247,Small Cap
2751,Vishwaraj Sugar Industries Limited,INE430N01022,VISHWARAJ,125.48872273900001,VISHWARAJ,125.2727,-,,125.38071136950001,Small Cap
2752,BODHI TREE MULTIMEDIA LIMITED,INE0EEJ01023,BTML,125.39700131199999,BTML,125.2039,-,,125.300450656,Small Cap
2753,Swastika Investmart Ltd,INE691C01022,SWASTIKA,125.277635225,-,,-,,125.277635225,Small Cap
2754,SOMI CONVEYOR BELTINGS LIMITED,INE323J01019,SOMICONVEY,125.001292101,SOMICONVEY,124.6721,-,,124.8366960505,Small Cap
2755,La Tim Metal & Industries Limited,INE501N01020,LATIMMETAL,124.74462770999999,-,,-,,124.74462770999999,Small Cap
2756,ARSS Infrastructure Projects Limited,INE267I01010,ARSSINFRA,124.69500554400001,-,,-,,124.69500554400001,Small Cap
2757,Anik Industries Limited,INE087B01017,ANIKINDS,125.15411383800001,ANIKINDS,124.02589999999999,-,,124.590006919,Small Cap
2758,ACE MEN ENGG WORKS LIMITED,INE023R01018,ACEMEN,124.506654004,-,,-,,124.506654004,Small Cap
2759,Steel City Securities Ltd.,INE395H01011,-,-,STEELCITY,124.3728,-,,124.3728,Small Cap
2760,YAJUR FIBRES LIMITED,INE0CNJ01010,YAJUR,124.334227023,-,,-,,124.334227023,Small Cap
2761,Ganges Securities Ltd.,INE335W01016,GANGESSECU,124.22703562699999,GANGESSECU,123.4147,-,,123.8208678135,Small Cap
2762,Resonance Specialties Limited,INE486D01017,RESONANCE,123.6087268,-,,-,,123.6087268,Small Cap
2763,RESGEN LIMITED,INE0NYN01016,RESGEN,123.584175625,-,,-,,123.584175625,Small Cap
2764,Thacker & Co. Ltd.,INE077P01034,THACKER,123.48121467999999,-,,-,,123.48121467999999,Small Cap
2765,M P K STEELS (I) LIMITED,INE1PJP01015,MPKSTEELS,123.28911066400001,-,,-,,123.28911066400001,Small Cap
2766,Surana Solar Limited,INE272L01022,SURANASOL,123.03536253,SURANASOL,123.078,-,,123.05668126500001,Small Cap
2767,HINDUSTAN HARDY LIMITED,INE724D01011,HINDHARD,122.93240095199999,-,,-,,122.93240095199999,Small Cap
2768,Tyche Industries Ltd.,INE443B01012,TYCHE,122.754854167,-,,-,,122.754854167,Small Cap
2769,Secmark Consultancy Limited,INE0BTM01013,SECMARK,122.34786404200001,SECMARK,122.4211,-,,122.384482021,Small Cap
2770,BCPL Railway Infrastructure Limited,INE00SW01015,BCPL,119.44872377899999,BCPL,125.03319999999999,-,,122.2409618895,Small Cap
2771,NAVKAR URBANSTRUCTURE LIMITED,INE268H01044,NAVKARURB,122.85955045499999,NAVKARURB,121.43819999999999,-,,122.14887522749999,Small Cap
2772,Calcom Vision Ltd.,INE216C01010,CALCOM,121.967976798,-,,-,,121.967976798,Small Cap
2773,SCOOBEE DAY GARMENTS (INDIA) LIMITED,INE962E01015,SCOOBEEDAY,121.89103571099999,-,,-,,121.89103571099999,Small Cap
2774,Pharmaids Pharmaceuticals Ltd.,INE117D01018,PHARMAID,121.88467657699999,-,,-,,121.88467657699999,Small Cap
2775,LEADING LEASING FINANCE AND INVESTMENT CO. LIMITED,INE715Q01029,LLFICL,121.962697471,-,,LLFICL,121.42521454411801,121.693956007559,Small Cap
2776,Gabriel Pet Straps Limited,INE0QZF01012,GPSL,121.592375733,-,,-,,121.592375733,Small Cap
2777,Escorp Asset Management Limited,INE953W01016,ESCORP,121.55733632799999,-,,-,,121.55733632799999,Small Cap
2778,Corporate Merchant Bankers Limited,INE850R01014,CMBL,122.00496918499999,-,,CMBL,121.00496918499999,121.50496918499999,Small Cap
2779,Bal Pharma Ltd.,INE083D01012,BALPHARMA,121.22112138599999,BALPHARMA,121.1781,-,,121.199610693,Small Cap
2780,SHARVAYA METALS LIMITED,INE0UJF01018,SHARVAYA,120.96246866700001,-,,-,,120.96246866700001,Small Cap
2781,Supra Pacific Financial Services Limited,INE268T01015,SUPRAPFSL,120.85264976300002,-,,-,,120.85264976300002,Small Cap
2782,ACCORD TRANSFORMER & SWITCHGEAR LIMITED,INE132201018,ACCORDTS,120.692028022,-,,-,,120.692028022,Small Cap
2783,Mitcon Consultancy & Engineering Services Ltd.,INE828O01033,-,-,MITCON,119.5996,-,,119.5996,Small Cap
2784,MILGREY FINANCE & INVESTMENT LTD,INE679T01013,ZMILGFIN,119.289518656,-,,-,,119.289518656,Small Cap
2785,Raja Bahadur International Ltd,INE491N01016,RAJABAH,119.153697917,-,,-,,119.153697917,Small Cap
2786,Elfin Agro India Limited,INE1FEW01013,ELFIN,119.07551979200001,-,,-,,119.07551979200001,Small Cap
2787,Raaj Medisafe India Limited,INE548H01015, RAAJMEDI,118.558137825,-,,-,,118.558137825,Small Cap
2788,Hindustan Tin Works Ltd.,INE428D01019,HINDTIN,118.54182664400001,-,,-,,118.54182664400001,Small Cap
2789,International Combustion (India) Lt,INE403C01014,INTLCOMBQ,118.541754427,-,,-,,118.541754427,Small Cap
2790,Gujarat Inject (Kerala) Ltd.,INE659F01014,GUJINJEC,118.4391182,-,,-,,118.4391182,Small Cap
2791,Swadeshi Industries Leasing Co. Ltd,INE716M01034,SWADEIN,118.363878728,-,,-,,118.363878728,Small Cap
2792,ANIRIT VENTURES LIMITED,INE161F01011,ANIRIT,118.34588108099999,-,,-,,118.34588108099999,Small Cap
2793,Maiden Forgings Limited,INE0O1T01010,MAIDEN,118.05316233299999,-,,-,,118.05316233299999,Small Cap
2794,Samkrg Pistons and Rings Ltd.,INE706B01012,SAMKRG,117.85582049999999,-,,-,,117.85582049999999,Small Cap
2795,JSL Industries Ltd.,INE581L01018,JSLINDL,117.55823363900001,-,,-,,117.55823363900001,Small Cap
2796,Jasch Industries Ltd.,INE711C01028,JASCH,117.2150815,-,,-,,117.2150815,Small Cap
2797,Jocil Ltd.,INE839G01010,-,-,JOCIL,117.142,-,,117.142,Small Cap
2798,Reliance Home Finance Limited,INE217K01011,RHFL,116.889339996,RHFL,116.7779,-,,116.833619998,Small Cap
2799,Sunshine Capital Ltd.,INE974F01025,SCL,116.828417767,-,,-,,116.828417767,Small Cap
2800,Orissa Bengal Carrier Limited,INE426Z01016,OBCL,116.670227271,OBCL,116.9014,-,,116.78581363550001,Small Cap
2801,B & A Ltd.,INE489D01011,BNALTD,116.68193333299999,-,,-,,116.68193333299999,Small Cap
2802,Jyoti Ltd.,INE511D01012,JYOTI,116.297433926,-,,-,,116.297433926,Small Cap
2803,GTL Ltd,INE043A01012,GTL,116.026038085,GTL,115.9264,-,,115.97621904249999,Small Cap
2804,Garnet International Limited,INE590B01010,GARNETINT,115.72754462499999,-,,-,,115.72754462499999,Small Cap
2805,Dev Labtech Venture Limited,INE0NIJ01025,DEVLAB,115.46284443299999,-,,-,,115.46284443299999,Small Cap
2806,OVAL PROJECTS ENGINEERING LIMITED,INE0RTI01017,OVAL,115.19103341300001,-,,-,,115.19103341300001,Small Cap
2807,Thakker's Developers Ltd.,INE403F01017,THAKDEV,115.14435,-,,-,,115.14435,Small Cap
2808,Ballarpur Industries Ltd.,INE294A01037,BALLARPUR,115.11756228399999,-,-,-,,115.11756228399999,Small Cap
2809,Parvati Sweetners and Power Ltd.,INE295Z01015,PARVATI,115.09055498299999,-,,-,,115.09055498299999,Small Cap
2810,Viram Suvarn Limited,INE607V01028,VSL,114.993320423,-,,-,,114.993320423,Small Cap
2811,Regency Ceramics Ltd,INE277C01012,REGENCERAM,114.80826467899999,REGENCERAM,115.12909999999999,-,,114.96868233949999,Small Cap
2812,GVP Infotech Ltd.,INE382T01030,-,-,GVPTECH,114.94499999999999,-,,114.94499999999999,Small Cap
2813,Shyam Century Ferrous Limited,INE979R01011,SHYAMCENT,117.44434539700001,SHYAMCENT,111.7816,-,,114.6129726985,Small Cap
2814,ShreeOswal Seeds And Chemicals Ltd.,INE00IK01029,-,-,OSWALSEEDS,114.59059999999999,-,,114.59059999999999,Small Cap
2815,Globe Enterprises (India) Ltd.,INE581X01021,-,-,GLOBE,114.1474,-,,114.1474,Small Cap
2816,Bihar Sponge Iron Ltd,INE819C01011,BIHSPONG,114.027898221,-,-,-,,114.027898221,Small Cap
2817,Garnet Construction Ltd.,INE797D01017,GARNET,113.89690149500001,-,,-,,113.89690149500001,Small Cap
2818,AG VENTURES LIMITED,INE321D01016,AGVENTURES,113.71055717500001,-,,-,,113.71055717500001,Small Cap
2819,BHUDEVI INFRA PROJECTS LIMITED,INE432N01010,BHUDEVI,113.50906538299999,-,,-,,113.50906538299999,Small Cap
2820,Aban  Offshore Ltd.,INE421A01028,ABAN,113.583782335,ABAN,113.32989999999999,-,,113.45684116749999,Small Cap
2821,Assam Entrade Limited,INE165G01010,ASSAMENT,112.97324233299999,-,,-,,112.97324233299999,Small Cap
2822,NIS MANAGEMENT LIMITED,INE0M3X01010,NISMGMT,112.74619025699999,-,,-,,112.74619025699999,Small Cap
2823,TAHMAR ENTERPRISES LIMITED,INE385D01029,TAHMARENT,112.701657325,-,,-,,112.701657325,Small Cap
2824,Patdiam Jewellery Limited,INE473T01011,PJL,112.55678125,-,,-,,112.55678125,Small Cap
2825,Par Drugs and Chemicals Ltd.,INE04LG01015,-,-,PAR,112.5416,-,,112.5416,Small Cap
2826,Caprihans India Ltd.,INE479A01018,CAPRIHANS,112.22581585099999,-,,-,,112.22581585099999,Small Cap
2827,Standard Capital Markets Ltd.,INE625D01028,STANCAP,112.174198148,-,,-,,112.174198148,Small Cap
2828,K&R RAIL ENGINEERING LIMITED,INE078T01026,KRRAIL,112.156604974,-,,-,,112.156604974,Small Cap
2829,Hindcon Chemicals Ltd.,INE642Y01029,-,-,HINDCON,112.1476,-,,112.1476,Small Cap
2830,Bhandari Hosiery Exports Ltd.,INE474E01029,BHANDARI,104.004306868,BHANDARI,119.8516,-,,111.927953434,Small Cap
2831,FYNX CAPITAL LIMITED,INE455H01021,FYNX,111.884,-,,-,,111.884,Small Cap
2832,CRESSANDA RAILWAY SOLUTIONS LIMITED,INE716D01033,CRSL,111.823040972,-,,-,,111.823040972,Small Cap
2833,Munoth Capital Market Ltd,INE910G01027,MUNCAPM,111.738123,-,,-,,111.738123,Small Cap
2834,Valencia Nutrition Limited,INE08RT01016,VALENCIA,111.59657453499999,-,,-,,111.59657453499999,Small Cap
2835,Kemp & Company Limited,INE060E01018,KEMP,111.23989616700001,-,,-,,111.23989616700001,Small Cap
2836,RTS Power Corporation Ltd.,INE005C01017,RTSPOWR,111.04306528299999,-,,-,,111.04306528299999,Small Cap
2837,Manoj Ceramic Limited,INE0A6N01026,MCPL,111.007270783,-,,-,,111.007270783,Small Cap
2838,Ravelcare Limited,INE0W4D01018,RAVEL,110.69854416700001,-,,-,,110.69854416700001,Small Cap
2839,Indsil Hydro Power and Manganese Limited,INE867D01018,INDSILHYD,110.567905248,-,,-,,110.567905248,Small Cap
2840,KIC Metaliks Ltd.,INE434C01027,KAJARIR,110.4307182,-,,-,,110.4307182,Small Cap
2841,Compucom Software Lt.,INE453B01029,COMPUSOFT,110.365130976,COMPUSOFT,110.2616,-,,110.313365488,Small Cap
2842,Virat Leasing Limited,INE347L01022,VLL,110.21720915799999,-,,-,,110.21720915799999,Small Cap
2843,Glittek Granites Ltd.,INE741B01027,GLITTEKG,110.21128168499999,-,,-,,110.21128168499999,Small Cap
2844,The Ramaraju Surgical Cotton Mills Limited,INE328E01027,-,-,-,-,RAMARAJU,110.13850538000004,110.13850538000004,Small Cap
2845,THRIVE FUTURE HABITATS LIMITED,INE628D01014,THRIVE,110.07399769300001,-,,-,,110.07399769300001,Small Cap
2846,Moksh Ornaments Ltd.,INE514Y01020,-,-,MOKSH,109.8185,-,,109.8185,Small Cap
2847,Zenith Exports Ltd.,INE058B01018,ZENITHEXPO,108.99435687499999,ZENITHEXPO,109.6314,-,,109.31287843749999,Small Cap
2848,Rishi Laser  Ltd.,INE988D01012,RISHILASE,109.30920072000001,-,,-,,109.30920072000001,Small Cap
2849,MODERN DIAGNOSTIC & RESEARCH CENTRE LIMITED,INE1HK501016,MDRC,109.22995577899999,-,,-,,109.22995577899999,Small Cap
2850,Ducon Infratechnologies Limited,INE741L01018,DUCON,109.361829445,DUCON,109.0694,-,,109.21561472249999,Small Cap
2851,Shri Krishna Devcon Limited,INE997I01012,SHRIKRISH,109.15193333299999,-,,-,,109.15193333299999,Small Cap
2852,Rathi Industries Limited,INE173X01019,-,-,-,-,RATHIIND,108.94506656666668,108.94506656666668,Small Cap
2853,Sadbhav Infrastructure Project Limited,INE764L01010,SADBHIN,109.078278975,SADBHIN,108.59690000000001,-,,108.8375894875,Small Cap
2854,INVENTURE GROWTH & SECURITIES LIMITED,INE878H01024,INVENTURE,109.06874999999999,INVENTURE,108.535,-,,108.801875,Small Cap
2855,Focus Business Solution Limited,INE0DXR01010,FOCUS,108.66526431600001,-,,-,,108.66526431600001,Small Cap
2856,PURPLE WAVE INFOCOM LIMITED,INE0VDK01019,PURPLEWAVE,108.37121025,-,,-,,108.37121025,Small Cap
2857,Maruti Infrastructure Ltd.,INE392G01028,MAINFRA,108.33203125,-,,-,,108.33203125,Small Cap
2858,Gayatri BioOrganics Ltd,INE052E01015,GAYATRIBI,108.040209421,-,,-,,108.040209421,Small Cap
2859,Rajnandini Metal Ltd.,INE00KV01022,-,-,RAJMET,107.94929999999999,-,,107.94929999999999,Small Cap
2860,RSD Finance Limited,INE616F01022,RSDFIN,107.879133896,-,,-,,107.879133896,Small Cap
2861,NOVELIX PHARMACEUTICALS LIMITED,INE314I01036,NOVELIX,107.85920564200001,-,,-,,107.85920564200001,Small Cap
2862,SC Agrotech Limited,INE895E01017,SCAGRO,107.70811154200001,-,,-,,107.70811154200001,Small Cap
2863,Naapbooks Limited,INE0GOA01018,NBL,107.58422373499999,-,,-,,107.58422373499999,Small Cap
2864,Lovable Lingerie Limited,INE597L01014,LOVABLE,107.71353666700001,LOVABLE,107.30759999999999,-,,107.5105683335,Small Cap
2865,Suryalakshmi Cotton Mills Ltd.,INE713B01026,SURYALAXMI,107.86557633299999,SURYALAXMI,107.07089999999999,-,,107.46823816649999,Small Cap
2866,Addi Industries Ltd.,INE757C01021,ADDIND,107.447324505,-,,-,,107.447324505,Small Cap
2867,KG Petrochem Ltd.,INE902G01016,KGPETRO,107.34397754199999,-,,-,,107.34397754199999,Small Cap
2868,Indian Infotech And Software Ltd.,INE300B01022,INDINFO,107.232169877,-,,-,,107.232169877,Small Cap
2869,PRABHAT TECHNOLOGIES (INDIA) LIMITED,INE171P01019,PTIL,107.06277,-,,-,,107.06277,Small Cap
2870,The Grob Tea Company Ltd.,INE646C01018,-,-,GROBTEA,106.8981,-,,106.8981,Small Cap
2871,Sodhani Academy of Fintech Enablers Limited,INE0Q3401017,SAFE,106.509788333,-,,-,,106.509788333,Small Cap
2872,Shilp Gravures Ltd.,INE960A01017,SHILGRAVQ,106.478405925,-,,-,,106.478405925,Small Cap
2873,Mega Nirman & Industries Limited,INE216Q01010,MNIL,106.238570604,-,,-,,106.238570604,Small Cap
2874,Dachepalli Publishers Limited,INE1F9M01018,DACHEPALLI,106.19856,-,,-,,106.19856,Small Cap
2875,Greenhitech Ventures Limited,INE0S0701019,GVL,106.05473874500001,-,,-,,106.05473874500001,Small Cap
2876,KVS Castings Limited,INE163701019,KVSCASTING,105.874703641,-,,-,,105.874703641,Small Cap
2877,Rungta Irrigation Ltd.,INE347C01013,RUNGTAIR,105.769726393,-,,-,,105.769726393,Small Cap
2878,Ambar Protein Industries Limited,INE072V01017,AMBARPIL,105.6346875,-,,-,,105.6346875,Small Cap
2879,Beardsell Ltd.,INE520H01022,-,-,BEARDSELL,105.5745,-,,105.5745,Small Cap
2880,Mehai Technology  Limited,INE062Y01020,MEHAI,105.54230250000001,-,,-,,105.54230250000001,Small Cap
2881,Samrat Forgings Limited,INE412J01010,SAMRATFORG,105.516875,-,,-,,105.516875,Small Cap
2882,Athena Global Technologies Limited,INE576B01019,ATHENAGLO,105.25859241900001,-,,-,,105.25859241900001,Small Cap
2883,MRC AGROTECH LIMITED,INE333Y01017,MRCAGRO,105.227050701,-,,-,,105.227050701,Small Cap
2884,HILTON METAL FORGING LIMITED,INE788H01017,HILTON,105.229040055,HILTON,105.07689999999999,-,,105.1529700275,Small Cap
2885,JCT Ltd,INE945A01026,JCTLTD,105.06824629400001,-,,-,,105.06824629400001,Small Cap
2886,Titan Securities Ltd.,INE090D01017,TITANSEC,104.73678381799999,-,,-,,104.73678381799999,Small Cap
2887,AARNAV FASHIONS LIMITED,INE750R01016,AARNAV,106.815506406,AARNAV,102.336,-,,104.575753203,Small Cap
2888,MEHUL TELECOM LIMITED,INE1K0V01011,MTL,104.56036123600001,-,,-,,104.56036123600001,Small Cap
2889,Newtime Infrastructure Limited,INE997D01021,NEWINFRA,104.55647690000001,-,,-,,104.55647690000001,Small Cap
2890,Loyal Textiles Mills Ltd,INE970D01010,LOYALTEX,105.4924092,LOYALTEX,103.0107,-,,104.25155459999999,Small Cap
2891,Denis Chem Lab Limited,INE051G01012,DENISCHEM,104.010714772,-,,-,,104.010714772,Small Cap
2892,Hindustan Appliances Ltd,INE02XD01011,HINDAPL,103.9776408,-,,-,,103.9776408,Small Cap
2893,Optimus Finance Limited,INE031G01022,OPTIFIN,103.783397392,-,,-,,103.783397392,Small Cap
2894,Rajshree Sugars & Chemicals Ltd.,INE562B01019,RAJSREESUG,103.739022354,RAJSREESUG,103.72880000000001,-,,103.73391117700001,Small Cap
2895,Art Nirman Ltd.,INE738V01013,-,-,ARTNIRMAN,103.5878,-,,103.5878,Small Cap
2896,Bhilwara Spinners Ltd,INE436C01014,BHILSPIN,103.51015178999999,-,,-,,103.51015178999999,Small Cap
2897,B.A.G. Films & Media Ltd,INE116D01028,BAGFILMS,104.092851117,BAGFILMS,102.6467,-,,103.3697755585,Small Cap
2898,Ceenik Exports (india) Ltd.,INE418D01010,CEENIK,103.296915,-,,-,,103.296915,Small Cap
2899,Akar Auto Industries Limited,INE864E01021,AAIL,103.215364476,-,,-,,103.215364476,Small Cap
2900,Naturite Agro Products Limited,INE223R01014,NAPL,103.117092,-,,-,,103.117092,Small Cap
2901,Basant Agro-Tech (India) Ltd.,INE473E01021,BASANTGL,103.02232108300001,-,,-,,103.02232108300001,Small Cap
2902,Kartik Investments Trust Ltd.,INE524U01019,KARTKIN,102.8874495,-,,-,,102.8874495,Small Cap
2903,FIBERWEB (INDIA) LTD.,INE296C01020,FIBERWEB,102.788324147,FIBERWEB,102.5458,-,,102.66706207350001,Small Cap
2904,NATH INDUSTRIES LIMITED,INE777A01023,NATHIND,102.11819166699999,-,,-,,102.11819166699999,Small Cap
2905,TELGE PROJECTS LIMITED,INE0SRP01014,TELGE,102.09712951,-,,-,,102.09712951,Small Cap
2906,Lambodhara Textiles Ltd.,INE112F01022,LAMBODHARA,93.287112120000003,LAMBODHARA,110.3407,-,,101.81390605999999,Small Cap
2907,Housing Development & Infrastructure  Ltd,INE191I01012,HDIL,102.041208086,HDIL,101.5475,-,,101.794354043,Small Cap
2908,Alstone Textiles (India) Limited,INE184S01024,ALSTONE,101.54718,-,,-,,101.54718,Small Cap
2909,MRP Agro Limited,INE0D7801012,MRP,101.428442268,-,,-,,101.428442268,Small Cap
2910,Fortis Malar Hospitals Limited,INE842B01015,FORTISMLR,101.406972509,-,,-,,101.406972509,Small Cap
2911,Surat Trade and Mercantile Limited,INE936A01025,SURATRAML,101.318751287,-,,-,,101.318751287,Small Cap
2912,SILICON RENTAL SOLUTIONS LIMITED,INE0MNV01014,SRSOLTD,101.17801356,-,,-,,101.17801356,Small Cap
2913,DEEPAK CHEMTEX LIMITED,INE0RDM01013,DEEPAKCHEM,100.96331653300001,-,,-,,100.96331653300001,Small Cap
2914,Cg-Vak Software & Exports Ltd.,INE084D01010,CGVAK,100.845549975,-,,-,,100.845549975,Small Cap
2915,Asit C Mehta Financial Services Limited,INE041B01014,ASITCFIN,100.81416222599999,-,,-,,100.81416222599999,Small Cap
2916,GOYAL ALUMINIUMS LIMITED,INE705X01026,GOYALALUM,100.619473261,GOYALALUM,100.48390000000001,-,,100.5516866305,Small Cap
2917,JAGSONPAL SERVICES LIMITED,INE582C01015,JAGSONSER,99.958872662999994,-,,-,,99.958872662999994,Small Cap
2918,Vistar Amar Limited,INE878P01019,VISTARAMAR,99.398160000000004,-,,-,,99.398160000000004,Small Cap
2919,SEL Manufacturing Company Limited,INE105I01020,SELMC,99.448003478000004,SELMC,99.307199999999995,-,,99.377601738999999,Small Cap
2920,RKEC Projects Ltd.,INE786W01010,-,-,RKEC,99.293300000000002,-,,99.293300000000002,Small Cap
2921,Texel Industries Ltd.,INE594V01028,TEXELIN,99.263721148000002,-,,-,,99.263721148000002,Small Cap
2922,Dhampure Speciality Sugars Ltd.,INE956B01013,DHAMPURE,98.868761839999991,-,,-,,98.868761839999991,Small Cap
2923,Sarthak Metals Limited,INE017W01010,SMLT,98.940500580999995,SMLT,98.715500000000006,-,,98.8280002905,Small Cap
2924,Cenlub Industries Ltd.,INE627F01011,CENLUB,98.531718769000008,-,,-,,98.531718769000008,Small Cap
2925,Ashnisha Industries Limited,INE694W01024,ASHNI,98.403353124999995,-,,-,,98.403353124999995,Small Cap
2926,CLARA INDUSTRIES LIMITED,INE0JJS01014,CLARA,98.359298124999995,-,,-,,98.359298124999995,Small Cap
2927,TOMORROW TECHNOLOGIES GLOBAL INNOVATIONS LIMITED,INE135H01029,TTGIL,98.309963463000003,-,,-,,98.309963463000003,Small Cap
2928,Auto Pins (India) Ltd.,INE706C01028,AUTOPINS,98.291064265999992,-,,-,,98.291064265999992,Small Cap
2929,Gujarat State Financial corporation,INE944A01011,GUJSTATFIN,98.054362049999995,-,,-,,98.054362049999995,Small Cap
2930,Standard Industries Ltd.,INE173A01025,SIL,97.873803359000007,SIL,97.784300000000002,-,,97.829051679499997,Small Cap
2931,GEM Enviro Management Limited,INE0RUJ01013,GEMENVIRO,97.624440000000007,-,,-,,97.624440000000007,Small Cap
2932,Gujarat Containers Ltd.,INE276I01011,GUJCONT,97.581206249999994,-,,-,,97.581206249999994,Small Cap
2933,Amarjothi Spinning Mills Ltd,INE484D01012,AMARJOTHI,97.156968750000004,-,,-,,97.156968750000004,Small Cap
2934,R.R.Financial Consultants Ltd.,INE229D01011,RRFIN,97.106309580000001,-,,-,,97.106309580000001,Small Cap
2935,BITS Ltd,INE839A01021,BITS,96.990963541999989,-,,-,,96.990963541999989,Small Cap
2936,McDowell Holdings Limited,INE836H01014,MCDHOLDING,96.896386649999997,-,,-,,96.896386649999997,Small Cap
2937,LEO DRYFRUITS & SPICES TRADING LIMITED,INE0RH001011,VANDU,96.594393607000001,-,,-,,96.594393607000001,Small Cap
2938,Vaishali Pharma Ltd.,INE972X01022,-,-,VAISHALI,96.146199999999993,-,,96.146199999999993,Small Cap
2939,Panyam Cements & Mineral Inds. Ltd.,INE167E01037,PANCM,96.045247548999996,-,,-,,96.045247548999996,Small Cap
2940,Pacific Industries ltd.,INE883C01025,PACIFICI,95.960334880999994,-,,-,,95.960334880999994,Small Cap
2941,Cura Technologies Limited,INE117B01020,CURAA,98.120549999999994,CURAA,93.484499999999997,-,,95.802525000000003,Small Cap
2942,Vibrant Global Capital Limited,INE761Q01015,VGCL,95.697107109000001,-,,-,,95.697107109000001,Small Cap
2943,SAL AUTOMOTIVE LIMITED,INE724G01014,SALAUTO,95.61320168200001,-,,-,,95.61320168200001,Small Cap
2944,Palash Securities Limited,INE471W01019,PALASHSECU,95.655496466999992,PALASHSECU,95.457599999999999,-,,95.556548233499996,Small Cap
2945,Meera Industries Limited,INE343X01026,MEERA,95.553154688000006,-,,-,,95.553154688000006,Small Cap
2946,Valplast Technologies Limited,INE0QP701017,VALPLAST,95.429423204000003,-,,-,,95.429423204000003,Small Cap
2947,Modern Dairies Ltd.,INE617B01011,MODAIRY,95.177479420000012,-,,-,,95.177479420000012,Small Cap
2948,Total Transport Systems Ltd.,INE336X01012,-,-,TOTAL,95.009900000000002,-,,95.009900000000002,Small Cap
2949,Saumya Consultants Ltd.,INE563C01015,SAUMYA,95.003943964000001,-,,-,,95.003943964000001,Small Cap
2950,Vippy Spinpro Ltd.,INE660D01017,VIPPYSP,94.88781625,-,,-,,94.88781625,Small Cap
2951,Prithvi Exchange (India) Limited,INE621B01021,PRITHVIEXCH,94.806490236000002,-,,-,,94.806490236000002,Small Cap
2952,DB(INTERNATIONAL)Stock Brokers Ltd,INE921B01025,DBSTOCKBRO,94.639125000000007,DBSTOCKBRO,94.897800000000004,-,,94.768462499999998,Small Cap
2953,Shetron Ltd.,INE278C01010,SHETR,94.600374090000003,-,,-,,94.600374090000003,Small Cap
2954,Mercury Laboratories Limited,INE947G01011,MERCURYLAB,94.449749999999995,-,,-,,94.449749999999995,Small Cap
2955,AI CHAMPDANY INDUSTRIES LIMITED,INE768E01024,AICHAMP,94.360698248000006,-,,-,,94.360698248000006,Small Cap
2956,RUKMANI DEVI GARG AGRO IMPEX LIMITED,INE0S5T01017,RDGAIL,94.085895866999991,-,,-,,94.085895866999991,Small Cap
2957,Aksh Optifibre Ltd.,INE523B01011,AKSHOPTFBR,94.282118377999993,AKSHOPTFBR,93.791300000000007,-,,94.036709188999993,Small Cap
2958,Super Iron Foundry Limited,INE16IQ01014,SUPERIRON,93.982326751999992,-,,-,,93.982326751999992,Small Cap
2959,BARAK VALLEY CEMENTS LIMITED,INE139I01011,BVCL,94.085266000000004,BVCL,93.839799999999997,-,,93.962533000000008,Small Cap
2960,Ramchandra Leasing & Finance Limited,INE516P01015,RLFL,93.945691350000004,-,,-,,93.945691350000004,Small Cap
2961,Amrapali Industries Ltd,INE762C01021,AMRAPLIN,93.485826420000009,-,,-,,93.485826420000009,Small Cap
2962,Archit Organosys Limited,INE078I01011,ARCHITORG,93.398702686000007,-,,-,,93.398702686000007,Small Cap
2963,Reliance Chemotex Industries Ltd.,INE750D01016,RELCHEMQ,93.286843208999997,RELCHEMQ,93.326899999999995,-,,93.306871604500003,Small Cap
2964,Atlas Jewellery India Limited,INE022N01019,AJIL,93.306752090999993,-,,-,,93.306752090999993,Small Cap
2965,KIAASA RETAIL LIMITED,INE1C3F01018,KIAASA,93.098789459000002,-,,-,,93.098789459000002,Small Cap
2966,Mayank Cattle Food Limited,INE0R5Z01015,MCFL,93.064724999999996,-,,-,,93.064724999999996,Small Cap
2967,DHARAN INFRA-EPC LIMITED,INE278R01034,DHARAN,101.67072712000001,DHARAN,83.921599999999998,-,,92.796163559999997,Small Cap
2968,DIGJAM LIMITED,INE731U01028,DIGJAMLMTD,92.715999999999994,DIGJAMLMTD,92.584000000000003,-,,92.65,Small Cap
2969,Ultracab (India) Limited,INE010R01023,ULTRACAB,92.576068215999996,-,,-,,92.576068215999996,Small Cap
2970,Uma Exports Limited,INE0GIU01018,UMAEXPORTS,92.460869095000007,UMAEXPORTS,92.271799999999999,-,,92.366334547500003,Small Cap
2971,Siyaram Recycling Industries Limited,INE0QSK01017,SIYARAM,92.266236637000006,-,,-,,92.266236637000006,Small Cap
2972,Motor & General Finance (M.G.F.) Lt,INE861B01023,MOTOGENFIN,92.294316480999996,MOTOGENFIN,91.817300000000003,-,,92.055808240499999,Small Cap
2973,R S Software India Ltd.,INE165B01029,RSSOFTWARE,92.025411267999999,RSSOFTWARE,92.053600000000003,-,,92.039505633999994,Small Cap
2974,Kohinoor Foods Ltd,INE080B01012,KOHINOOR,92.049844708000009,KOHINOOR,92.012200000000007,-,,92.031022354000015,Small Cap
2975,Cravatex Ltd.,INE145E01017,CRAVATEX,91.884546427000004,-,,-,,91.884546427000004,Small Cap
2976,Advik Capital Limited,INE178T01024,ADVIKCA,91.734454069000009,-,,-,,91.734454069000009,Small Cap
2977,Tayo Rolls Ltd.,INE895C01011,TATAYODOGA,91.732758899999993,-,,-,,91.732758899999993,Small Cap
2978,Radhe Developers (India) ltd.,INE986B01044,RADHEDE,91.608887224,-,,-,,91.608887224,Small Cap
2979,Rexnord Electronics & Controls Ltd.,INE687C01012,REXNORD,91.549581500000002,-,,-,,91.549581500000002,Small Cap
2980,Rajasthan Tube Mfg. Co,INE497E01020,RAJTUBE,91.4046606,-,,-,,91.4046606,Small Cap
2981,Kakatiya Cement Sugar & Industries Ltd.,INE437B01014,KAKATCEM,91.296512262999997,KAKATCEM,91.431299999999993,-,,91.363906131499988,Small Cap
2982,Shervani Industrial syndicate Ltd,INE011D01013,SHERVANI,91.188950507000001,-,,-,,91.188950507000001,Small Cap
2983,Prerna Infrabuild Limited,INE426H01014,PRERINFRA,91.149457127000005,-,,-,,91.149457127000005,Small Cap
2984,MENA MANI INDUSTRIES LIMITED,INE148B01033,MENAMANI,91.136793526999995,-,,-,,91.136793526999995,Small Cap
2985,IKOMA TECHNOLOGIES LIMITED,INE164D01010,IKOMA,90.956840450000001,-,,-,,90.956840450000001,Small Cap
2986,KOVILPATTI LAKSHMI ROLLER FLOUR MILLS  LTD,INE014E01015,KLRFM,90.782069962999998,-,,-,,90.782069962999998,Small Cap
2987,J.A. Finance Limited,INE825B01010,JAFINANCE,90.677333594000004,-,,-,,90.677333594000004,Small Cap
2988,ITL Industries Ltd.,INE478D01014,ITL,90.520540413000006,-,,-,,90.520540413000006,Small Cap
2989,CONFIDENCE FUTURISTIC ENERGETECH LIMITED,INE700F01024,CFEL,90.260484000000005,-,,-,,90.260484000000005,Small Cap
2990,Gautam Exim Limited,INE721X01023,GEL,90.246084499999995,-,,-,,90.246084499999995,Small Cap
2991,G M Polyplast Limited,INE0E2801015,GMPL,89.868291076999995,-,,-,,89.868291076999995,Small Cap
2992,T & I Global Ltd.,INE811B01010,TIGLOB,89.758257783000005,-,,-,,89.758257783000005,Small Cap
2993,Tanvi Foods (India) Limited,INE978V01015,TANVI,89.705209187999998,-,,-,,89.705209187999998,Small Cap
2994,Chartered Logistics Ltd,INE558F01026,CHLOGIST,89.626011333000008,-,,-,,89.626011333000008,Small Cap
2995,Droneacharya Aerial Innovations Limited,INE0MQD01015,DRONACHRYA,89.605417200000005,-,,-,,89.605417200000005,Small Cap
2996,Landmark Property Development Company Ltd.,INE197J01017,LPDC,89.722770425999997,LPDC,89.390799999999999,-,,89.556785212999998,Small Cap
2997,Cinevista Limited,INE039B01026,CINEVISTA,89.573140037000002,CINEVISTA,89.426699999999997,-,,89.499920018500006,Small Cap
2998,APM Industries Ltd.,INE170D01025,APMIN,89.364234263,-,,-,,89.364234263,Small Cap
2999,Deep Polymers Limited,INE00IY01012,DEEP,89.363637999999995,-,,-,,89.363637999999995,Small Cap
3000,Lykis Limited,INE624M01014,LYKISLTD,89.362089890999997,-,,-,,89.362089890999997,Small Cap
3001,Concord Drugs Limited,INE858L01010,CONCORD,89.235822916999993,-,,-,,89.235822916999993,Small Cap
3002,Sanmit Infra Limited,INE799C01049,SANINFRA,89.230127073000006,-,,-,,89.230127073000006,Small Cap
3003,New Swan Multitech Limited,INE0GEN01012,SWANAGRO,89.225148891999993,-,,-,,89.225148891999993,Small Cap
3004,Fervent Synergies Limited,INE258M01011,FERVENTSYN,89.170416666999998,-,,-,,89.170416666999998,Small Cap
3005,Semac Construction Limited,INE617A01013,SEMAC,89.406861309000007,SEMAC,88.617599999999996,-,,89.012230654500001,Small Cap
3006,Gensol Engineering Limited,INE06H201014,GENSOL,88.888326500000005,GENSOL,88.998199999999997,-,,88.943263250000001,Small Cap
3007,Pee Cee Cosma Sope Ltd.,INE417E01010,PCCOSMA,88.757871249999994,-,,-,,88.757871249999994,Small Cap
3008,FLOMIC GLOBAL LOGISTICS LIMITED,INE952M01019,FLOMIC,88.560005387000004,-,,-,,88.560005387000004,Small Cap
3009,VARIMAN GLOBAL ENTERPRISES LIMITED,INE717F01028,VARIMAN,88.500070625000006,-,,-,,88.500070625000006,Small Cap
3010,Gabion Technologies India Limited,INE1H1501013,GTIL,88.489650865999991,-,,-,,88.489650865999991,Small Cap
3011,LIOTECH INDUSTRIES LIMITED,INE0TKX01011,LIOTECH,88.334309000000005,-,,-,,88.334309000000005,Small Cap
3012,Mysore Paper Mills Limited,INE924F01012,MYSPAPE,88.218926544000013,-,,-,,88.218926544000013,Small Cap
3013,SHANTI SPINTEX LIMITED,INE0QZQ01019,SHANTIDENM,87.981976533000008,-,,-,,87.981976533000008,Small Cap
3014,Inter Globe Finance Ltd.,INE661M01016,INTRGLB,87.973382903000001,-,,-,,87.973382903000001,Small Cap
3015,Jet Freight Logistics Limited,INE982V01025,JETFREIGHT,87.997815787999997,JETFREIGHT,87.895300000000006,-,,87.946557893999994,Small Cap
3016,VIRYA RESOURCES LIMITED,INE661K01010,VIRYA,87.8425625,-,,-,,87.8425625,Small Cap
3017,Touchwood Entertainment Ltd.,INE486Y01013,-,-,TOUCHWOOD,87.802000000000007,-,,87.802000000000007,Small Cap
3018,Prime Industries Ltd.,INE543F01028,PRIMIND,87.794737085000008,-,,-,,87.794737085000008,Small Cap
3019,Aakash Exploration Services Ltd.,INE087Z01024,-,-,AAKASH,87.742400000000004,-,,87.742400000000004,Small Cap
3020,Sancode Technologies Limited,INE0P7001013,SANCODE,87.3389083,-,,-,,87.3389083,Small Cap
3021,TECHKNOWGREEN SOLUTIONS LIMITED,INE0P4P01011,TECHKGREEN,86.84194558099999,-,,-,,86.84194558099999,Small Cap
3022,Rapicut Carbides Ltd.,INE350D01015,RAPICUT,86.769553551000001,-,,-,,86.769553551000001,Small Cap
3023,SPL INDUSTRIES LIMITED,INE978G01016,SPLIL,86.362011912,SPLIL,86.307900000000004,-,,86.334955956000002,Small Cap
3024,Chatterbox Technologies Limited,INE1B4801017,CHTR,85.963305504999994,-,,-,,85.963305504999994,Small Cap
3025,Retina Paints Limited,INE0NTC01019,RETINA,85.85209966699999,-,,-,,85.85209966699999,Small Cap
3026,Mukesh Babu Financial Services Ltd.,INE596B01017,MUKESHB,85.728418653999995,-,,-,,85.728418653999995,Small Cap
3027,Makers Laboratories Ltd.,INE987A01010,MAKERSL,85.047036267999999,-,,-,,85.047036267999999,Small Cap
3028,Transcorp International Ltd.,INE330E01023,TRANSCOR,84.855743756999999,-,,-,,84.855743756999999,Small Cap
3029,Sharda Ispat Ltd.,INE385M01012,SHRDAIS,84.825501266999993,-,,-,,84.825501266999993,Small Cap
3030,Rishiroop Limited,INE582D01013,RISHIROOP,84.665735377999994,-,,-,,84.665735377999994,Small Cap
3031,BLB Limited,INE791A01024,BLBLIMITED,84.617013041999996,BLBLIMITED,84.207700000000003,-,,84.412356520999992,Small Cap
3032,Tokyo Plast International Ltd.,INE932C01012,TOKYOPLAST,84.834279217999992,TOKYOPLAST,83.872900000000001,-,,84.353589608999997,Small Cap
3033,Piccadily Sugar  & Allied Ltd.,INE544C01023,PICCASUG,84.302892644000011,-,,-,,84.302892644000011,Small Cap
3034,SHRI VASUPRADA PLANTATIONS LIMITED,INE574G01013,VASUPRADA,84.241874764000002,-,,-,,84.241874764000002,Small Cap
3035,Hisar Metal Industries Ltd.,INE598C01011,HISARMETAL,84.311324999999997,HISARMETAL,83.826899999999995,-,,84.069112499999989,Small Cap
3036,AMD Industries Ltd,INE005I01014,AMDIND,84.101458491000002,AMDIND,83.900400000000005,-,,84.000929245500004,Small Cap
3037,WEP Solutions Ltd,INE434B01029,WEPSOLN,83.912062598999995,-,,-,,83.912062598999995,Small Cap
3038,GUJARAT PEANUT AND AGRI PRODUCTS LIMITED,INE0SIK01014,GPAPL,83.863030883000008,-,,-,,83.863030883000008,Small Cap
3039,Cosco (India) ltd.,INE949B01018,COSCO,83.748793750000004,-,,-,,83.748793750000004,Small Cap
3040,Gujarat Toolroom Ltd.,INE145J01032,GUJTLRM,83.717676022999996,-,,-,,83.717676022999996,Small Cap
3041,Acknit Industries Ltd,INE326C01017,ACKNIT,83.458133333000006,-,,-,,83.458133333000006,Small Cap
3042,Godavari Drugs Ltd.,INE362C01012,GODAVARI,83.412861292999992,-,,-,,83.412861292999992,Small Cap
3043,Patel Integrated Logistics Ltd,INE529D01014,PATINTLOG,83.498836030999996,PATINTLOG,83.268600000000006,-,,83.383718015499994,Small Cap
3044,DIGIDRIVE DISTRIBUTORS LIMITED,INE0PSC01024,DIGIDRIVE,83.233607388999999,DIGIDRIVE,83.166799999999995,-,,83.200203694500004,Small Cap
3045,VIKRAM KAMATS HOSPITALITY LIMITED,INE564S01019,KAMATS,83.124925215999994,-,,-,,83.124925215999994,Small Cap
3046,IEL LIMITED,INE056E01024,INDXTRA,83.036108292999998,-,,-,,83.036108292999998,Small Cap
3047,Cals Refineries Ltd,INE040C01022,CALSREF,82.939631000000006,-,,-,,82.939631000000006,Small Cap
3048,Aashrit Capital Limited,INE172F01018,-,-,-,-,AASHRIT,82.898796000000019,82.898796000000019,Small Cap
3049,Deepak Spinners Ltd.,INE272C01013,DEEPAKSP,82.721347499000004,-,,-,,82.721347499000004,Small Cap
3050,ZENITH STEEL PIPES AND  INDUSTRIES LIMITED,INE318D01020,ZENITHSTL,82.798921042999993,ZENITHSTL,82.571299999999994,-,,82.685110521499993,Small Cap
3051,NUKLEUS OFFICE SOLUTIONS LIMITED,INE0VYX01018,NUKLEUS,82.517567999999997,-,,-,,82.517567999999997,Small Cap
3052,GALAXY SUPERMARKET LIMITED,INE403B01016,GSLTD,82.190821239000002,-,,-,,82.190821239000002,Small Cap
3053,Acme Resources Limited,INE636B01011,ACME,82.127436133000003,-,,-,,82.127436133000003,Small Cap
3054,Karnawati Innovation Limited,INE214D01021,KARNAWATI,82.001047666999995,-,,-,,82.001047666999995,Small Cap
3055,Royal Sense Limited,INE0QQG01019,ROYAL,81.977389161999994,-,,-,,81.977389161999994,Small Cap
3056,Odigma Consultancy Solutions Limited,INE054301028,ODIGMA,82.007064549000006,ODIGMA,81.932299999999998,-,,81.969682274500002,Small Cap
3057,Ganga Papers India Ltd,INE278O01015,GANGAPA,81.919202232000004,-,,-,,81.919202232000004,Small Cap
3058,Abhinav Capital Services Limited,INE516F01016,ABHICAP,81.809532599999997,-,,-,,81.809532599999997,Small Cap
3059,Polychem Ltd,INE752B01024,POLYCHEM,81.692747425999997,-,,-,,81.692747425999997,Small Cap
3060,ANUBHAV PLAST LIMITED,INE1O7201010,ANUBHAV,81.510000000000005,-,,-,,81.510000000000005,Small Cap
3061,TECHNICHEM ORGANICS LIMITED,INE0ZHT01012,TECHNICHEM,81.331351999999995,-,,-,,81.331351999999995,Small Cap
3062,IL&FS Transportation Networks Limited,INE975G01012,IL&FSTRANS,81.255868003000003,IL&FSTRANS,80.551299999999998,-,,80.903584001500008,Small Cap
3063,Kranti Industries Limited,INE911T01010,KRANTI,80.748023873000008,-,,-,,80.748023873000008,Small Cap
3064,Umiya Mobile Limited,INE1P1A01018,UML,80.723977500000004,-,,-,,80.723977500000004,Small Cap
3065,Narmadesh Brass Industries Limited,INE0S1B01014,NARMADESH,80.710491363999992,-,,-,,80.710491363999992,Small Cap
3066,Nilachal Refractories Ltd.,INE416N01013,NILACHAL,80.355274674,-,,-,,80.355274674,Small Cap
3067,Edvenswa Enterprises Limited,INE125G01014,EDVENSWA,80.298862471000007,-,,-,,80.298862471000007,Small Cap
3068,Narmada Macplast Drip Irrigation Sy,INE060D01028,NARMP,80.240694417,-,,-,,80.240694417,Small Cap
3069,HIMALAYA FOOD INTERNATIONAL LIMITED,INE552B01010,HFIL,80.006832384999996,-,,-,,80.006832384999996,Small Cap
3070,PORWAL AUTO COMPONENTS LIMITED,INE386I01018,PORWAL,79.976646666999997,-,,-,,79.976646666999997,Small Cap
3071,Atam Valves Limited,INE09KD01013,ATAM,79.993590249999997,ATAM,79.851399999999998,-,,79.922495124999998,Small Cap
3072,Nagreeka Exports Ltd.,INE123B01028,NAGREEKEXP,80.154847071000006,NAGREEKEXP,79.516800000000003,-,,79.835823535499998,Small Cap
3073,NEXOME CAPITAL MARKETS LIMITED,INE641A01013,NEXOME,79.806109274999997,-,,-,,79.806109274999997,Small Cap
3074,Source Natural Foods & Herbal Suppl Ltd,INE679C01027,SOURCENTRL,79.573341022000008,-,,-,,79.573341022000008,Small Cap
3075,Energy Development Company Ltd.,INE306C01019,ENERGYDEV,79.641666666999996,ENERGYDEV,79.372900000000001,-,,79.507283333499998,Small Cap
3076,Prakash Steelage Limited,INE696K01024,PRAKASHSTL,79.537677254999991,PRAKASHSTL,79.4268,-,,79.482238627499996,Small Cap
3077,Sunsky Logistics Limited,INE10CM01027,SUNSKY,79.461204374999994,-,,-,,79.461204374999994,Small Cap
3078,CHOKSI ASIA LIMITED,INE865B01016,CHOKSI,79.459136999999998,-,,-,,79.459136999999998,Small Cap
3079,Pioneer Embroideries Ltd.,INE156C01018,PIONEEREMB,79.331856846000008,PIONEEREMB,79.329800000000006,-,,79.330828423000014,Small Cap
3080,F MEC INTERNATIONAL FINANCIAL SERVICES LIMITED,INE108T01021,FMEC,79.213908336000003,-,,-,,79.213908336000003,Small Cap
3081,Chartered Capital & Investment Ltd.,INE953B01010,CHRTEDCA,79.084114067000002,-,,-,,79.084114067000002,Small Cap
3082,Aspira Pathlab & Diagnostics Limited,INE500C01017,ASPIRA,78.936330799999993,-,,-,,78.936330799999993,Small Cap
3083,Shalimar Wires Industries Ltd.,INE655D01025,SHALIWIR,78.784865151999995,-,,-,,78.784865151999995,Small Cap
3084,Ascensive Educare Limited,INE0E4I01027,ASCENSIVE,78.430581109000002,-,,-,,78.430581109000002,Small Cap
3085,G G Engineering Limited,INE694X01030,GGENG,78.287444876999999,-,,-,,78.287444876999999,Small Cap
3086,Indian Acrylics Ltd,INE862B01013,INDIANACRY,78.097802744000006,-,,-,,78.097802744000006,Small Cap
3087,JHS Svendgaard Laboratories Ltd.,INE544H01014,JHS,77.999627700999994,JHS,77.7774,-,,77.888513850500004,Small Cap
3088,KATI PATANG LIFESTYLE LIMITED,INE237C01016,KATIPATANG,77.815856166999993,-,,-,,77.815856166999993,Small Cap
3089,WSFX Global Pay Limited,INE549D01012,WSFX,77.756348194000012,-,,-,,77.756348194000012,Small Cap
3090,Haryana Capfin Ltd.,INE928H01019,HARYNACAP,77.663169937000006,-,,-,,77.663169937000006,Small Cap
3091,Choksi Laboratories Ltd.,INE493D01013,CHOKSILA,77.511187979999988,-,,-,,77.511187979999988,Small Cap
3092,TITAN INTECH LIMITED,INE807M01031,TITANIN,77.451259125000007,-,,-,,77.451259125000007,Small Cap
3093,Odyssey Technologies Ltd.,INE213B01019,ODYSSEY,77.309144463999999,-,,-,,77.309144463999999,Small Cap
3094,Retaggio Industries Limited,INE0KWJ01014,RETAGGIO,77.097763581999999,-,,-,,77.097763581999999,Small Cap
3095,Noida Toll Bridge Company Ltd,INE781B01015,NOIDATOLL,77.073869453,NOIDATOLL,76.794600000000003,-,,76.934234726499994,Small Cap
3096,Chowgule Steamships Ltd.,INE490A01015,CHOWGULSTM,76.908505835,-,,-,,76.908505835,Small Cap
3097,Softrak Venture Investments Ltd.,INE562E01021,SOFTRAKV,76.827767566999995,-,,-,,76.827767566999995,Small Cap
3098,Sanrhea Technical Textiles Ltd.,INE589J01015,SANTETX,76.711631666999992,-,,-,,76.711631666999992,Small Cap
3099,Accuracy Shipping Limited,INE648Z01023,ACCURACY,76.829513333000008,ACCURACY,76.548500000000004,-,,76.689006666500006,Small Cap
3100,Identixweb Limited,INE0PA401012,IDENTIXWEB,76.643674399999995,-,,-,,76.643674399999995,Small Cap
3101,Shri Balaji Valve Components Limited,INE0RNZ01014,SBVCL,76.594995999999995,-,,-,,76.594995999999995,Small Cap
3102,ORCHASP LIMITED,INE215B01022,ORCHASP,77.086625153,ORCHASP,75.9435,-,,76.5150625765,Small Cap
3103,Bharat Immunologicals & Biologicals,INE994B01014,BIBCL,76.419244333000009,-,,-,,76.419244333000009,Small Cap
3104,Binny Mills Limited,INE160L01011,BINNYMILLS,76.392890985000008,-,,-,,76.392890985000008,Small Cap
3105,TruCap Finance Limited,INE615R01029,TRU,76.389552945000005,TRU,76.257800000000003,-,,76.323676472500011,Small Cap
3106,Banka Bioloo Ltd.,INE862Y01015,-,-,BANKA,75.891300000000001,-,,75.891300000000001,Small Cap
3107,Highness Microelectronics Limited,INE1KI801019,HIGHNESS,75.890917016999992,-,,-,,75.890917016999992,Small Cap
3108,Eros International Media Limited,INE416L01017,EROSMEDIA,75.676239890999994,-,,-,,75.676239890999994,Small Cap
3109,Sunayana Investment Company Limited,INE724R01011,-,-,-,-,SUNAYANA,75.622800000000026,75.622800000000026,Small Cap
3110,Riddhi Corporate Services Limited,INE325X01015,RIDDHICORP,75.333298266999989,-,,-,,75.333298266999989,Small Cap
3111,M.R.MANIVENI FOODS LIMITED,INE0YD301010,MANIVENI,75.326711447999998,-,,-,,75.326711447999998,Small Cap
3112,ACCEL LIMITED,INE258C01038,ACCEL,75.292226487999997,-,,-,,75.292226487999997,Small Cap
3113,JUNGLE CAMPS INDIA LIMITED,INE0WCH01015,JUNGLECAMP,74.923488265999993,-,,-,,74.923488265999993,Small Cap
3114,Punj LLoyd Ltd,INE701B01021,PUNJLLOYD,74.837851135000008,-,,-,,74.837851135000008,Small Cap
3115,Wallfort Financial Services Ltd.,INE121B01014,WALLFORT,74.727383707000001,-,,-,,74.727383707000001,Small Cap
3116,Ansal Buildwell Ltd.,INE030C01015,ANSALBU,74.687141221000005,-,,-,,74.687141221000005,Small Cap
3117,Banaras Beads Ltd.,INE655B01011,BANARBEADS,74.84718284600001,BANARBEADS,74.479600000000005,-,,74.663391423000007,Small Cap
3118,Cargotrans Maritime Limited,INE0M4L01013,CARGOTRANS,74.650734714999999,-,,-,,74.650734714999999,Small Cap
3119,NRB INDUSTRIAL BEARINGS LIMITED,INE047O01014,NIBL,74.687545950000001,NIBL,74.563999999999993,-,,74.62577297499999,Small Cap
3120,Amwill Health Care Limited,INE0U2L01017,AMWILL,74.47740352000001,-,,-,,74.47740352000001,Small Cap
3121,Bhaskar Agrochemicals Ltd.,INE972C01018,BHASKAGR,74.324340417000002,-,,-,,74.324340417000002,Small Cap
3122,Tirupati Fincorp Limited,INE642O01012,TIRUFIN,74.163375000000002,-,,-,,74.163375000000002,Small Cap
3123,TEAM24 CONSUMER PRODUCTS LIMITED,INE601A01017,TEAM24,74.136836250000002,-,,-,,74.136836250000002,Small Cap
3124,SECUREKLOUD TECHNOLOGIES LIMITED,INE650K01021,SECURKLOUD,74.421565794000003,SECURKLOUD,73.702100000000002,-,,74.061832897000002,Small Cap
3125,PRARUH TECHNOLOGIES LIMITED,INE0TI501017,PRARUH,74.039575166999995,-,,-,,74.039575166999995,Small Cap
3126,Kesar Terminals & Infrastructure Limited,INE096L01025,KTIL,73.916237565999992,-,,-,,73.916237565999992,Small Cap
3127,MAESTROS ELECTRONICS & TELECOMMUNICATIONS SYSTEMS LTD,INE318N01011,METSL,73.821793055000001,-,,-,,73.821793055000001,Small Cap
3128,Jetking Infotrain Ltd.,INE919C01019,JETKINGQ,73.657762208000008,-,,-,,73.657762208000008,Small Cap
3129,Rachit Prints Limited,INE0ZN101029,RACHIT,73.630181414999996,-,,-,,73.630181414999996,Small Cap
3130,AMPVOLTS LIMITED,INE989J01017,AMPVOLTS,73.544566833000005,-,,-,,73.544566833000005,Small Cap
3131,Skyline Millars Ltd,INE178E01026,SKYLMILAR,73.288918702000004,-,,-,,73.288918702000004,Small Cap
3132,Super Tannery Limited,INE460D01038,SUPTANERY,73.240129644000007,-,,-,,73.240129644000007,Small Cap
3133,Kkalpana Industries (India) Ltd,INE301C01028,KKALPANAIND,72.983346975999993,-,,-,,72.983346975999993,Small Cap
3134,Gujarat Hotels Ltd.,INE621C01011,GUJHOTE,72.948327965999994,-,,-,,72.948327965999994,Small Cap
3135,Waa Solar Limited,INE799N01012,WAA,72.864274023000007,-,,-,,72.864274023000007,Small Cap
3136,IRONWOOD EDUCATION LIMITED,INE791H01011,IRONWOOD,72.855836717999992,-,,-,,72.855836717999992,Small Cap
3137,Galaxy Agrico Exports Ltd.,INE803L01016,GALAGEX,72.784631486999999,-,,-,,72.784631486999999,Small Cap
3138,TPI India Ltd.,INE578C01021,TPINDIA,72.766155052000002,-,,-,,72.766155052000002,Small Cap
3139,HARIKANTA OVERSEAS LIMITED,INE1UYW01010,HARIKANTA,72.675973710000008,-,,-,,72.675973710000008,Small Cap
3140,Ajooni Biotech Ltd.,INE820Y01021,-,-,AJOONI,72.663799999999995,-,,72.663799999999995,Small Cap
3141,Paras Petrofils Ltd.,INE162C01024,PARASPETRO,72.503675599999994,PARASPETRO,72.250200000000007,-,,72.376937800000007,Small Cap
3142,Kreon Finnancial Services Limited,INE302C01018,KREONFIN,72.342014282999997,-,,-,,72.342014282999997,Small Cap
3143,Agri-Tech India Ltd.,INE449G01018,AGRITECH,72.444289499999996,AGRITECH,72.153999999999996,-,,72.299144749999996,Small Cap
3144,GlobalSpace Technologies Limited,INE632W01016,GSTL,72.184892336000004,-,,-,,72.184892336000004,Small Cap
3145,Creative Castings Limited,INE146E01015,CREATIVE,72.169879166999991,-,,-,,72.169879166999991,Small Cap
3146,VIVID MERCANTILE LIMITED,INE647Z01025,VIVIDM,72.106909290000004,-,,-,,72.106909290000004,Small Cap
3147,Terai Tea Co. Ltd.,INE390D01011,TERAI,72.077923077999998,-,,-,,72.077923077999998,Small Cap
3148,Alkali Metals Limited,INE773I01017,ALKALI,72.099949068000001,ALKALI,71.956900000000005,-,,72.02842453400001,Small Cap
3149,EIKO LIFESCIENCES LIMITED,INE666Q01016,EIKO,71.900898021000003,-,,-,,71.900898021000003,Small Cap
3150,MALPANI PIPES AND FITTINGS LIMITED,INE0YON01014,MALPANI,71.889068437999995,-,,-,,71.889068437999995,Small Cap
3151,ADTECH SYSTEMS LIMITED,INE257C01014,ADTECH ,70.218451125000001,-,,ADTECH,73.492361305147057,71.855406215073529,Small Cap
3152,G.S. Auto International Ltd.,INE736H01024,GSAUTO,71.762502616999996,-,,-,,71.762502616999996,Small Cap
3153,Virat Crane Industries Ltd,INE295C01014,VIRATCRA,71.454191354000002,-,,-,,71.454191354000002,Small Cap
3154,Transwarranty Finance Limited,INE804H01012,TFL,71.772814271000001,TFL,71.107200000000006,-,,71.440007135499997,Small Cap
3155,HANDSON GLOBAL MANAGEMENT (HGM) LIMITED,INE596H01014,HGM,71.659408067999991,HGM,71.172600000000003,-,,71.416004033999997,Small Cap
3156,SGL RESOURCES LIMITED,INE967B01028,SGLRES,71.344996366999993,-,,-,,71.344996366999993,Small Cap
3157,Kemistar Corporation Limited,INE971L01029,KEMISTAR,70.968786183000006,-,,-,,70.968786183000006,Small Cap
3158,MEHUL COLOURS LIMITED,INE1KH601014,MEHUL,70.728500123000003,-,,-,,70.728500123000003,Small Cap
3159,Shine Fashions (India) Limited,INE0BLY01023,SHINEFASH,70.535034108000005,-,,-,,70.535034108000005,Small Cap
3160,Apoorva Leasing Finance & Investment Company Limited,INE217S01014,APOORVA,70.100246975000005,-,,-,,70.100246975000005,Small Cap
3161,My Money Securities Ltd.,INE232L01018,MYMONEY,70.04437077,-,,-,,70.04437077,Small Cap
3162,ECO HOTELS AND RESORTS LIMITED,INE638N01012,ECOHOTELS,70.026996425999997,-,,-,,70.026996425999997,Small Cap
3163,Shubham Polyspin Limited,INE01J501010,SHUBHAM,70.00283271699999,-,,-,,70.00283271699999,Small Cap
3164,Olatech Solutions Limited,INE0M3901015,OLATECH,69.775018230000001,-,,-,,69.775018230000001,Small Cap
3165,SWARNSARITA JEWELS INDIA LIMITED,INE967A01012,SWARNSAR,69.568108586999998,-,,-,,69.568108586999998,Small Cap
3166,Dynavision Limited,INE083E01010,DYNAVSN,69.553759999999997,-,,-,,69.553759999999997,Small Cap
3167,Universal Autofoundry Limited,INE203T01012,UNIAUTO,69.553204717,-,,-,,69.553204717,Small Cap
3168,Alliance Integrated Metaliks Limited,INE123D01024,AIML,69.340055000000007,-,,-,,69.340055000000007,Small Cap
3169,Future Consumer Limited,INE220J01025,FCONSUMER,70.062632059000009,FCONSUMER,68.546400000000006,-,,69.304516029500007,Small Cap
3170,Sundaram Multi Pap Ltd.,INE108E01023,SUNDARAM,69.371756986000008,SUNDARAM,69.028199999999998,-,,69.199978493000003,Small Cap
3171,ALKOSIGN LIMITED,INE0KA601012,ALKOSIGN,69.00111007000001,-,,-,,69.00111007000001,Small Cap
3172,Bacil Pharma Ltd.,INE711D01018,BACPHAR,68.895954908000007,-,,-,,68.895954908000007,Small Cap
3173,STEELMAN TELECOM LIMITED,INE0MSK01016,STML,68.704406670000012,-,,-,,68.704406670000012,Small Cap
3174,SKP Securities Ltd.,INE709B01016,SKPSEC,68.704196400000001,-,,-,,68.704196400000001,Small Cap
3175,Oceanic Foods Limited,INE711V01010,OCEANIC,68.650781249999994,-,,-,,68.650781249999994,Small Cap
3176,Indus Finance Limited,INE935D01013,INDUSFINL,68.420920117999998,-,,-,,68.420920117999998,Small Cap
3177,Royal India Corporation Limited,INE510H01015,ROYALIND,68.405887583000009,-,,-,,68.405887583000009,Small Cap
3178,Desi Farms India Limited,INE358F01013,DESIFARMS,68.338446492999992,-,,-,,68.338446492999992,Small Cap
3179,Mishka Finance and Trading Limited,INE231N01024,MISHKAFIN,68.098423999999994,-,,-,,68.098423999999994,Small Cap
3180,Restile Ceramics Ltd.,INE298E01022,RESTILE,68.085399797999997,-,,-,,68.085399797999997,Small Cap
3181,Garg Furnace Ltd.,INE194E01015,GARGFUR,68.043606892,-,,-,,68.043606892,Small Cap
3182,Continental Petroleums Ltd.,INE369D01023,CONTPTR,67.887071417000001,-,,-,,67.887071417000001,Small Cap
3183,YASH INNOVENTURES LIMITED,INE823D01011,YASHINNO,67.85678209400001,-,,-,,67.85678209400001,Small Cap
3184,Mangal Compusolution Limited,INE0RU901015,MANGALCOMP,67.784525083000005,-,,-,,67.784525083000005,Small Cap
3185,Bombay Cycle & Motor Agency Ltd.,INE691K01017,BOMBCYC,67.644983332999999,-,,-,,67.644983332999999,Small Cap
3186,ICODEX PUBLISHING SOLUTIONS LIMITED,INE111601014,ICODEX ,67.565869410000005,-,,-,,67.565869410000005,Small Cap
3187,Hilltone Software and Gases Ltd,INE168C01013,HILLTONE,67.495507095000008,-,,-,,67.495507095000008,Small Cap
3188,ASSTON PHARMACEUTICALS LIMITED,INE0SJX01015,APL,67.410726629999999,-,,-,,67.410726629999999,Small Cap
3189,RAJ OIL MILLS LIMITED,INE294G01026,ROML,67.246106237999996,ROML,67.3583,-,,67.302203118999998,Small Cap
3190,Riba Textiles Ltd.,INE811H01017,RIBATEX,67.294339679999993,-,,-,,67.294339679999993,Small Cap
3191,Sunil Healthcare Limited,INE671C01016,SUNLOC,67.280132905999992,-,,-,,67.280132905999992,Small Cap
3192,Sky Industries Ltd,INE765B01018,SKYIND,67.233261471000006,-,,-,,67.233261471000006,Small Cap
3193,Agro Phos India Ltd.,INE740V01019,-,-,AGROPHOS,67.151899999999998,-,,67.151899999999998,Small Cap
3194,Anmol India Limited,INE02AR01019,ANMOL,67.089451451000002,ANMOL,67.002700000000004,-,,67.046075725500003,Small Cap
3195,H.M. ELECTRO MECH LIMITED,INE0DZD01015,HMEML,66.983037520000011,-,,-,,66.983037520000011,Small Cap
3196,Lords Mark Industries Limited,INE567L01017,LORDSMARK,66.97,-,,-,,66.97,Small Cap
3197,LAKHOTIA POLYESTERS (INDIA) LIMITED,INE191O01010,LAKHOTIA,66.857211069000002,-,,-,,66.857211069000002,Small Cap
3198,SHRISTI INFRASTRUCTURE DEVELOPMENT CORPORATION LTD.,INE472C01027,SHRISTI,66.819040000000001,-,,-,,66.819040000000001,Small Cap
3199,Royal Cushion Vinyl Products Ltd.,INE618A01011,ROYALCU,66.794981515999993,-,,-,,66.794981515999993,Small Cap
3200,Filtra Consultants and Engineers Limited,INE541R01019,FILTRA,66.727543566999998,-,,-,,66.727543566999998,Small Cap
3201,SOFCOM SYSTEMS LIMITED,INE499Q01012,SOFCOM,66.580491594999998,-,,-,,66.580491594999998,Small Cap
3202,Phaarmasia Limited.,INE486I01016,PHRMASI,66.451182313000004,-,,-,,66.451182313000004,Small Cap
3203,DELTA MANUFACTURING LIMITED ,INE393A01011,DELTAMAGNT,66.581477634000009,DELTAMAGNT,66.166200000000003,-,,66.373838817000006,Small Cap
3204,IB Infotech Enterprises Ltd,INE678B01039,IBINFO,66.255059223000003,-,,-,,66.255059223000003,Small Cap
3205,COMFORT FINCAP LIMITED,INE274M01026,COMFINCAP,66.226359712999994,-,,-,,66.226359712999994,Small Cap
3206,Simran Farms Ltd.,INE354D01017,SIMRAN,66.158972732999999,-,,-,,66.158972732999999,Small Cap
3207,Nagarjuna Agritech Ltd.,INE793H01017,NAGTECH,66.100837808999998,-,,-,,66.100837808999998,Small Cap
3208,HIND ALUMINIUM INDUSTRIES LTD.,INE227B01019,HINDALUMI,65.952593667000002,-,,-,,65.952593667000002,Small Cap
3209,E-Land Apparel Limited,INE311H01018,ELAND,65.895712983999999,-,,-,,65.895712983999999,Small Cap
3210,Samrat Pharmachem Ltd.,INE103E01016,SAMRATPH,65.840734574999999,-,,-,,65.840734574999999,Small Cap
3211,B.N.Rathi Securities Ltd.,INE710D01028,BNRSEC,65.76912291699999,-,,-,,65.76912291699999,Small Cap
3212,JAYANT INFRATECH LIMITED,INE0KR801019,JAYANT,65.725473375000007,-,,-,,65.725473375000007,Small Cap
3213,Uniply Industries Ltd.,INE950G01023,UNIPLY,65.589727740000001,-,,-,,65.589727740000001,Small Cap
3214,Ashnoor Textiles Mills Ltd.,INE372I01018,ASHNOOR,65.473300976999994,-,,-,,65.473300976999994,Small Cap
3215,Bampsl Securities Ltd.,INE802A01037,BAMPSL,65.397612267999989,-,,-,,65.397612267999989,Small Cap
3216,Baba Arts Ltd,INE893A01036,BABA,65.278937499999998,-,,-,,65.278937499999998,Small Cap
3217,G.V. Films  Ltd.,INE395B01048,GVFILM,65.215358459000001,-,,-,,65.215358459000001,Small Cap
3218,LE LAVOIR LIMITED,INE204S01012,LELAVOIR,65.168650999999997,-,,-,,65.168650999999997,Small Cap
3219,UHM Vacation Limited,INE0YZ901011,UHMVL,65.164978071000007,-,,-,,65.164978071000007,Small Cap
3220,UNISEM AGRITECH LIMITED,INE1FHV01026,UNISEM,65.122643166999993,-,,-,,65.122643166999993,Small Cap
3221,SHANTIDOOT INFRA SERVICES LIMITED,INE0LU301014,SISL,65.086026750000002,-,,-,,65.086026750000002,Small Cap
3222,GENPHARMASEC LIMITED,INE861N01036,GENPHARMA,65.006692779999995,-,,-,,65.006692779999995,Small Cap
3223,SUPERTECH EV LIMITED,INE0SC101013,SEVL,65.005257033000007,-,,-,,65.005257033000007,Small Cap
3224,BONLON INDUSTRIES LIMITED,INE0B9A01018,BONLON,67.009626267999991,BONLON,62.7759,-,,64.892763133999992,Small Cap
3225,Kabra Drugs Ltd,INE323K01017,KABRADG,64.762733845,-,,-,,64.762733845,Small Cap
3226,GARMENT MANTRA LIFESTYLE LIMITED,INE653S01028,GARMNTMNTR,64.704827398999996,-,,-,,64.704827398999996,Small Cap
3227,EVERLON FINANCIALS LIMITED,INE339D01034,EVERFIN,64.638513333000006,-,,-,,64.638513333000006,Small Cap
3228,PVV Infra Limited,INE428B01021,PVVINFRA,64.590555738000006,-,,-,,64.590555738000006,Small Cap
3229,HB Portfolio Ltd.,INE638B01025,HBPOR,64.355832794999998,-,,-,,64.355832794999998,Small Cap
3230,TRESCON LIMITED,INE088D01011,TRESCON,64.352609999999999,-,,-,,64.352609999999999,Small Cap
3231,Orient Press ltd.,INE609C01024,ORIENTLTD,64.456999999999994,ORIENTLTD,64.101900000000001,-,,64.279449999999997,Small Cap
3232,Damodar Industries Limited,INE497D01022,DAMODARIND,64.258875833000005,DAMODARIND,64.1571,-,,64.207987916500002,Small Cap
3233,REPONO LIMITED,INE15WN01014,REPONO,64.188378740000005,-,,-,,64.188378740000005,Small Cap
3234,Vineet Laboratories Limited,INE505Y01010,VINEETLAB,64.220631832999999,VINEETLAB,64.130499999999998,-,,64.175565916500005,Small Cap
3235,Dutron  Polymers Ltd.,INE940C01015,DUTRON,64.152600000000007,-,,-,,64.152600000000007,Small Cap
3236,Dhanalaxmi Roto Spinners Ltd.,INE220C01012,DHANROTO,64.133607975000004,-,,-,,64.133607975000004,Small Cap
3237,Teesta Agro Industries Ltd,INE757D01011,TEEAI,64.133239500000002,-,,-,,64.133239500000002,Small Cap
3238,Cranes Software International Ltd.,INE234B01023,CRANESSOFT,64.095323800999992,-,,-,,64.095323800999992,Small Cap
3239,AJR INFRA AND TOLLING LIMITED,INE181G01025,AJRINFRA,64.044489232000004,-,,-,,64.044489232000004,Small Cap
3240,GACM Technologies Limited,INE224E01028,GATECH,64.270964268,GATECH,63.631500000000003,-,,63.951232134000001,Small Cap
3241,GANESHA ECOVERSE LIMITED,INE369Q01017,GANVERSE,63.888497527999995,-,,-,,63.888497527999995,Small Cap
3242,SPA Capital Services Limited,INE726X01014,SPACAPS,63.792858697,-,,-,,63.792858697,Small Cap
3243,AUREATE TRADDE LIMITED,INE1KVL01010,AUREATE,63.766074695000007,-,,-,,63.766074695000007,Small Cap
3244,Vishal Bearings Limited,INE060T01024,VISHALBL,63.756914924999997,-,,-,,63.756914924999997,Small Cap
3245,Punjab Communications Limited,INE609A01010,PUNJCOMMU,63.750244183000007,-,,-,,63.750244183000007,Small Cap
3246,Aviva Industries Limited,INE461H01011,AVIVA,63.732451741999995,-,,-,,63.732451741999995,Small Cap
3247,Gayatri Sugars Ltd.,INE622E01023,GAYATRI,63.657015488999996,-,,-,,63.657015488999996,Small Cap
3248,Real Touch Finance Limited,INE840I01014,RTFL,63.598204059000004,-,,-,,63.598204059000004,Small Cap
3249,Mohindra Fasteners Limited,INE705H01011,-,-,-,-,MFL,63.550260189999982,63.550260189999982,Small Cap
3250,Nexxus Petro Industries Limited,INE0QUL01011,NEXXUS,63.508758720000003,-,,-,,63.508758720000003,Small Cap
3251,Hariyana Ship Breakers Ltd.,INE400G01011,HRYNSHP,63.339840924000001,-,,-,,63.339840924000001,Small Cap
3252,Sylph Industries Limited,INE706F01021,SYLPH,63.287784037999998,-,,-,,63.287784037999998,Small Cap
3253,Gowra Leasing & Finance Ltd.,INE225G01012,GOWRALE,63.235611986000002,-,,-,,63.235611986000002,Small Cap
3254,Mysore Petro Chemicals Ltd.,INE741A01011,MYSORPETRO,63.212457279999995,-,,-,,63.212457279999995,Small Cap
3255,Raghuvansh Agrofarms Limited,INE865P01016,RAFL,63.204329173000005,-,,-,,63.204329173000005,Small Cap
3256,Joindre Capital Services Ltd.,INE024B01010,JOINDRE,63.153984986000005,-,,-,,63.153984986000005,Small Cap
3257,YUVRAAJ HYGIENE PRODUCTS LTD,INE139D01020,YUVRAAJHPL,63.118011737000003,-,,-,,63.118011737000003,Small Cap
3258,Royale Manor Hotels & Industries Lt,INE008C01011,RAYALEMA,63.100937082000009,-,,-,,63.100937082000009,Small Cap
3259,Era Buildsys Limited,INE040E01028,ERABUILD,63.036926563999998,-,,-,,63.036926563999998,Small Cap
3260,CONSTRONICS INFRA LIMITED,INE537B01011,CONSTRONIC,63.014080849000003,-,,-,,63.014080849000003,Small Cap
3261,Winsome Breweries Ltd.,INE391C01011,WINSOMBR,63.010847117999994,-,,-,,63.010847117999994,Small Cap
3262,REGIS INDUSTRIES LIMITED,INE745R01024,REGIS,62.971212199999997,-,,-,,62.971212199999997,Small Cap
3263,Universal Starch-Chem Allied Ltd.,INE113E01015,UNIVSTAR,62.738549999999996,-,,-,,62.738549999999996,Small Cap
3264,Dhruv Consultancy Services Limited,INE506Z01015,DHRUV,62.881288697999999,DHRUV,62.489800000000002,-,,62.685544348999997,Small Cap
3265,Atlas Cycles (Haryana) Ltd.,INE446A01025,ATLASCYCLE,62.669966666999997,ATLASCYCLE,62.368099999999998,-,,62.519033333499998,Small Cap
3266,VSF Projects Limited,INE923K01014,VSFPROJ,62.464433935000002,-,,-,,62.464433935000002,Small Cap
3267,Yamini Investments Company Limited,INE457N01025,YAMNINV,62.201099962999997,-,,-,,62.201099962999997,Small Cap
3268,Autofurnish Limited,INE18HI01019,AFLTD,62.156592609,-,,-,,62.156592609,Small Cap
3269,ISL Consulting Ltd,INE569B01022,ISLCONSUL,62.058599999999998,-,,-,,62.058599999999998,Small Cap
3270,Nandani Creation Ltd.,INE696V01013,-,-,JAIPURKURT,61.9831,-,,61.9831,Small Cap
3271,Cambridge Technology Enterprises Ltd.,INE627H01017,CTE,62.058873351999999,CTE,61.8675,-,,61.963186675999999,Small Cap
3272,NEPTUNE LOGITEK LIMITED,INE1NQ501012,NEPLOG,61.936101666999996,-,,-,,61.936101666999996,Small Cap
3273,STAR HOUSING FINANCE LIMITED,INE526R01028,STARHFL,61.881413916,-,,-,,61.881413916,Small Cap
3274,Suvidhaa Infoserve Limited,INE018401013,SUVIDHAA,61.941928444000006,SUVIDHAA,61.760100000000001,-,,61.851014222000003,Small Cap
3275,Banas Finance Limited,INE521L01030,BANASFN,61.820538060000004,-,,-,,61.820538060000004,Small Cap
3276,LANDMARK GLOBAL LEARNING LIMITED,INE12QA01010,LGLL,61.811966249999998,-,,-,,61.811966249999998,Small Cap
3277,Aeonx Digital Technology Limited,INE994D01010,AEONXDIGI,61.768613779999995,-,,-,,61.768613779999995,Small Cap
3278,Ceeta Industries Ltd.,INE760J01012,CEETAIN,61.679915733000001,-,,-,,61.679915733000001,Small Cap
3279,Elixir Capital Limited,INE785D01012,ELIXIR,61.649794950999997,-,,-,,61.649794950999997,Small Cap
3280,Ceejay Finance Limited,INE358C01010,CEEJAY,61.565537499999998,-,,-,,61.565537499999998,Small Cap
3281,Kothari Fermanatation & Biochem Ltd,INE991B01010,KFBL,61.491624999999999,-,,-,,61.491624999999999,Small Cap
3282,Onelife Capital Advisors Ltd,INE912L01015,ONELIFECAP,61.523339333000003,ONELIFECAP,61.2408,-,,61.382069666500001,Small Cap
3283,AJC Jewel Manufacturers Limited,INE0XRR01010,AJCJEWEL,61.320322673,-,,-,,61.320322673,Small Cap
3284,TELOGICA LIMITED,INE778I01024,TELOGICA,61.297405857000008,-,,-,,61.297405857000008,Small Cap
3285,Teamo Productions HQ Limited,INE065J01024,TPHQ,61.552730539999999,TPHQ,61.013800000000003,-,,61.283265270000001,Small Cap
3286,KASTURI METAL COMPOSITE LIMITED,INE0T1301023,KASTURI,61.141985144000003,-,,-,,61.141985144000003,Small Cap
3287,Shipwaves Online Limited,INE0O9L01010,SHIPWAVES,60.879402874999997,-,,-,,60.879402874999997,Small Cap
3288,SATCHMO HOLDINGS LIMITED,INE639K01016,SATCH,60.616327633000004,-,,-,,60.616327633000004,Small Cap
3289,Priti International Ltd.,INE974Z01015,-,-,PRITI,60.582900000000002,-,,60.582900000000002,Small Cap
3290,POPULAR FOUNDATIONS LIMITED,INE0PZB01013,PFL,60.565623616999993,-,,-,,60.565623616999993,Small Cap
3291,DIKSHA POLYMERS LIMITED,INE1OSI01014,DIKSHA,60.507911249999999,-,,-,,60.507911249999999,Small Cap
3292,3P LAND HOLDINGS LTD.,INE105C01023,3PLAND,60.405299999999997,3PLAND,60.551299999999998,-,,60.478299999999997,Small Cap
3293,Vivimed Labs Ltd.,INE526G01021,VIVIMEDLAB,60.391731888999999,VIVIMEDLAB,60.511299999999999,-,,60.451515944500002,Small Cap
3294,Mardia Samyoung Capillary Tubes Co.,INE277E01026,MSCTC,60.115422402999997,-,,-,,60.115422402999997,Small Cap
3295,GURU KRUPA GEMS AND JEWELLERY LIMITED,INE986W01016,GKL,60.065829622999999,-,,-,,60.065829622999999,Small Cap
3296,BLS Infotech Limited,INE606B01022,BLSINFOTE,59.964189380999997,-,,-,,59.964189380999997,Small Cap
3297,Rudra Gas Enterprise Limited,INE0OYK01010,RUDRAGAS,59.827720883000005,-,,-,,59.827720883000005,Small Cap
3298,VMS INDUSTRIES LIMITED,INE932K01015,VMS,59.817250447000006,-,,-,,59.817250447000006,Small Cap
3299,DHANSAFAL FINSERVE LIMITED,INE195E01020,DHANSAFAL,59.751044333000003,-,,-,,59.751044333000003,Small Cap
3300,Yash Chemex Limited,INE571U01010,YASHCHEM,59.650622163999998,-,,-,,59.650622163999998,Small Cap
3301,SPRIGHT AGRO LIMITED,INE179O01031,SPRIGHT,59.584748564999998,-,,-,,59.584748564999998,Small Cap
3302,Vivo Bio tech Ltd.,INE380K01017,VIVOBIOT,59.499864226,-,,-,,59.499864226,Small Cap
3303,Odyssey Corporation Ltd.,INE839E01023,ODYCORP,59.428927914999996,-,,-,,59.428927914999996,Small Cap
3304,TIRUPATI INNOVAR LIMITED,INE812Q01016,TIRUPATIIN,59.858689039999994,-,,TIRUPATIIN,58.958689040000003,59.408689039999999,Small Cap
3305,Steelco Gujarat Ltd,INE629B01032,STEELCO,59.353127997000001,-,,-,,59.353127997000001,Small Cap
3306,KSR Footwear Limited,INE1SPP01016,KSR,59.550092815999996,KSR,59.053600000000003,-,,59.301846408000003,Small Cap
3307,Defrail Technologies Limited,INE0ZE201010,DEFRAIL,59.299573641999999,-,,-,,59.299573641999999,Small Cap
3308,Kesar Enterprises Ltd.,INE133B01027,KESARENT,59.057696812000003,-,,-,,59.057696812000003,Small Cap
3309,NHC FOODS LIMITED,INE141C01036,NHCFOODS,59.037052083000006,-,,-,,59.037052083000006,Small Cap
3310,Mishka Exim Limited,INE540S01019,MISHKA,58.986826666999995,-,,-,,58.986826666999995,Small Cap
3311,Shreeji Translogistics Limited,INE402Y01028,STL,58.788912013000001,-,,-,,58.788912013000001,Small Cap
3312,Shree Hari Chemicals Export Ltd.,INE065E01017,SHHARICH,58.695612092999994,-,,-,,58.695612092999994,Small Cap
3313,Jigar Cables Limited,INE943X01015,JIGAR,57.9998802,-,,-,,57.9998802,Small Cap
3314,Bombay Rayon Fashions Ltd.,INE589G01011,BRFL,57.780719177999998,-,,-,,57.780719177999998,Small Cap
3315,Elegant Marbles & Grani Industries,INE095B01010,ELEMARB,57.725166000000002,-,,-,,57.725166000000002,Small Cap
3316,Luxury Time Limited,INE1CJB01013,LUXURY,57.700559817999995,-,,-,,57.700559817999995,Small Cap
3317,LCC Infotech Ltd.,INE938A01021,LCCINFOTEC,53.750832312999997,LCCINFOTEC,61.581600000000002,-,,57.666216156499999,Small Cap
3318,Ahlada Engineers Ltd.,INE00PV01013,-,-,AHLADA,57.554900000000004,-,,57.554900000000004,Small Cap
3319,Victoria Mills Ltd.,INE203D01016,VICTMILL,57.515194536999999,-,,-,,57.515194536999999,Small Cap
3320,Starlog Enterprises Limited,INE580C01019,STARLOG,57.511138762000002,-,,-,,57.511138762000002,Small Cap
3321,ICDS Ltd.,INE613B01010,ICDSLTD,58.020270464999996,ICDSLTD,56.802999999999997,-,,57.411635232499997,Small Cap
3322,Indrayani Biotech Ltd.,INE007C01021,INDRANIB,57.404196874,-,,-,,57.404196874,Small Cap
3323,Ladderup Finance Ltd.,INE519D01015,LADDERUP,57.397127716999996,-,,-,,57.397127716999996,Small Cap
3324,Burnpur Cement Limited,INE817H01014,BURNPUR,57.358825758000002,-,,-,,57.358825758000002,Small Cap
3325,HILIKS TECHNOLOGIES LIMITED,INE966Q01010,HILIKS,53.795441666999999,-,,HILIKS,59.910224264705896,56.852832965852947,Small Cap
3326,Hira Automobiles Ltd.,INE258Z01013,HIRAUTO,56.830313239999995,-,,-,,56.830313239999995,Small Cap
3327,Diligent Industries Limited,INE650C01036,DILIGENT,56.750496153999997,-,,-,,56.750496153999997,Small Cap
3328,Betex India Ltd.,INE765L01017,BETXIND,56.618000000000002,-,,-,,56.618000000000002,Small Cap
3329,HYBRID FINANCIAL SERVICES LIMITED,INE965B01022,HYBRIDFIN,56.930982360999998,HYBRIDFIN,56.179600000000001,-,,56.555291180499999,Small Cap
3330,Grovy India Limited,INE343C01012,GROVY,56.456995935999998,-,,-,,56.456995935999998,Small Cap
3331,JAMSHRI REALTY LIMITED,INE462D01034,JAMSHRI,56.344725199999999,-,,-,,56.344725199999999,Small Cap
3332,Associated Ceramics Ltd.,INE771E01010,ASSOCER,56.238463750000001,-,,-,,56.238463750000001,Small Cap
3333,Storage Technologies and Automation Limited,INE0RGM01016,STAL,56.234492000000003,-,,-,,56.234492000000003,Small Cap
3334,Ansal Properties & Infrastructure Ltd.,INE436A01026,ANSALAPI,57.500363108000002,ANSALAPI,54.901499999999999,-,,56.200931554,Small Cap
3335,Smiths & Founders (India) Limited,INE728B01032,SMFIL,56.139737330999992,-,,-,,56.139737330999992,Small Cap
3336,Mega Corporation Ltd,INE804B01023,MEGACOR,56.036666666999999,-,,-,,56.036666666999999,Small Cap
3337,Morgan Ventures Ltd.,INE902C01015,MORGAN,55.867249999999999,-,,-,,55.867249999999999,Small Cap
3338,Kamadgiri Fashion Limited,INE535C01013,KAMADGIRI,55.786952923999998,-,,-,,55.786952923999998,Small Cap
3339,Shree Rajasthan Syntex Ltd.,INE796C01011,SHRAJSYNQ,55.778577472000002,-,,-,,55.778577472000002,Small Cap
3340,McNally Bharat Engineering Company Limited,INE748A01016,MBECL,55.777169267999994,-,,-,,55.777169267999994,Small Cap
3341,SHARIKA ENTERPRISES LIMITED,INE669Y01022,SHARIKA,55.768595833000006,-,,-,,55.768595833000006,Small Cap
3342,Arman Holdings Limited,INE510P01018,ARMAN,55.751828949999997,-,,-,,55.751828949999997,Small Cap
3343,SHLOKKA DYES LIMITED,INE1EUB01016,SHLOKKA,55.588900523,-,,-,,55.588900523,Small Cap
3344,Balkrishna Paper Mills Ltd,INE875R01011,BALKRISHNA,55.502439808000005,BALKRISHNA,55.598599999999998,-,,55.550519903999998,Small Cap
3345,GAYATRI HIGHWAYS LTD,INE287Z01012,GAYAHWS,55.537330726,GAYAHWS,55.543300000000002,-,,55.540315363000005,Small Cap
3346,Malu Paper Mills Limited,INE383H01017,MALUPAPER,55.470283780999992,MALUPAPER,55.277700000000003,-,,55.373991890499994,Small Cap
3347,NAKODA GROUP OF INDUSTRIES LIMITED,INE236Y01012,NGIL,55.287393575999999,NGIL,55.4375,-,,55.362446788,Small Cap
3348,Gravity (India) Ltd.,INE995A01013,GRAVITY,55.152722167999997,-,,-,,55.152722167999997,Small Cap
3349,Aris International Limited,INE588E01026,ARISINT,55.109937500000001,-,,-,,55.109937500000001,Small Cap
3350,Aastamangalam Finance Limited,INE819K01014,AASTAFIN,55.008111257000003,-,,-,,55.008111257000003,Small Cap
3351,IFL ENTERPRISES LIMITED,INE714U01024,IFL,54.937539715999996,-,,-,,54.937539715999996,Small Cap
3352,AKI India Limited,INE642Z01026,AKI,54.983833109000003,AKI,54.845399999999998,-,,54.9146165545,Small Cap
3353,Future Market Networks Limited,INE360L01017,FMNL,54.941282336999997,FMNL,54.710299999999997,-,,54.825791168499997,Small Cap
3354,Phoenix International Ltd.,INE245B01011,PHOENXINTL,54.804761577999997,-,,-,,54.804761577999997,Small Cap
3355,Saboo Sodium Chloro Ltd.,INE440C01016,SABOOSOD,54.778728664999996,-,,-,,54.778728664999996,Small Cap
3356,Ema India Ltd.,INE279D01016,EMAINDIA,54.686028125,-,,-,,54.686028125,Small Cap
3357,Unique Organics Ltd.,INE333E01019,UNIQUEO,54.574822016999995,-,,-,,54.574822016999995,Small Cap
3358,Rodium Realty Limited,INE513E01024,RODIUM,54.550104449999999,-,,-,,54.550104449999999,Small Cap
3359,Perfectpac Limited,INE759I01024,PERFEPA,54.541693471000002,-,,-,,54.541693471000002,Small Cap
3360,Vahh Chemicals Limited,INE0H3U01013,VAHH,54.503105815999994,-,,-,,54.503105815999994,Small Cap
3361,Krypton Industries Ltd,INE951B01014,KRYPTONQ,54.459235405999998,-,,-,,54.459235405999998,Small Cap
3362,Cerebra Integrated Technologies Ltd.,INE345B01019,CEREBRAINT,56.866756678999998,CEREBRAINT,51.830100000000002,-,,54.348428339500003,Small Cap
3363,Biofil Chemicals & Pharmaceuticals,INE829A01014,BIOFILCHEM,54.199755285000002,BIOFILCHEM,54.158900000000003,-,,54.179327642499999,Small Cap
3364,ANSAL HOUSING LIMITED,INE880B01015,ANSALHSG,54.138954776999995,-,,-,,54.138954776999995,Small Cap
3365,Auri Grow India Ltd.,INE925Y01036,-,-,AURIGROW,54.128799999999998,-,,54.128799999999998,Small Cap
3366,SHELTER PHARMA LIMITED,INE013V01011,SHELTER,54.027967069000006,-,,-,,54.027967069000006,Small Cap
3367,CASPIAN CORPORATE SERVICES LIMITED,INE176N01039,CASPIAN,53.9806575,-,,-,,53.9806575,Small Cap
3368,FACOR Alloys Limited,INE828G01013,FACORALL,53.870037179999997,-,,-,,53.870037179999997,Small Cap
3369,SHANMUGA HOSPITAL LIMITED,INE0TD301017,SHANMUGA,53.857452225000003,-,,-,,53.857452225000003,Small Cap
3370,TOSS THE COIN LIMITED,INE0XAY01012,TTC,53.786250000000003,-,,-,,53.786250000000003,Small Cap
3371,MODERN ENGINEERING AND PROJECTS LIMITED,INE250S01015,MEAPL,53.748361250000002,-,,-,,53.748361250000002,Small Cap
3372,THREE M PAPER BOARDS LIMITED,INE0UK501010,THREEMPAPE,53.652676417000002,-,,-,,53.652676417000002,Small Cap
3373,Prudential Sugar Corporation Ltd,INE024D01016,PRUDMOULI,53.799023666999993,PRUDMOULI,53.311700000000002,-,,53.555361833500001,Small Cap
3374,Opto Circuits (India) Ltd.,INE808B01016,OPTOCIRCUI,53.511382431999998,-,,-,,53.511382431999998,Small Cap
3375,Gammon India Ltd.,INE259B01020,GAMMONIND,53.482859224999999,-,,-,,53.482859224999999,Small Cap
3376,Mefcom Capital Markets Ltd.,INE186C01023,MEFCOMCAP,53.428090363000003,-,,-,,53.428090363000003,Small Cap
3377,Bridge Securities Ltd.,INE958C01025,BRIDGESE,53.366705032999995,-,,-,,53.366705032999995,Small Cap
3378,SODHANI CAPITAL LIMITED,INE0QU501030,SODHACAP,53.218774603,-,,-,,53.218774603,Small Cap
3379,VINNY OVERSEAS LIMITED,INE01KI01027,VINNY,53.290123494999996,VINNY,53.119500000000002,-,,53.204811747500003,Small Cap
3380,NITIN FIRE PROTECTION INDUSTRIES LIMITED,INE489H01020,NITINFIRE,53.193071203999999,-,,-,,53.193071203999999,Small Cap
3381,Khaitan (India) Ltd.,INE731C01018,KHAITANLTD,53.143356249999997,KHAITANLTD,53.236499999999999,-,,53.189928124999994,Small Cap
3382,Misquita Engineering Limited,INE957W01025,MISQUITA,53.059370000000001,-,,-,,53.059370000000001,Small Cap
3383,Vruddhi Engineering Works Limited,INE0OMZ01013,VRUDDHI,53.021761632,-,,-,,53.021761632,Small Cap
3384,SHAYONA ENGINEERING LIMITED,INE0UCL01011,SHAYONAENG,52.873185108999998,-,,-,,52.873185108999998,Small Cap
3385,Bang Overseas Ltd,INE863I01016,BANG,53.069659000000001,BANG,52.6447,-,,52.857179500000001,Small Cap
3386,Conart Engineers Ltd.,INE714D01020,CONART,52.853579000000003,-,,-,,52.853579000000003,Small Cap
3387,Jupiter Infomedia Limited,INE524N01014,JUPITERIN,52.811662499999997,-,,-,,52.811662499999997,Small Cap
3388,Tulsyan NEC Ltd,INE463D01016,TULSYAN,52.774310593000003,-,,-,,52.774310593000003,Small Cap
3389,Sanginita Chemicals Ltd.,INE753W01010,-,-,SANGINITA,52.736400000000003,-,,52.736400000000003,Small Cap
3390,Gujarat Poly Electronics Limited,INE541F01022,GUJARATPOLY,52.713101250000001,-,,-,,52.713101250000001,Small Cap
3391,Share Samadhan Limited,INE0LY301010,SSL,52.687208776999995,-,,-,,52.687208776999995,Small Cap
3392,Bheema Cements Limited,INE333H01020,BHEEMACEM,52.665153230000001,-,,-,,52.665153230000001,Small Cap
3393,Flex Foods Ltd.,INE954B01018,FLEXFO,52.664537500000002,-,,-,,52.664537500000002,Small Cap
3394,Roni Households Limited,INE02AP01013,RONI,52.604265187000003,-,,-,,52.604265187000003,Small Cap
3395,Ritesh International Ltd,INE534D01014,RITESHIN,52.546092973,-,,-,,52.546092973,Small Cap
3396,3B FILMS LIMITED,INE0TE101010,3BFILMS,52.451407067000005,-,,-,,52.451407067000005,Small Cap
3397,Insilco Ltd,INE901A01011,INSILCO,52.429740000000002,-,,-,,52.429740000000002,Small Cap
3398,Dhatre Udyog Limited,INE715T01031,DHATRE,52.303607724999999,-,,-,,52.303607724999999,Small Cap
3399,GROWINGTON VENTURES INDIA LIMITED,INE451S01027,GROWINGTON,52.276362863999999,-,,-,,52.276362863999999,Small Cap
3400,ZR2 BIOENERGY LIMITED,INE218N01021,ZR2,52.228484027,-,,-,,52.228484027,Small Cap
3401,Sagarsoft (India) Limited,INE184B01012,SAGARSOFT,52.210521536000002,-,,-,,52.210521536000002,Small Cap
3402,ADITYA CONSUMER MARKETING LIMITED,INE427V01013,ACML,51.925543191000003,-,,-,,51.925543191000003,Small Cap
3403,Rajnandini Fashion India Limited,INE1GM501015,RFIL,51.711369474000001,-,,-,,51.711369474000001,Small Cap
3404,DIVYASHAKTI LIMITED,INE410G01010,DIVSHKT,51.645399038999997,-,,-,,51.645399038999997,Small Cap
3405,Amkay Products Limited,INE0QSB01016,AMKAY,51.616033750999996,-,,-,,51.616033750999996,Small Cap
3406,NCL Research And Financial Services,INE132F01038,NCLRESE,51.607648400000002,-,,-,,51.607648400000002,Small Cap
3407,Adroit Infotech Limited,INE737B01033,ADROITINFO,51.605596526999996,ADROITINFO,51.538800000000002,-,,51.572198263499999,Small Cap
3408,LGT Business Connextions Limited,INE191201016,LGT,51.526577467000003,-,,-,,51.526577467000003,Small Cap
3409,Anjani Foods Limited,INE096I01021,ANJANIFOODS,51.507260717999998,-,,-,,51.507260717999998,Small Cap
3410,Pulsar International Limited,INE183U01022,PULSRIN,51.472189999999998,-,,-,,51.472189999999998,Small Cap
3411,Mohite Industries Limited,INE154B01023,MOHITE,51.426757424999998,-,,-,,51.426757424999998,Small Cap
3412,Palco Metals Limited,INE239L01013,PALCO,51.316933333000001,-,,-,,51.316933333000001,Small Cap
3413,Punctual Trading Ltd.,INE07NX01019,PUNCTRD,51.25,-,,-,,51.25,Small Cap
3414,The Phosphate Company Limited,INE398C01016,PHOSPHATE,51.158575749999997,-,,-,,51.158575749999997,Small Cap
3415,EVANS ELECTRIC LIMITED,INE06TD01010,EVANS,51.152184532999996,-,,-,,51.152184532999996,Small Cap
3416,Dhanlaxmi Cotex Ltd.,INE977F01010,DHANCOT,51.132889667000001,-,,-,,51.132889667000001,Small Cap
3417,Archies Ltd.,INE731A01020,ARCHIES,51.088872000000002,ARCHIES,51.053100000000001,-,,51.070986000000005,Small Cap
3418,Gujarat Craft Industries Ltd.,INE372D01019,GUJCRAFT,51.062815177999994,-,,-,,51.062815177999994,Small Cap
3419,BANDARAM PHARMA PACKTECH LIMITED,INE875N01036,BANDARAM,51.002511767999998,-,,-,,51.002511767999998,Small Cap
3420,Callista Industries Limited,INE714Q01014,CALLISTA,50.994043826000002,-,,-,,50.994043826000002,Small Cap
3421,Aimco Pesticides Ltd.,INE008B01013,AIMCOPEST,50.953686337000001,-,,-,,50.953686337000001,Small Cap
3422,Karma Energy Limited,INE725L01011,KARMAENG,51.054962823000004,KARMAENG,50.71,-,,50.882481411500002,Small Cap
3423,Mangalam Drugs and Organics Ltd.,INE584F01014,MANGALAM,50.822261992999998,MANGALAM,50.709000000000003,-,,50.765630996500001,Small Cap
3424,RAPID MULTIMODAL LOGISTICS LIMITED,INE0QA901010,RAPID,50.702299199999999,-,,-,,50.702299199999999,Small Cap
3425,Shiva Mills Limited,INE644Y01017,SHIVAMILLS,50.988107501000002,SHIVAMILLS,50.325800000000001,-,,50.656953750500001,Small Cap
3426,KAIZEN AGRO INFRABUILD LIMITED,INE891N01017,KAIZENAGRO,50.647520797000006,-,,-,,50.647520797000006,Small Cap
3427,Shreyas Intermediates Ltd.,INE115F01017,SHREYASI,50.597360438999999,-,,-,,50.597360438999999,Small Cap
3428,Kshitij Polyline Ltd.,INE013801027,-,-,KSHITIJPOL,50.511299999999999,-,,50.511299999999999,Small Cap
3429,ARC Finance Limited,INE202R01026,ARCFIN,50.474932332000002,-,,-,,50.474932332000002,Small Cap
3430,Jumbo Bag ltd.,INE699D01015,JUMBO,50.367735719000002,-,,-,,50.367735719000002,Small Cap
3431,AUSTERE SYSTEMS LIMITED,INE104201012,AUSTERE,50.278016231999999,-,,-,,50.278016231999999,Small Cap
3432,CLENON ENTERPRISES LIMITED,INE769B01028,CLENON,50.129728200000002,-,,-,,50.129728200000002,Small Cap
3433,Nanavati Ventures Limited,INE0E5R01017,NVENTURES,50.125367167,-,,-,,50.125367167,Small Cap
3434,Cranex Ltd.,INE608B01010,CRANEX,50.087169250000002,-,,-,,50.087169250000002,Small Cap
3435,N. E. Electronics Limited,INE955E01019,-,-,-,-,NEELEC,50.012459999999983,50.012459999999983,Small Cap
3436,EFORU ENTERTAINMENT LIMITED,INE355H01015,EFORU,49.996497650000002,-,,-,,49.996497650000002,Small Cap
3437,Lexus Granito (India) Ltd.,INE500X01013,-,-,LEXUS,49.995600000000003,-,,49.995600000000003,Small Cap
3438,Safa Systems & Technologies Limited,INE0JNA01014,SSTL,49.980493842999998,-,,-,,49.980493842999998,Small Cap
3439,Shree Pacetronix Ltd,INE847D01010,SHREEPAC,49.913244048000003,-,,-,,49.913244048000003,Small Cap
3440,Dangee Dums Ltd.,INE688Y01022,-,-,DANGEE,49.849400000000003,-,,49.849400000000003,Small Cap
3441,ESSEX MARINE LIMITED,INE1IBY01019,ESSEX,49.762641283000001,-,,-,,49.762641283000001,Small Cap
3442,Sacheta Metals Ltd.,INE433G01020,SACHEMT,49.729166667000001,-,,-,,49.729166667000001,Small Cap
3443,We Win Limited,INE082W01014,WEWIN,49.665782550000003,WEWIN,49.646700000000003,-,,49.656241274999999,Small Cap
3444,SEACOAST SHIPPING SERVICES LIMITED,INE277T01024,SEACOAST,49.55856,-,,-,,49.55856,Small Cap
3445,VEDAVAAG Systems Limited,INE359B01010,VEDAVAAG,49.552479699999999,-,,-,,49.552479699999999,Small Cap
3446,BIOGEN PHARMACHEM INDUSTRIES LIMITED,INE703D01023,BIOGEN,49.547890236000001,-,,-,,49.547890236000001,Small Cap
3447,Oriental Trimex Limited,INE998H01012,ORIENTALTL,49.570236713,ORIENTALTL,49.523099999999999,-,,49.5466683565,Small Cap
3448,Warren Tea Ltd.,INE712A01012,WARRENTEA,49.480212570999996,-,,-,,49.480212570999996,Small Cap
3449,Hardcastle & Waud Mfg. Co. Ltd.,INE722D01015,HARDCAS,49.298839710000003,-,,-,,49.298839710000003,Small Cap
3450,iSERA LIFESCIENCES LIMITED,INE899M01020,ISERA,49.117436124999998,-,,-,,49.117436124999998,Small Cap
3451,RAJNISH RETAIL LIMITED,INE786J01033,RRETAIL,49.092793749999998,-,,-,,49.092793749999998,Small Cap
3452,SHEKHAWATI INDUSTRIES LIMITED,INE268L01046,SHEKHAWATI,49.082120250000003,-,,-,,49.082120250000003,Small Cap
3453,Mantra Capital Limited,INE304E01010,MANTRA,49.059882324,-,,-,,49.059882324,Small Cap
3454,Shekhawati Industries Ltd.,INE268L01020,-,-,SHEKHAWATI,49.002000000000002,-,,49.002000000000002,Small Cap
3455,SARUP INDUSTRIES LIMITED,INE305D01019,SARUPINDUS,48.990630166999999,-,,-,,48.990630166999999,Small Cap
3456,Fortune International Ltd.,INE501D01013,FORINTL,48.916149333,-,,-,,48.916149333,Small Cap
3457,Mystic Electronics Limited,INE159O01033,MYSTICELE,48.877779175000001,-,,-,,48.877779175000001,Small Cap
3458,Acrow (India) Ltd.,INE950D01012,ACROW,48.864133332999998,-,,-,,48.864133332999998,Small Cap
3459,SSMD AGROTECH INDIA LIMITED,INE1U2R01013,SSMD,48.813921472000004,-,,-,,48.813921472000004,Small Cap
3460,TOYAM SPORTS LIMITED,INE457P01020,TOYAMSL,50.024333624999997,-,,TOYAMSL,47.530948602941173,48.777641113970589,Small Cap
3461,Superior Industrial Enterprises Limited,INE843L01012,SIEL,48.766773332999996,-,,-,,48.766773332999996,Small Cap
3462,Minal Industries Limited,INE097E01028,MINALIND,48.731570894999997,-,,-,,48.731570894999997,Small Cap
3463,Yuranus Infrastructure Ltd,INE156M01017,YURANUS,48.712416666999999,-,,-,,48.712416666999999,Small Cap
3464,Ravi Kumar Distilleries Limited,INE722J01012,RKDL,48.715400000000002,RKDL,48.603400000000001,-,,48.659400000000005,Small Cap
3465,GDL Leasing & Finance ltd.,INE545E01018,GDLLEAS,48.653164601999997,-,,-,,48.653164601999997,Small Cap
3466,Parsoli Corporation Ltd.,INE905D01016,PARSOLI,48.599444499999997,-,,-,,48.599444499999997,Small Cap
3467,Sam Industries Ltd.,INE653D01012,SAMINDUS,48.593186889000002,-,,-,,48.593186889000002,Small Cap
3468,Golden Tobacco Ltd.,INE973A01010,GOLDENTOBC,48.578429258,GOLDENTOBC,48.580800000000004,-,,48.579614629000005,Small Cap
3469,California Software Co. Ltd.,INE526B01014,CALSOFT,65.409180982000009,CALSOFT,31.3385,-,,48.373840491000003,Small Cap
3470,Cybele  Industries Limited,INE183D01010,CYBELEIND,48.354285693000001,-,,-,,48.354285693000001,Small Cap
3471,Palred Technologies Limited,INE218G01033,PALREDTEC,48.026583187,PALREDTEC,48.624899999999997,-,,48.325741593499998,Small Cap
3472,Rajnish Wellness Limited,INE685Z01033,RAJNISH,48.220553807000002,-,,-,,48.220553807000002,Small Cap
3473,SUPHA PHARMACHEM LIMITED,INE549S01036,SUPHA,48.186060877999999,-,,-,,48.186060877999999,Small Cap
3474,Chiraharit Limited,INE12P101018,CHIRAHARIT,48.180752900000002,-,,-,,48.180752900000002,Small Cap
3475,Ravileela Granites Limited,INE427E01027,RALEGRA,48.094403417000002,-,,-,,48.094403417000002,Small Cap
3476,Netlink Solutions (India) Ltd.,INE040F01033,NETLINK,47.932186049999999,-,,-,,47.932186049999999,Small Cap
3477,TARAPUR TRANSFORMERS LIMITED,INE747K01017,TARAPUR,47.940452043000001,TARAPUR,47.721200000000003,-,,47.830826021500002,Small Cap
3478,CCL International Ltd,INE778E01031,CCLINTER,47.795491718000001,-,,-,,47.795491718000001,Small Cap
3479,Rolcon Engineering Co. Ltd.,INE775R01013,ROLCOEN,47.7402345,-,,-,,47.7402345,Small Cap
3480,ACCELERATEBS INDIA LIMITED,INE0POP01017,ACCELERATE,47.570191700999999,-,,-,,47.570191700999999,Small Cap
3481,Rithwik Facility Management Services Limited,INE819Y01015,RITHWIKFMS,47.440199999999997,-,,-,,47.440199999999997,Small Cap
3482,Sita Enterprises LTD.,INE579D01019,SITAENT,47.421374999999998,-,,-,,47.421374999999998,Small Cap
3483,ERA Infra Engineering Ltd,INE039E01020,ERAINFRA,47.418719920000001,-,,-,,47.418719920000001,Small Cap
3484,Dhanlaxmi Fabrics Ltd.,INE953D01016,DHANFAB,47.368101055000004,-,,-,,47.368101055000004,Small Cap
3485,Celebrity Fashions Ltd.,INE185H01016,CELEBRITY,47.407219873999999,CELEBRITY,47.2423,-,,47.324759936999996,Small Cap
3486,Wires & Fabriks (SA) Ltd.,INE469D01013,WIREFABR,47.157300781000004,-,,-,,47.157300781000004,Small Cap
3487,REAL ECO-ENERGY LIMITED,INE055E01034,REALECO,47.139166667000005,-,,-,,47.139166667000005,Small Cap
3488,MALANKARA PLANTATIONS LIMITED,INE09SR01016,-,-,-,-,MPL,47.100092310000001,47.100092310000001,Small Cap
3489,Gujarat Cotex Ltd,INE004C01028,GUJCOTEX,47.035533293,-,,-,,47.035533293,Small Cap
3490,Mac Hotels Limited,INE004Z01011,MACH,46.972872650999996,-,,-,,46.972872650999996,Small Cap
3491,Axel Polymers Ltd.,INE197C01012,AXELPOLY,46.959510152,-,,-,,46.959510152,Small Cap
3492,Blue Coast Hotels Ltd,INE472B01011,BLUECOAST,47.297729418000003,BLUECOAST,46.536999999999999,-,,46.917364708999997,Small Cap
3493,India Home Loan Limited,INE274E01015,INDIAHOME,46.830231689000001,-,,-,,46.830231689000001,Small Cap
3494,Lakhani India Ltd.,INE935C01015,LAKHANI,46.81644,-,,-,,46.81644,Small Cap
3495,Roopshri Resorts Limited,INE03WT01017,ROOPSHRI,46.811554715,-,,-,,46.811554715,Small Cap
3496,Sri Chakra Cement Limited,INE827D01020,SRICC,46.66395,-,,-,,46.66395,Small Cap
3497,Sai Capital Ltd.,INE531X01018,SAICAPI,46.524209282999998,-,,-,,46.524209282999998,Small Cap
3498,Modipon Ltd.,INE170C01019,MODIPON,46.452332863999999,-,,-,,46.452332863999999,Small Cap
3499,VIJI FINANCE LIMITED,INE159N01027,VIJIFIN,46.491812500000002,VIJIFIN,46.349299999999999,-,,46.420556250000004,Small Cap
3500,Shalimar Productions Ltd.,INE435E01020,SHALPRO,46.361863542000002,-,,-,,46.361863542000002,Small Cap
3501,Sanathnagar Enterprises Limited,INE367E01033,SEL,46.331494699000004,-,,-,,46.331494699000004,Small Cap
3502,Swashthik Plascon Limited,INE0RDR01012,SPL,46.324094103,-,,-,,46.324094103,Small Cap
3503,KANISHK ALUMINIUM INDIA LIMITED,INE163401016,KANISHK,46.119706392000005,-,,-,,46.119706392000005,Small Cap
3504,SRIGEE DLM LIMITED,INE0RJ901010,SRIGEE,46.018224960000005,-,,-,,46.018224960000005,Small Cap
3505,Welcast Steels Ltd.,INE380G01015,ZWELCAST,45.873778043999998,-,,-,,45.873778043999998,Small Cap
3506,RAMINFO LIMITED,INE357B01022,RAMINFO,45.858331454000002,-,,-,,45.858331454000002,Small Cap
3507,Swastika Castal Limited,INE0PTF01017,SWASTIKAAL,45.797046533,-,,-,,45.797046533,Small Cap
3508,Vista Pharmaceuticals Ltd.,INE427C01021,VISTAPH,45.694596958999995,-,,-,,45.694596958999995,Small Cap
3509,Jindal Hotels Ltd.,INE726D01016,JINDHOT,45.674300000000002,-,,-,,45.674300000000002,Small Cap
3510,TAKYON NETWORKS LIMITED,INE14OX01013,TAKYON,45.640514150000001,-,,-,,45.640514150000001,Small Cap
3511,DANUBE INDUSTRIES LIMITED,INE575D01041,DANUBE,45.627693749999999,-,,-,,45.627693749999999,Small Cap
3512,Shantai Industries Limited,INE408F01024,SHANTAI,45.571375000000003,-,,-,,45.571375000000003,Small Cap
3513,AMBO AGRITEC LIMITED,INE0N6V01016,AMBOAGRI,45.459777705,-,,-,,45.459777705,Small Cap
3514,PAN HR SOLUTION LIMITED,INE1N9E01015,PANHR,45.397776499000003,-,,-,,45.397776499000003,Small Cap
3515,Key Corp Ltd,INE130F01016,KEYCORP,45.308300000000003,-,,-,,45.308300000000003,Small Cap
3516,Capital Trust Ltd.,INE707C01018,CAPTRUST,45.354669412999996,CAPTRUST,45.183700000000002,-,,45.269184706499999,Small Cap
3517,Nova Iron & Steel Ltd.,INE608C01026,NOVIS,45.234291318000004,-,,-,,45.234291318000004,Small Cap
3518,Manjeera Constructions Limited,INE320D01018,MANJEERA,45.030304800000003,-,,-,,45.030304800000003,Small Cap
3519,Solitaire Machine Tools Ltd,INE410A01013,SOLIMAC,44.979162799999997,-,,-,,44.979162799999997,Small Cap
3520,B2B Software Technologies Ltd.,INE151B01011,B2BSOFT,44.917858205000002,-,,-,,44.917858205000002,Small Cap
3521,Deep Health AI India Limited,INE005G01026,DEEPAI,44.915938750000002,-,,-,,44.915938750000002,Small Cap
3522,MARG TECHNO PROJECTS LIMITED,INE245H01018,MTPL,44.886787499999997,-,,MTPL,44.816787499999997,44.8517875,Small Cap
3523,Icon Facilitators Limited,INE0Y0E01012,ICON,44.743523860000003,-,,-,,44.743523860000003,Small Cap
3524,Nirmitee Robotics India Limited,INE0CPQ01010,NIRMITEE,44.738758920000002,-,,-,,44.738758920000002,Small Cap
3525,Jhandewalas Foods Limited,INE841Y01019,JFL,44.687155797999999,-,,-,,44.687155797999999,Small Cap
3526,Lippi Systems Ltd.,INE845B01018,LIPPISYS,44.605224999999997,-,,-,,44.605224999999997,Small Cap
3527,Futuristic Solutions Ltd.,INE241F01011,FUTSOL,44.522535918000003,-,,-,,44.522535918000003,Small Cap
3528,Manugraph India Ltd,INE867A01022,MANUGRAPH,44.518524786,MANUGRAPH,44.4131,-,,44.465812393,Small Cap
3529,Orient Beverages Ltd.,INE247F01018,ORIBEVER,44.434495875000003,-,,-,,44.434495875000003,Small Cap
3530,Integra Switchgear Ltd.,INE0IPL01018,INTEGSW,44.360708595999995,-,,-,,44.360708595999995,Small Cap
3531,GOGIA CAPITAL GROWTH LIMITED,INE832C01014,GOGIACAPGL,44.080706773999999,-,,-,,44.080706773999999,Small Cap
3532,Lee & Nee Softwares (Exports) Ltd.,INE791B01014,LEENEE,44.076333067,-,,-,,44.076333067,Small Cap
3533,Ind Bank Housing Ltd,INE969D01012,INDBNK,44.069499999999998,-,,-,,44.069499999999998,Small Cap
3534,Vasundhara Rasayans Ltd.,INE406F01010,VRL,44.061240550000001,-,,-,,44.061240550000001,Small Cap
3535,Mask Investments Ltd.,INE885F01015,-,-,MASKINVEST,44.055999999999997,-,,44.055999999999997,Small Cap
3536,Akash infra projects ltd.,INE737W01013,-,-,AKASH,44.044699999999999,-,,44.044699999999999,Small Cap
3537,GOLDLINE PHARMACEUTICAL LIMITED,INE1CLW01015,GLPL,44.035531033999995,-,,-,,44.035531033999995,Small Cap
3538,Artefact Projects Ltd,INE885B01014,ARTEFACT,43.996775,-,,-,,43.996775,Small Cap
3539,Sambandam Spinning Mills Ltd.,INE304D01012,SAMBANDAM,43.980571032,-,,-,,43.980571032,Small Cap
3540,N.G.Industries Ltd.,INE825C01018,NGIND,43.968890707999996,-,,-,,43.968890707999996,Small Cap
3541,Sri KPR Industries Ltd,INE009C01019,SRIKPRIND,43.933395894,-,,-,,43.933395894,Small Cap
3542,Capfin India Limited,INE960C01013,CAPFIN,43.881655220999995,-,,-,,43.881655220999995,Small Cap
3543,Continental Securities Limited,INE183Q01020,CSL,43.802901275000004,-,,-,,43.802901275000004,Small Cap
3544,Kiduja  India  Ltd,INE845A01028,KIDUJA,43.757800000000003,-,,-,,43.757800000000003,Small Cap
3545,Nam Securities Ltd.,INE792G01011,NAM,43.6948808,-,,-,,43.6948808,Small Cap
3546,Simplex Realty Limited,INE167H01014,SIMPLXREA,43.56262358,-,,-,,43.56262358,Small Cap
3547,M.M. Rubber Company Ltd.,INE159E01026,MMRUBBR-B,43.528254838999999,-,,-,,43.528254838999999,Small Cap
3548,Bodhtree Consulting Limited,INE104F01029,BODHTREE,43.444518819999999,-,,-,,43.444518819999999,Small Cap
3549,STANBIK AGRO LIMITED,INE16QA01011,STANBIK,43.329848514999995,-,,-,,43.329848514999995,Small Cap
3550,Abram Food Limited,INE0ZDY01011,ABRFL,43.311896699999998,-,,-,,43.311896699999998,Small Cap
3551,U. H. ZAVERI LIMITED,INE556Z01010,UHZAVERI,43.278881849999998,-,,-,,43.278881849999998,Small Cap
3552,Pratik Panels Ltd.,INE206C01029,PRATIK,43.246504799999997,-,,-,,43.246504799999997,Small Cap
3553,SVP GLOBAL TEXTILES LIMITED,INE308E01029,SVPGLOB,43.503349999999998,SVPGLOB,42.727499999999999,-,,43.115425000000002,Small Cap
3554,HELLOJI HOLIDAYS LIMITED,INE1FJE01010,HELLOJI,43.013629167000005,-,,-,,43.013629167000005,Small Cap
3555,SAMPAT ALUMINIUM LIMITED,INE10XS01012,SAMPAT,42.972461535000001,-,,-,,42.972461535000001,Small Cap
3556,Srestha Finvest Limited,INE606K01049,SRESTHA,43.46,-,,SRESTHA,42.46,42.96,Small Cap
3557,Promax Power Limited,INE0I2F01015,PROMAX,42.931666667000002,-,,-,,42.931666667000002,Small Cap
3558,Standard Surfactants Ltd.,INE307D01015,STDSFAC,42.905104973,-,,-,,42.905104973,Small Cap
3559,Austin Engineering Co. Ltd.,INE759F01012,AUSTENG,42.876868786999999,-,,-,,42.876868786999999,Small Cap
3560,GOKAK TEXTILES LTD.,INE642I01014,GOKAKTEX,42.861311432999997,-,,-,,42.861311432999997,Small Cap
3561,Rollatainters Ltd.,INE927A01040,ROLLT,42.913970333000002,ROLLT,42.774299999999997,-,,42.844135166499996,Small Cap
3562,Polylink Polymers (india) Ltd.,INE323D01020,POLYLINK,42.823526313000002,-,,-,,42.823526313000002,Small Cap
3563,Metal Coatings (India) Ltd.,INE161E01014,METALCO,42.813606289999996,-,,-,,42.813606289999996,Small Cap
3564,Valecha Engineering Ltd.,INE624C01015,VALECHAENG,42.807047500000003,-,,-,,42.807047500000003,Small Cap
3565,National Plastic Industries Ltd.,INE233D01013,NATPLAS,42.806107680000004,-,,-,,42.806107680000004,Small Cap
3566,PCS Technology Ltd.,INE834B01012,PCS,42.778139832000001,-,,-,,42.778139832000001,Small Cap
3567,Arex Industries Ltd.,INE480H01011,AREXMIS,42.699235262000002,-,,-,,42.699235262000002,Small Cap
3568,Central Provinces Railways Co. Ltd.,INE631B01038,CENTPROV,42.697200000000002,-,,-,,42.697200000000002,Small Cap
3569,Veerhealth Care Limited,INE882C01035,VEERHEALTH,42.514926781999996,-,,-,,42.514926781999996,Small Cap
3570,Tamilnadu Telecommunications Ltd.,INE141D01018,TNTELE,42.507693199999999,TNTELE,42.305,-,,42.406346599999999,Small Cap
3571,Mudunuru Limited,INE491C01027,MUDUNURU,42.346411332999999,-,,-,,42.346411332999999,Small Cap
3572,KMS Medisurgi Limited,INE870V01014,KMSMEDI,42.316724999999998,-,,-,,42.316724999999998,Small Cap
3573,KRETTO SYSCON LIMITED,INE128R01023,KRETTOSYS,42.294529541000003,-,,-,,42.294529541000003,Small Cap
3574,PANTH INFINITY LIMITED,INE945O01019,PANTH,42.243708009999999,-,,-,,42.243708009999999,Small Cap
3575,Murae Organisor Limited,INE060601031,MURAE,42.243414807999997,-,,-,,42.243414807999997,Small Cap
3576,BSEL ALGO LIMITED,INE395A01016,BSELALGO,42.090731591000001,-,,-,,42.090731591000001,Small Cap
3577,PRABHATAM INFRA VENTURE LIMITED,INE265C01025,PRABHATAM,42.039506479000003,-,,-,,42.039506479000003,Small Cap
3578,Madhusudan Securities Ltd,INE856D01011,MADHUSE,42.011289323,-,,-,,42.011289323,Small Cap
3579,HB Stockholdings Ltd.,INE550B01022,HBSL,42.166648195999997,HBSL,41.7468,-,,41.956724097999995,Small Cap
3580,Sagardeep Alloys Ltd.,INE976T01013,-,-,SAGARDEEP,41.951000000000001,-,,41.951000000000001,Small Cap
3581,RUPAREL FOOD PRODUCTS LIMITED,INE239B01014,RFL,41.907751832999999,-,,-,,41.907751832999999,Small Cap
3582,Lakshmi Finance & Industrial Corporation Ltd.,INE850E01012,-,-,LFIC,41.856699999999996,-,,41.856699999999996,Small Cap
3583,Sainik Finance and Industries Ltd,INE584B01013,SAINIK,41.822085332999997,-,,-,,41.822085332999997,Small Cap
3584,H.P. Cotton Textile Mills Ltd.,INE950C01014,HPCOTTON,41.785249467,-,,-,,41.785249467,Small Cap
3585,Prime Property Development Corporation Ltd.,INE233C01023,PRIMEPRO,41.723965882999998,-,,-,,41.723965882999998,Small Cap
3586,Saven Technologies Ltd.,INE856B01023,7TEC,41.703499145999999,-,,-,,41.703499145999999,Small Cap
3587,Keerthi Industries Ltd,INE145L01012,KEERTHI,41.665392406999999,-,,-,,41.665392406999999,Small Cap
3588,ANUPAM FINSERV LIMITED,INE069B01023,ANUPAM,41.579695423000004,-,,-,,41.579695423000004,Small Cap
3589,Ambica Agarbathies & Aroma Ind. Ltd.,INE792B01012,AMBICAAGAR,41.494586310000003,AMBICAAGAR,41.439799999999998,-,,41.467193155000004,Small Cap
3590,AD-Manum Finance Ltd,INE556D01017,ADMANUM,41.363124999999997,-,,-,,41.363124999999997,Small Cap
3591,Mapro Industries Ltd,INE848M01019,MAPROIN,41.332163567000002,-,,-,,41.332163567000002,Small Cap
3592,Nettlinx Ltd.,INE027D01019,NETTLINX,41.701855793999997,-,,NETTLINX,40.959549911921563,41.330702852960783,Small Cap
3593,Rasi Electrodes Ltd.,INE822D01021,RASIELEC,41.269444429000004,-,,-,,41.269444429000004,Small Cap
3594,Jagan Lamps Ltd.,INE144C01014,JAGANLAM,41.180885233999994,-,,-,,41.180885233999994,Small Cap
3595,Lasa Supergenerics Limited,INE670X01014,LASA,41.208269077999994,LASA,41.118899999999996,-,,41.163584538999999,Small Cap
3596,Sharma East India Hospitals And Res,INE465H01012,SHARMEH,41.142137486999999,-,,-,,41.142137486999999,Small Cap
3597,SVC INDUSTRIES LIMITED,INE038B01010,SVCIND,41.068768761999998,-,,-,,41.068768761999998,Small Cap
3598,LERTHAI FINANCE LIMITED,INE347D01011,LERTHAI,41.050770833000001,-,,-,,41.050770833000001,Small Cap
3599,HEALTHY LIFE AGRITEC LIMITED,INE0L3501015,HEALTHYLIFE,40.997281133000001,-,,-,,40.997281133000001,Small Cap
3600,Mahip Industries Limited,INE00CX01017,MAHIP,40.890577661999998,-,,-,,40.890577661999998,Small Cap
3601,Glance Finance Ltd.,INE580D01017,GLANCE,40.846641342000005,-,,-,,40.846641342000005,Small Cap
3602,Rose Merc.Limited,INE649C01012,ROSEMER,40.764993511,-,,-,,40.764993511,Small Cap
3603,Vaxfab Enterprises Limited,INE560T01015,VEL,40.648719999999997,-,,-,,40.648719999999997,Small Cap
3604,Salem Erode Investments Ltd.,INE894E01028,SALEM,40.558703724000004,-,,-,,40.558703724000004,Small Cap
3605,ABM International Ltd.,INE251C01025,-,-,ABMINTLLTD,40.551499999999997,-,,40.551499999999997,Small Cap
3606,Manoj Jewellers Limited,INE0MV001018,MANOJJEWEL,40.548095631000002,-,,-,,40.548095631000002,Small Cap
3607,IEC Education Limited,INE172B01017,IECEDU,40.410896167000004,-,,-,,40.410896167000004,Small Cap
3608,Aro Granite Industries Ltd.,INE210C01013,AROGRANITE,40.295227500000003,AROGRANITE,40.411299999999997,-,,40.353263749999996,Small Cap
3609,AGS TRANSACT TECHNOLOGIES LIMITED,INE583L01014,AGSTRA ,40.387921298999998,AGSTRA,40.224200000000003,-,,40.306060649499997,Small Cap
3610,HOMRE LIMITED,INE982C01033,HOM,40.136175973,-,,-,,40.136175973,Small Cap
3611,Archidply Decor Limited,INE0CHO01012,ADL,40.332166176999998,ADL,39.885199999999998,-,,40.108683088500001,Small Cap
3612,K.G.Denim Ltd,INE104A01012,KGDENIM,40.07405696,-,,-,,40.07405696,Small Cap
3613,Zodiac-JRD-MKJ Ltd.,INE077B01018,ZODJRDMKJ,39.950177437999997,-,,-,,39.950177437999997,Small Cap
3614,Mohit Paper Mills Ltd.,INE388C01017,MOHITPPR,39.889150000000001,-,,-,,39.889150000000001,Small Cap
3615,GTN Industries Limited,INE537A01013,GTNINDS,39.886527231999999,-,-,-,,39.886527231999999,Small Cap
3616,Relic Technologies Ltd.,INE452B01013,RELICTEC,39.846229737000002,-,,-,,39.846229737000002,Small Cap
3617,B&A Packaging India Limited,INE00FM01013,BAPACK,39.814162917000004,-,,-,,39.814162917000004,Small Cap
3618,Sugal & Damani Share Brokers Ltd.,INE309D01011,SUGALDAM,39.751502854999998,-,,-,,39.751502854999998,Small Cap
3619,Diana Tea Co.Ltd.,INE012E01035,DIANATEA,39.672682100000003,-,,-,,39.672682100000003,Small Cap
3620,Incap Ltd,INE437C01012,INCAP,39.552471437000001,-,,-,,39.552471437000001,Small Cap
3621,KSS Limited,INE216D01026,KSERASERA,39.508340459999999,-,,-,,39.508340459999999,Small Cap
3622,MKP Mobility Limited,INE676G01024,MKPMOB,39.315958158999997,-,,-,,39.315958158999997,Small Cap
3623,DMR ENGINEERING LIMITED,INE07L501010,DMR,39.285235950999997,-,,-,,39.285235950999997,Small Cap
3624,N.K.Industries Ltd.,INE542C01019,NKIND,39.632485880000004,NKIND,38.865099999999998,-,,39.248792940000001,Small Cap
3625,Classic Leasing & Finance Ltd.,INE949C01016,CLFL,39.116355477999996,-,,-,,39.116355477999996,Small Cap
3626,RATHI BARS LIMITED,INE575I01016,RATHIBAR,39.068337827999997,-,,-,,39.068337827999997,Small Cap
3627,Panjon Ltd.,INE744D01019,PANJON,39.063314345999999,-,,-,,39.063314345999999,Small Cap
3628,Country Condo's Ltd,INE695B01025,COUNCODOS,39.072180482999997,COUNCODOS,38.935099999999998,-,,39.003640241499994,Small Cap
3629,Alfa Transformers ltd.,INE209C01015,ALFATRAN,38.876362772,-,,-,,38.876362772,Small Cap
3630,USG Tech Solutions Ltd,INE718B01017,USGTECH,38.827595174999999,-,,-,,38.827595174999999,Small Cap
3631,Gothi Plascon (India) Ltd.,INE538G01018,GOTHIPL,38.703049999999998,-,,-,,38.703049999999998,Small Cap
3632,Orient Tradelink Ltd.,INE681D01039,ORIENTTR,38.543659242000004,-,,-,,38.543659242000004,Small Cap
3633,Relicab Cable Manufacturing Limited,INE773T01014,RELICAB,38.521061948000003,-,,-,,38.521061948000003,Small Cap
3634,Picturehouse Media Limited,INE448B01029,PICTUREHS,38.476464582999995,-,,-,,38.476464582999995,Small Cap
3635,Ganga Forging Ltd.,INE691Z01023,-,-,GANGAFORGE,38.465800000000002,-,,38.465800000000002,Small Cap
3636,Shiva Global Agro Industries Limited,INE960E01019,SHIVAAGRO,38.448983525000003,-,,-,,38.448983525000003,Small Cap
3637,Indobell Insulations Limited,INE0FK501019,INDOBELL,38.424929736000003,-,,-,,38.424929736000003,Small Cap
3638,DINDIGUL FARM PRODUCT LIMITED,INE0S6R01027,DFPL,38.418503614999999,-,,-,,38.418503614999999,Small Cap
3639,SIMANDHAR IMPEX LIMITED,INE0VI201010,SIMANDHAR,38.354320898000005,-,,-,,38.354320898000005,Small Cap
3640,Madhucon Projects Ltd.,INE378D01032,MADHUCON,38.288504619000001,MADHUCON,38.283000000000001,-,,38.285752309499998,Small Cap
3641,Umiya Tubes Limited,INE173U01015,UMIYA,38.224340650999999,-,,-,,38.224340650999999,Small Cap
3642,Roopa Industries Ltd.,INE443C01010,ROOPAIND,38.205911301999997,-,,-,,38.205911301999997,Small Cap
3643,Sudal Industries Limited,INE618D01015,SUDAI,38.137483726999996,-,,-,,38.137483726999996,Small Cap
3644,GENUS PRIME INFRA LIMITED,INE256D01014,GENUSPRIME,38.122376533999997,-,,-,,38.122376533999997,Small Cap
3645,Ajcon Global Services Ltd.,INE759C01027,AJCON,38.112080933000001,-,,-,,38.112080933000001,Small Cap
3646,Welcure Drugs & Pharmaceuticals ltd,INE331C01025,WELCURE,38.025760153,-,,-,,38.025760153,Small Cap
3647,Eureka Industries Ltd.,INE958A01011,EUREKAI,38.018749999999997,-,,-,,38.018749999999997,Small Cap
3648,Bhanderi Infracon Limited,INE336Q01016,BHANDERI,37.990421832999999,-,,-,,37.990421832999999,Small Cap
3649,Rex Sealing and Packing Industries Limited,INE0MFT01014,REXSEAL,37.972332367,-,,-,,37.972332367,Small Cap
3650,Diligent Media Corporation Limited,INE016M01021,DNAMEDIA,37.951026804000001,DNAMEDIA,37.967700000000001,-,,37.959363402000001,Small Cap
3651,CMX HOLDINGS LIMITED,INE027F01014,CMXLTD,37.914505902999998,-,,-,,37.914505902999998,Small Cap
3652,AKG Exim Ltd.,INE00Y801016,-,-,AKG,37.818100000000001,-,,37.818100000000001,Small Cap
3653,Kalyan Capitals Limited,INE149Q01021,KALYANCAP,37.758672931999996,-,,-,,37.758672931999996,Small Cap
3654,EAST WEST FREIGHT CARRIERS LTD,INE595R01023,EASTWEST,37.742000625000003,-,,-,,37.742000625000003,Small Cap
3655,Bohra Industries Ltd.,INE802W01023,-,-,BOHRAIND,37.707599999999999,-,,37.707599999999999,Small Cap
3656,Ashoka Metcast Limited,INE760Y01011,ASHOKAMET,37.771872199999997,ASHOKAMET,37.618600000000001,-,,37.695236100000002,Small Cap
3657,SPINAROO COMMERCIAL LIMITED,INE10XX01012,SPINAROO,37.685653633000001,-,,-,,37.685653633000001,Small Cap
3658,North Eastern Publishing And Advertising Co Ltd,INE930E01012,-,-,-,-,NEPACL,37.670579999999994,37.670579999999994,Small Cap
3659,Twentyfirst Century Management Serv,INE253B01015,21STCENMGM,37.990575,21STCENMGM,37.344700000000003,-,,37.667637499999998,Small Cap
3660,Contil India Limited,INE080G01029,CONTILI,37.592834132999997,-,,-,,37.592834132999997,Small Cap
3661,Kailash Auto Finance Ltd,INE410O01022,KAILASH,37.571845312000001,-,,-,,37.571845312000001,Small Cap
3662,HARSHIL AGROTECH LIMITED,INE098E01026,HARSHILAGR,37.5091325,-,,-,,37.5091325,Small Cap
3663,Tatia Global Vennture Limited,INE083G01031,TATIAGLOB,37.469092500000002,-,,-,,37.469092500000002,Small Cap
3664,Seya Industries Ltd,INE573R01012,SEYAIND,37.764929923000004,SEYAIND,36.903399999999998,-,,37.334164961500001,Small Cap
3665,P.B.M. Polytex Ltd.,INE501F01018,PBMPOLY,37.271275586999998,-,,-,,37.271275586999998,Small Cap
3666,CENTUPLE GLOBAL LIMITED,INE396H01019,CENTUPLE,37.256484852999996,-,,-,,37.256484852999996,Small Cap
3667,Poona Dal And Oil Industries Ltd.,INE809E01018,POONADAL,37.214685433,-,,-,,37.214685433,Small Cap
3668,Rasandik Engg. Industries India Ltd,INE682D01011,RASANDIK,37.160068542000005,-,,-,,37.160068542000005,Small Cap
3669,PACE E-COMMERCE VENTURES LIMITED,INE0N1L01018,PACE,37.056544973999998,-,,-,,37.056544973999998,Small Cap
3670,Vantage Knowledge Academy Limited,INE427T01025,VKAL,37.010198750000001,-,,-,,37.010198750000001,Small Cap
3671,National Oxygen Ltd.,INE296D01010,NOL,36.998079738999998,-,,-,,36.998079738999998,Small Cap
3672,Credifin Limited,INE405N01016,-,-,-,-,CRED,36.995207999999991,36.995207999999991,Small Cap
3673,Fine-line Circuits Ltd.,INE087E01011,FINELINE,36.967186749,-,,-,,36.967186749,Small Cap
3674,Super Crop Safe Ltd.,INE366G01022,SUCROSA,36.913894913,-,,-,,36.913894913,Small Cap
3675,Mittal Sections Limited,INE833Q01012,MITTALSTL,36.773564479000001,-,,-,,36.773564479000001,Small Cap
3676,IMEC SERVICES LIMITED,INE611C01020,IMEC,36.764129167,-,,-,,36.764129167,Small Cap
3677,Sandu Pharmaceuticals Ltd.,INE751D01014,SANDUPHQ,36.695257808999997,-,,-,,36.695257808999997,Small Cap
3678,Siti Networks Limited,INE965H01011,SITINET,42.730599645999995,SITINET,30.4419,-,,36.586249822999996,Small Cap
3679,Travels & rentals Limited,INE0SG001011,TRAVELS,36.563039644,-,,-,,36.563039644,Small Cap
3680,Akshar Spintex Limited,INE256Z01025,AKSHAR,36.748530000000002,AKSHAR,36.335099999999997,-,,36.541815,Small Cap
3681,SAMSRITA LABS LIMITED,INE579N01018,SAMSRITA,38.067848067,-,,SAMSRITA,34.941658750833334,36.50475340891667,Small Cap
3682,TRANS INDIA HOUSE IMPEX LIMITED,INE502D01011,TIHIL,36.449083899999998,-,,-,,36.449083899999998,Small Cap
3683,PECOS Hotels And Pubs Limited,INE484S01010,PECOS,36.337624422000005,-,,-,,36.337624422000005,Small Cap
3684,GSS Infotech Ltd,INE871H01011,GSS,36.305480110000005,GSS,36.2789,-,,36.292190055000006,Small Cap
3685,TCM Ltd.,INE034F01010,TCMLMTD,36.207257278,-,,-,,36.207257278,Small Cap
3686,JBF Industries Ltd.,INE187A01017,JBFIND,36.187357257999999,-,,-,,36.187357257999999,Small Cap
3687,Avax Apparels and Ornaments Limited,INE0NQ401024,AVAX,36.129852348,-,,-,,36.129852348,Small Cap
3688,Amit Securities Ltd.,INE137E01014,AMITSEC,36.073324999999997,-,,-,,36.073324999999997,Small Cap
3689,Chandra Prabhu International Ltd.,INE368D01025,CHANDRAP,36.036316624999998,-,,-,,36.036316624999998,Small Cap
3690,Anjani Synthetics Limited,INE364D01032,ANJANI,36.011633332999999,-,,-,,36.011633332999999,Small Cap
3691,Enbee Trade & Finance Ltd.,INE993I01029,ENBETRD,35.873272342,-,,-,,35.873272342,Small Cap
3692,Shri Niwas Leasing and Finance Limited,INE201F01015,SHRINIWAS,35.741660369000002,-,,-,,35.741660369000002,Small Cap
3693,Shreeshay Engineers Limited,INE452Z01012,SHREESHAY,35.729269801999997,-,,-,,35.729269801999997,Small Cap
3694,Kay Power And Paper Ltd,INE961B01013,KAYPOWR,35.701109667000004,-,,-,,35.701109667000004,Small Cap
3695,ABC India Ltd.,INE125D01011,ABCINDQ,35.687008958999996,-,,-,,35.687008958999996,Small Cap
3696,PARLE INDUSTRIES LIMITED,INE272G01014,PARLEIND,35.604767000000002,-,,-,,35.604767000000002,Small Cap
3697,Suryaamba Spinning Mills Limited,INE360J01011,SURYAAMBA,35.583660520000002,-,,-,,35.583660520000002,Small Cap
3698,SHINING TOOLS LIMITED,INE0D8001018,SHTL,35.466804047000004,-,,-,,35.466804047000004,Small Cap
3699,Nuway Organic Naturals (India) Ltd.,INE414L01012,NUWAY,35.464500000000001,-,,-,,35.464500000000001,Small Cap
3700,Simbhaoli Sugars Ltd,INE748T01016,SIMBHALS,35.442510563999996,SIMBHALS,35.4559,-,,35.449205281999994,Small Cap
3701,Aritas Vinyl Limited,INE1D8001016,ARITAS,35.424435589999995,-,,-,,35.424435589999995,Small Cap
3702,ARYAVAN ENTERPRISE LIMITED,INE360S01012,ARYAVAN,35.417197019,-,,-,,35.417197019,Small Cap
3703,ATMA INDUSTRIES LIMITED,INE805R01018,ATMAIND,35.374958332999995,-,,-,,35.374958332999995,Small Cap
3704,PARMESHWARI SILK MILLS LIMITED,INE808R01012,PARMSILK,35.334276152999998,-,,-,,35.334276152999998,Small Cap
3705,TIRUPATI FOAM LIMITED,INE115G01015,TIRUFOAM,35.294157275000003,-,,-,,35.294157275000003,Small Cap
3706,Grand Foundry Ltd.,INE534A01028,GFSTEELS,33.140298667000003,GFSTEELS,37.320099999999996,-,,35.230199333499996,Small Cap
3707,Taparia Tools Ltd.,INE614R01014,TAPARIA,35.230131729,-,,-,,35.230131729,Small Cap
3708,Gujarat Petrosynthese Ltd.,INE636P01011,GUJPETR,35.133814673000003,-,,-,,35.133814673000003,Small Cap
3709,D.S.Kulkarni Developers Ltd,INE891A01022,DSKULKARNI,35.089370880000004,-,,-,,35.089370880000004,Small Cap
3710,Walchand Peoplefirst Limited,INE695D01021,WALCHPF,34.987228275999996,-,,-,,34.987228275999996,Small Cap
3711,Birla Cotsyn (India) Limited,INE655I01024,BIRLACOT,34.92541585,-,,-,,34.92541585,Small Cap
3712,Ushdev International Ltd,INE981D01025,USHDI,34.864882000000001,-,,-,,34.864882000000001,Small Cap
3713,Lex Nimble Solutions Limited,INE860Y01019,LEX,34.84404,-,,-,,34.84404,Small Cap
3714,Galactico Corporate Services Limited,INE906Y01028,GALACTICO,34.674601068000001,-,,-,,34.674601068000001,Small Cap
3715,ANG Lifesciences India Limited,INE236W01016,ANG,34.668446156000002,-,,-,,34.668446156000002,Small Cap
3716,GCCL Infrastructure & Projects Ltd.,INE438F01013,GCCLINP,34.651735000000002,-,,-,,34.651735000000002,Small Cap
3717,Purbanchal Prestressed Limited,INE931E01010,-,-,-,-,PURBANCHAL,34.572752500000007,34.572752500000007,Small Cap
3718,Swasti Vinayaka Synthetics Ltd.,INE804A01025,SWASTIVI,34.569749999999999,-,,-,,34.569749999999999,Small Cap
3719,Khyati Global Ventures Limited,INE0S9501014,KGVL,34.530022983999999,-,,-,,34.530022983999999,Small Cap
3720,Marble Finvest Limited,INE476K01013,-,-,-,-,MARBLE,34.525664999999982,34.525664999999982,Small Cap
3721,Camex  Ltd.,INE198C01010,CAMEXLTD,34.515954989999997,-,,-,,34.515954989999997,Small Cap
3722,TUSALDAH LIMITED,INE319M01011,TUSALDAH,34.495875458,-,,-,,34.495875458,Small Cap
3723,Bervin Investments And Leasing Ltd.,INE348I01018,BERVINL,34.479506186999998,-,,-,,34.479506186999998,Small Cap
3724,SWOJAS FOODS LIMITED,INE295B01016,SWOJAS,34.458600781000001,-,,-,,34.458600781000001,Small Cap
3725,Pankaj Polymers Ltd.,INE698B01011,PANKAJPO,34.419487947,-,,-,,34.419487947,Small Cap
3726,Nagreeka Capital & Infrastructure Limited,INE245I01016,NAGREEKCAP,34.542268313000001,NAGREEKCAP,34.1541,-,,34.348184156499997,Small Cap
3727,Jolly Plastic Industries Ltd.,INE289M01016,JOLYPLS,34.330561769999996,-,,-,,34.330561769999996,Small Cap
3728,S.P.Capital Financing Ltd.,INE102F01015,SPCAPIT,34.276955047000001,-,,-,,34.276955047000001,Small Cap
3729,Innovatus Entertainment Networks Limited,INE0LYO01018,INNOVATUS,34.251739039999997,-,,-,,34.251739039999997,Small Cap
3730,Sunil Industries Ltd.,INE124M01015,SUNILTX,34.196190000000001,-,,-,,34.196190000000001,Small Cap
3731,Informed Technologies India Ltd.,INE123E01014,INFORTEC,34.179393560000001,-,,-,,34.179393560000001,Small Cap
3732,Arshiya Limited,INE968D01022,ARSHIYA,34.146478584,ARSHIYA,33.926900000000003,-,,34.036689292000005,Small Cap
3733,Innovative Tech Pack Ltd,INE965C01038,INNOVTEC,34.030730833,-,,-,,34.030730833,Small Cap
3734,Mohit Industries Limited,INE954E01012,MOHITIND,34.107367872000005,MOHITIND,33.944099999999999,-,,34.025733936000002,Small Cap
3735,Medi-Caps Ltd.,INE442D01010,MEDICAPQ,33.983020175,-,,-,,33.983020175,Small Cap
3736,Asahi Industries Limited,INE745I01015,ASAHIIND,33.819258968,-,,-,,33.819258968,Small Cap
3737,NEWTRAC FOODS & BEVERAGES LIMITED,INE229N01010,NEWTRAC,33.690719999999999,-,,-,,33.690719999999999,Small Cap
3738,Sahara One Media And Entertainment Limited,INE479B01016,SAHARA,33.686624999999999,-,,-,,33.686624999999999,Small Cap
3739,Padam Cotton Yarns Ltd.,INE448D01025,PADAMCO,33.636789833000002,-,,-,,33.636789833000002,Small Cap
3740,Franklin Industries Limited,INE789R01022,FRANKLININD,33.611466667000002,-,,-,,33.611466667000002,Small Cap
3741,Citadel Realty And Developers Limited,INE906D01014,CITADEL,33.548773375000003,-,,-,,33.548773375000003,Small Cap
3742,Operational Energy Group India Limited,INE239V01012,-,-,-,-,OEGIL,33.517425999999979,33.517425999999979,Small Cap
3743,Gem Spinners India Ltd,INE165F01020,GEMSPIN,33.494274976,-,,-,,33.494274976,Small Cap
3744,PROSPECT CONSUMER PRODUCTS LIMITED,INE0OKG01017,PCL,33.477339692000001,-,,-,,33.477339692000001,Small Cap
3745,Apollo Ingredients Limited,INE314N01028,APOLLOIN,33.342573332999997,-,,-,,33.342573332999997,Small Cap
3746,Globtier Infotech limited,INE12P601017,GLOBTIER,33.299276589999998,-,,-,,33.299276589999998,Small Cap
3747,Logiciel Solutions Limited,INE1BA901016,LOGICIEL,33.28915997,-,,-,,33.28915997,Small Cap
3748,MARC LOIRE FASHIONS LIMITED,INE0TBQ01014,MARCLOIRE,33.169247499999997,-,,-,,33.169247499999997,Small Cap
3749,Madhav Marbles & Granites Ltd.,INE925C01016,MADHAV,33.121719442,MADHAV,33.099899999999998,-,,33.110809720999995,Small Cap
3750,Centenial Surgical Suture Ltd.,INE405H01018,CSURGSU,33.089594560000002,-,,-,,33.089594560000002,Small Cap
3751,SPARKLE GOLD ROCK LIMITED,INE618F01010,SPARKLEGR,33.076694248000003,-,,-,,33.076694248000003,Small Cap
3752,INFONATIVE SOLUTIONS LIMITED,INE12IB01015,INFONATIVE,33.036997910000004,-,,-,,33.036997910000004,Small Cap
3753,Super Spinning Mills Ltd.,INE662A01027,SUPERSPIN,33.111833333,SUPERSPIN,32.946800000000003,-,,33.029316666500002,Small Cap
3754,Eighty Jewellers Limited,INE0KSN01014,EIGHTY,32.985365317999999,-,,-,,32.985365317999999,Small Cap
3755,Pearl Green Clubs and Resorts Limited,INE0GTX01019,PGCRL,32.913159767000003,-,,-,,32.913159767000003,Small Cap
3756,GB Logistics Commerce Limited,INE0RWU01016,GBLOGISTIC,32.872779310000006,-,,-,,32.872779310000006,Small Cap
3757,Silver Oak (India) Ltd.,INE870J01019,SILVOAK,32.733177919999996,-,,-,,32.733177919999996,Small Cap
3758,CHENNAI FERROUS INDUSTRIES LIMITED,INE777O01016,CHENFERRO,32.717497404,-,,-,,32.717497404,Small Cap
3759,Kanel Industries Limited,INE252C01023,KANELIND,32.683482675,-,,-,,32.683482675,Small Cap
3760,Tree House Education & Accessories Limited,INE040M01013,TREEHOUSE,33.032687406000001,TREEHOUSE,32.910699999999999,TREEHOUSE,31.964507548941175,32.63596498498039,Small Cap
3761,KANCO TEA & INDUSTRIES LIMITED,INE398L01017,KANCOTEA,32.632578750999997,-,,-,,32.632578750999997,Small Cap
3762,GITA RENEWABLE ENERGY LIMITED,INE776O01018,GITARENEW,32.582132438000002,-,,-,,32.582132438000002,Small Cap
3763,Bombay Potteries & Tiles Ltd.,INE06AE01018,BOMBPOT,32.568899999999999,-,,-,,32.568899999999999,Small Cap
3764,Sarda Proteins Ltd,INE995U01011,SRDAPRT,32.543078381999997,-,,-,,32.543078381999997,Small Cap
3765,Soni Medicare Limited,INE848R01018,SML,32.536353447000003,-,,-,,32.536353447000003,Small Cap
3766,Dynamic Industries Ltd.,INE457C01010,DYNAMIND,32.532500325000001,-,,-,,32.532500325000001,Small Cap
3767,El Forge Ltd.,INE158F01017,ELFORGE,32.518547662000003,-,,-,,32.518547662000003,Small Cap
3768,Premier Energy and Infrastructure  Limited,INE429K01012,PEIL,32.511484674999998,-,,-,,32.511484674999998,Small Cap
3769,CITY CROPS AGRO LIMITED,INE0M7501019,CCAL,32.457842883999994,-,,-,,32.457842883999994,Small Cap
3770,Angel Fibers Limited,INE339Z01011,ANGEL,32.439791667000001,-,,-,,32.439791667000001,Small Cap
3771,MAGNUS STEEL AND INFRA LIMITED,INE898E01011,MAGNUS,32.334935710000003,-,,-,,32.334935710000003,Small Cap
3772,Gini Silk Mills Ltd.,INE548B01018,GINISILK,32.308077360000006,-,,-,,32.308077360000006,Small Cap
3773,Vertex Securities Ltd.,INE316D01024,VERTEX,32.245682442000003,-,,-,,32.245682442000003,Small Cap
3774,Swati Projects Limited,INE210F01016,SWATIPRO,32.06447,-,,SWATI,32.420405882352938,32.242437941176469,Small Cap
3775,Pincon Spirit Limited,INE675G01018,PINCON,32.182780000000001,-,,-,,32.182780000000001,Small Cap
3776,MSR India Limited,INE331L01026,MSRINDIA,32.136920000000003,-,,-,,32.136920000000003,Small Cap
3777,Future Enterprises Limited,INE623B01027,FEL,33.446976491000001,FEL,30.820500000000003,-,,32.133738245499998,Small Cap
3778,Pritish Nandy Communications Ltd,INE392B01011,PNC,32.054411342000002,PNC,32.186199999999999,-,,32.120305670999997,Small Cap
3779,ACCEDERE LIMITED,INE578B01015,ACCEDERE,32.118705949999999,-,,-,,32.118705949999999,Small Cap
3780,DSJ KEEP LEARNING LIMITED,INE055C01020,KEEPLEARN,32.294686014,KEEPLEARN,31.885899999999999,-,,32.090293007,Small Cap
3781,Crestchem Ltd.,INE293N01016,CRSTCHM,32.057600000000001,-,,-,,32.057600000000001,Small Cap
3782,Swasti Vinayaka Art And Heritage Corporation Ltd,INE895A01023,SVARTCORP,32.015999999999998,-,,-,,32.015999999999998,Small Cap
3783,Pearl Polymers Ltd.,INE844A01013,PEARLPOLY,32.044030442,PEARLPOLY,31.9663,-,,32.005165220999999,Small Cap
3784,Spectrum Foods Limited,INE547C01018,SPECFOOD,31.983176738999997,-,,-,,31.983176738999997,Small Cap
3785,The Ravalgaon Sugar Farm Limited,INE615A01025,RAVALSUGAR,31.903347499999999,-,,-,,31.903347499999999,Small Cap
3786,Alfa Ica (India) Ltd,INE042C01010,ALFAICA,31.898863667000001,-,,-,,31.898863667000001,Small Cap
3787,Next Mediaworks Ltd,INE747B01016,NEXTMEDIA,31.795314054000002,NEXTMEDIA,31.800899999999999,-,,31.798107027,Small Cap
3788,SM Auto Stamping Limited,INE0C4I01011,SMAUTO,31.774020683,-,,-,,31.774020683,Small Cap
3789,Starcom Information Technology Ltd,INE347I01010,STARCOM,31.711929975,-,,-,,31.711929975,Small Cap
3790,Sinnar Bidi Udyog Ltd.,INE896E01023,SINNAR,31.681466667000002,-,,-,,31.681466667000002,Small Cap
3791,Shakti Press Ltd.,INE794C01016,SHAKTIPR,31.500040339999998,-,,-,,31.500040339999998,Small Cap
3792,Vaxtex Cotfab Ltd.,INE098201036,-,-,VCL,31.432300000000001,-,,31.432300000000001,Small Cap
3793,SIHORA INDUSTRIES LIMITED,INE0SFA01011,SIHORA,31.424867564999996,-,,-,,31.424867564999996,Small Cap
3794,VANDAN FOODS LIMITED,INE0RDJ01019,VANDAN,31.375013247000002,-,,-,,31.375013247000002,Small Cap
3795,Sprayking Limited,INE537U01037,SPRAYKING,31.370947700999999,-,,-,,31.370947700999999,Small Cap
3796,PAOS INDUSTRIES LIMITED,INE791C01012,PAOS,31.369401336999999,-,,-,,31.369401336999999,Small Cap
3797,Sumedha Fiscal Services Ltd.,INE886B01012,SUMEDHA,31.297278658,-,,-,,31.297278658,Small Cap
3798,Sri Ramakrishna Mills (Coimbatore) Ltd.,INE306D01017,SRMCL,31.283577364999999,-,,-,,31.283577364999999,Small Cap
3799,CHALLANI CAPITAL LIMITED,INE807A01010,CHALLANI,31.283249999999999,-,,-,,31.283249999999999,Small Cap
3800,Riddhi Display Equipments Limited,INE1DKT01011,RDEL,31.271864186000002,-,,-,,31.271864186000002,Small Cap
3801,Scan Projects Ltd,INE393D01015,SCANPRO,31.263898417,-,,-,,31.263898417,Small Cap
3802,STL Global Ltd,INE353H01010,SGL,31.441096858999998,SGL,30.938099999999999,-,,31.189598429499998,Small Cap
3803,Faalcon Concepts Limited,INE0Q9W01015,FAALCON,31.107380198000001,-,,-,,31.107380198000001,Small Cap
3804,TeleCanor Global Limited,INE381G01013,TELECANOR,31.096024652999997,-,,-,,31.096024652999997,Small Cap
3805,Poddar Housing and Development Limited,INE888B01018,PODDARHOUS,31.078083400000001,-,,-,,31.078083400000001,Small Cap
3806,ADVANCE METERING TECHNOLOGY LIMITED,INE436N01029,AMTL,31.024362433999997,-,,-,,31.024362433999997,Small Cap
3807,YAAN ENTERPRISES LIMITED,INE969E01010,YAANENT,30.996228332999998,-,,-,,30.996228332999998,Small Cap
3808,Tyroon Tea Co. Ltd.,INE945B01016,TYROON,30.990862932999999,-,,-,,30.990862932999999,Small Cap
3809,Ashirwad Steels & Industries  Ltd.,INE338C01012,ASHSI,30.974374999999998,-,,-,,30.974374999999998,Small Cap
3810,Arnold Holdings Ltd,INE185K01036,ARNOLD,30.942964374999999,-,,-,,30.942964374999999,Small Cap
3811,G. G. Dandekar Properties Limited,INE631D01026,GGDPROP,30.93738978,-,,-,,30.93738978,Small Cap
3812,Envair Electrodyne Ltd.,INE601C01013,ENVAIREL,30.910636,-,,-,,30.910636,Small Cap
3813,Adarsh Plant Project Ltd.,INE627D01016,ADARSHPL,30.842275317000002,-,,-,,30.842275317000002,Small Cap
3814,Kanani Industries Ltd,INE879E01037,KANANIIND,30.8542168,KANANIIND,30.755299999999998,-,,30.804758399999997,Small Cap
3815,United Cotfab Limited,INE0S0I01011,COTFAB,30.642034500000001,-,,-,,30.642034500000001,Small Cap
3816,Winro Commercial (India) Ltd.,INE837E01019,WINROC,30.618242519999999,-,,-,,30.618242519999999,Small Cap
3817,AA Plus Tradelink Limited,INE0C5901022,AAPLUSTRAD,30.596544267000002,-,,-,,30.596544267000002,Small Cap
3818,Yarn Syndicate Ltd.,INE564C01013,YARNSYN,30.584487500000002,-,,-,,30.584487500000002,Small Cap
3819,Safecure Services Limited,INE0SVZ01015,SAFECURE,30.578995332999998,-,,-,,30.578995332999998,Small Cap
3820,IVRCL LTD,INE875A01025,IVRCLINFRA,30.533009988,-,,-,,30.533009988,Small Cap
3821,GKB Ophthalmics Ltd.,INE265D01015,GKB,30.512983011000003,-,,-,,30.512983011000003,Small Cap
3822,GRAMEVA LIMITED,INE578R01011,GRAMEVA,30.485868789999998,-,,-,,30.485868789999998,Small Cap
3823,JMJ Fintech Limited,INE242Q01016,JMJFIN,30.442125122000004,-,,-,,30.442125122000004,Small Cap
3824,Fancy Fittings Limited,INE240F01013,-,-,-,-,FFL,30.429720000000014,30.429720000000014,Small Cap
3825,Haryana Leather Chemicals Ltd.,INE681F01018,HARLETH,30.343997924,-,,-,,30.343997924,Small Cap
3826,Unison Metals Ltd,INE099D01026,UNISON,30.335690412000002,-,,-,,30.335690412000002,Small Cap
3827,POLYSPIN EXPORTS LIMITED,INE914G01029,POLYSPIN,30.3355,-,,-,,30.3355,Small Cap
3828,Comrade Appliances Limited,INE0NXA01015,COMRADE,30.321872556999999,-,,-,,30.321872556999999,Small Cap
3829,Classic Filaments Limited,INE181U01018,CFL,30.307543960000004,-,,-,,30.307543960000004,Small Cap
3830,ARIGATO UNIVERSE LIMITED,INE021N01011,ARIGATO,30.277793332999998,-,,-,,30.277793332999998,Small Cap
3831,William Magor & Company Limited,INE210A01017,WILLAMAGOR,30.392851337,WILLAMAGOR,29.965,-,,30.1789256685,Small Cap
3832,ABRIL PAPER TECH LIMITED,INE15MX01014,ABRIL,30.164836697000002,-,,-,,30.164836697000002,Small Cap
3833,Medico Intercontinental Limited,INE858Q01019,MIL,30.13175,-,,-,,30.13175,Small Cap
3834,Harmony Capital Services Ltd.,INE264N01017,HRMNYCP,30.125516749999999,-,,-,,30.125516749999999,Small Cap
3835,Margo Finance Limited,INE680B01019,MARGOFIN,30.071095082999999,-,,-,,30.071095082999999,Small Cap
3836,Tirupati Sarjan Ltd.,INE297J01023,TIRSARJ,30.055151136999999,-,,-,,30.055151136999999,Small Cap
3837,JOHNSON PHARMACARE LIMITED,INE560F01022,JOHNPHARMA,29.993333332999999,-,,-,,29.993333332999999,Small Cap
3838,Shree Vatsaa Finance & Leasing Ltd.,INE981C01019,SHVFL,29.976631667000003,-,,-,,29.976631667000003,Small Cap
3839,Linkson International Limited,INE996E01021,LINKSONI,29.967102000000001,-,,-,,29.967102000000001,Small Cap
3840,Kabsons Industries Ltd.,INE645C01010,KABSON,29.952246550000002,-,,-,,29.952246550000002,Small Cap
3841,NACDAC Infrastructure Limited,INE0LB101011,NACDAC,29.924452708999997,-,,-,,29.924452708999997,Small Cap
3842,WEST LEISURE RESORTS LIMITED,INE266P01017,WESTLEIRES,29.901787242000001,-,,-,,29.901787242000001,Small Cap
3843,Shentracon Chemicals Ltd.,INE0OUS01011,SHENTRA,29.864966952999996,-,,-,,29.864966952999996,Small Cap
3844,RKD AGRI & RETAIL LIMITED,INE552N01023,RKDAGRRTL,29.864540417000001,-,,-,,29.864540417000001,Small Cap
3845,CELLA SPACE LIMITED,INE266H01014,CELLA,29.817419941000004,-,,-,,29.817419941000004,Small Cap
3846,Deccan Health Care Limited,INE452W01019,DECCAN,29.735760564,-,,-,,29.735760564,Small Cap
3847,Jagadishwar Pharmaceuticals Works Limited,INE832F01017,-,-,-,-,JPWL,29.700190000000003,29.700190000000003,Small Cap
3848,Chennai Meenakshi Multispeciality Hospital Ltd.,INE889F01017,CMMHOSP,29.683977719999998,-,,-,,29.683977719999998,Small Cap
3849,Rishi Techtex Limited,INE989D01010,RISHITECH,29.657865699999999,-,,-,,29.657865699999999,Small Cap
3850,Kaushalya Infrastructure Development Corporation Ltd,INE234I01028,KAUSHALYA,29.620504522000004,KAUSHALYA,29.558299999999999,-,,29.589402261000004,Small Cap
3851,Cyber Media (India) Ltd.,INE278G01037,CYBERMEDIA,30.052261343000001,CYBERMEDIA,28.986999999999998,-,,29.5196306715,Small Cap
3852,Tejnaksh Healthcare Limited,INE030T01027,TEJNAKSH,29.510582400000001,-,,-,,29.510582400000001,Small Cap
3853,Hawa Engineers ltd.,INE230I01018,HAWAENG,29.504918613000001,-,,-,,29.504918613000001,Small Cap
3854,India Nivesh Limited,INE131H01028,INDIANVSH,29.485581249999999,-,,-,,29.485581249999999,Small Cap
3855,Monotype India Ltd.,INE811D01024,MONOT,30.122913595,-,,MONOT,28.803870717514709,29.463392156257356,Small Cap
3856,Gujarat Terce Laboratories Ltd,INE499G01013,GUJTERC,29.434895819000001,-,,-,,29.434895819000001,Small Cap
3857,Nalin Lease Finance Ltd.,INE606C01012,NLFL,29.408464014,-,,-,,29.408464014,Small Cap
3858,TCFC Finance Ltd,INE389D01013,TCFCFINQ,29.394684949999998,-,,-,,29.394684949999998,Small Cap
3859,Surbhi Industries Limited,INE899E01019,SURBHIN,29.368856673000003,-,,-,,29.368856673000003,Small Cap
3860,Kridhan Infra Limited,INE524L01026,KRIDHANINF,29.349170655000002,KRIDHANINF,29.263100000000001,-,,29.306135327500002,Small Cap
3861,Libas Consumer Products Ltd.,INE908V01012,-,-,LIBAS,29.2974,-,,29.2974,Small Cap
3862,Kapil Raj Finance Ltd.,INE332Q01023,KAPILRAJ,29.278175000000001,-,,-,,29.278175000000001,Small Cap
3863,Gorani Industries Ltd.,INE792J01015,GORANIN,29.200116701999999,-,,-,,29.200116701999999,Small Cap
3864,India Cements Capital Limited,INE429D01017,INDCEMCAP,29.130082169999998,-,,-,,29.130082169999998,Small Cap
3865,Kenvi Jewels Limited,INE923Y01023,KENVI,29.062174179000003,-,,-,,29.062174179000003,Small Cap
3866,SKYBIOTECH HEALTHCARE LIMITED,INE393H01016,SKYBIOTECH,29.038900417000001,-,,-,,29.038900417000001,Small Cap
3867,RR METALMAKERS INDIA LIMITED,INE117K01013,RRMETAL,28.864947758,-,,-,,28.864947758,Small Cap
3868,Chordia Food Products Ltd,INE975C01011,CHORDIA,28.859169410000003,-,,-,,28.859169410000003,Small Cap
3869,Chandra Bhagat Pharma Limited,INE07QQ01016,CBPL,28.858015811000001,-,,-,,28.858015811000001,Small Cap
3870,Hemadri Cements Limited,INE07BK01011,HEMACEM,28.848960000000002,-,,-,,28.848960000000002,Small Cap
3871,ANNVRRIDHHI VENTURES LIMITED,INE075K01013,ANVRDHI,28.829373151999999,-,,-,,28.829373151999999,Small Cap
3872,Oasis Securities Limited,INE876A01023,OASISEC,28.768425000000001,-,,-,,28.768425000000001,Small Cap
3873,Amco India Ltd.,INE924B01011,AMCOIND,28.76455425,-,,-,,28.76455425,Small Cap
3874,Duropack Ltd,INE138B01018,DUROPACK,28.715169105000001,-,,-,,28.715169105000001,Small Cap
3875,K K SILK MILLS LIMITED,INE0EOJ01014,KKSILK,28.678437052999996,-,,-,,28.678437052999996,Small Cap
3876,Dharani Sugars & Chemicals Ltd,INE988C01014,DHARSUGAR,28.651599999999998,-,,-,,28.651599999999998,Small Cap
3877,Katare Spinning Mills Ltd.,INE498G01015,KATRSPG,28.63810625,-,,-,,28.63810625,Small Cap
3878,Nirav Commercials Ltd.,INE242B01018,NIRAVCOM,28.633395,-,,-,,28.633395,Small Cap
3879,QGO FINANCE LIMITED,INE837C01013,QGO,28.607932939999998,-,,-,,28.607932939999998,Small Cap
3880,Ramsons Projects Ltd.,INE609D01014,RAMSONS,28.549974542000001,-,,-,,28.549974542000001,Small Cap
3881,Ajwa Fun World & Resorts Ltd,INE863E01015,AJWAFUN,28.510955249999999,-,,-,,28.510955249999999,Small Cap
3882,Polymechplast Machines Ltd.,INE809B01014,POLYCHMP,28.508315893999999,-,,-,,28.508315893999999,Small Cap
3883,Parshwanath Corporation Limited,INE635I01018,PARSHWANA,28.498307373000003,-,,-,,28.498307373000003,Small Cap
3884,Infomedia Press Limited,INE669A01022,INFOMEDIA,28.795978192000003,INFOMEDIA,28.194500000000001,-,,28.495239096000002,Small Cap
3885,THINKINK PICTUREZ LIMITED,INE365S01045,THINKINK,28.478433599999999,-,,-,,28.478433599999999,Small Cap
3886,Carnation Industries Ltd.,INE081B01028,CARNATIN,28.458188733,-,,-,,28.458188733,Small Cap
3887,Eastern Silk Industries Limited,INE962C01035,EASTSILK,25.137499999999999,EASTSILK,31.66,-,,28.39875,Small Cap
3888,SATTVA SUKUN LIFECARE LIMITED,INE280E01038,SATTVASUKU,28.396082383,-,,-,,28.396082383,Small Cap
3889,Morarjee Textiles Limited,INE161G01027,MORARJEE,29.860043794999999,MORARJEE,26.846599999999999,-,,28.353321897499999,Small Cap
3890,Adventz Securities Enterprises Limited,INE810E01016,-,-,-,-,ADVENTZSEC,28.335907544999998,28.335907544999998,Small Cap
3891,SPML India Limited,INE103F01013,-,-,-,-,SPMLINDIA,28.29242503333333,28.29242503333333,Small Cap
3892,Supreme Engineering Ltd.,INE319Z01021,-,-,SUPREMEENG,28.2818,-,,28.2818,Small Cap
3893,Capricorn Systems Global Solutions Ltd.,INE968E01012,CAPRICORN,28.280657699999999,-,,-,,28.280657699999999,Small Cap
3894,SMC Credits ltd.,INE440E01012,SMCREDT,28.187437500000001,-,,-,,28.187437500000001,Small Cap
3895,Ramgopal Polytex Ltd,INE410D01017,RAMGOPOLY,28.152595832999999,-,,-,,28.152595832999999,Small Cap
3896,Sahara HousingFina Corporation Ltd.,INE135C01012,SAHARAHOUS,28.084291667000002,-,,-,,28.084291667000002,Small Cap
3897,Yug Decor Limited,INE796W01019,YUG,27.985489012000002,-,,-,,27.985489012000002,Small Cap
3898,Daikaffil Chemicals India Ltd.,INE789B01018,DAIKAFFI,27.951699999999999,-,,-,,27.951699999999999,Small Cap
3899,Future Lifestyle Fashions Limited,INE452O01016,FLFL,28.066884973000001,FLFL,27.750800000000002,-,,27.908842486499999,Small Cap
3900,Omkar Pharmachem Ltd.,INE501C01015,OMKARPH,27.90354,-,,-,,27.90354,Small Cap
3901,Kaiser Corporation Limited,INE229G01022,KACL,27.883878498000001,-,,-,,27.883878498000001,Small Cap
3902,PRISMX GLOBAL VENTURES LIMITED,INE286N01028,PRISMX,27.878988357999997,-,,-,,27.878988357999997,Small Cap
3903,JAIHIND INDUSTRIES LIMITED,INE156E01014,JAIHIND,27.865354,-,,-,,27.865354,Small Cap
3904,APEX CAPITAL AND FINANCE LIMITED,INE758W01019,ACFL,27.861499680000001,-,,-,,27.861499680000001,Small Cap
3905,Salora International Limited,INE924A01013,SALORAINTL,27.756572920999997,-,,-,,27.756572920999997,Small Cap
3906,Alfavision Overseas (India) Ltd.,INE883B01027,ALFAVIO,27.661700549999999,-,,-,,27.661700549999999,Small Cap
3907,Aditya Spinners Ltd.,INE122D01026,ADITYASP,27.635439387999998,-,,-,,27.635439387999998,Small Cap
3908,Libord Finance Limited,INE212B01011,LIBORDFIN,27.595628332999997,-,,-,,27.595628332999997,Small Cap
3909,Hindoostan Mills Ltd.,INE832D01020,HINDMILL,27.582115208999998,-,,-,,27.582115208999998,Small Cap
3910,TRANSVOY LOGISTICS INDIA LIMITED,INE0MPU01011,TRANSVOY,27.569809551999999,-,,-,,27.569809551999999,Small Cap
3911,Krishna Ventures Limited,INE537L01010,KRISHNA,27.4941,-,,-,,27.4941,Small Cap
3912,Pasupati Spg. & Wvg. Mills Ltd.,INE909B01020,PASUSPG,27.493385770999996,-,,-,,27.493385770999996,Small Cap
3913,EQUILATERAL ENTERPRISES LIMITED,INE060N01019,EQUILATERA,27.327252727999998,-,,-,,27.327252727999998,Small Cap
3914,KSL AND INDUSTRIES LTD,INE219A01026,KSLIND,27.180447749999999,-,,-,,27.180447749999999,Small Cap
3915,Purshottam Investofin Limited,INE729C01020,PURSHOTTAM,27.127070639999996,-,,-,,27.127070639999996,Small Cap
3916,Khandwala Securities Ltd.,INE060B01014,KHANDSE,27.174018031999999,KHANDSE,26.9908,-,,27.082409016,Small Cap
3917,FLEXITUFF VENTURES INTERNATIONAL LIMITED,INE060J01017,FLEXITUFF,27.287786814999997,FLEXITUFF,26.7971,-,,27.042443407499999,Small Cap
3918,Jetmall Spices and Masala Limited,INE0D9X01018,JETMALL,26.999312962000001,-,,-,,26.999312962000001,Small Cap
3919,TGB Banquets and Hotels Limited,INE797H01018,TGBHOTELS,26.989858132999998,TGBHOTELS,26.935199999999998,-,,26.962529066499997,Small Cap
3920,MPDL LIMITED,INE493H01014,MPDL,26.950392988000001,-,,-,,26.950392988000001,Small Cap
3921,JAINEX AAMCOL LTD.,INE280F01019,JAINEX,26.922169408999999,-,,-,,26.922169408999999,Small Cap
3922,Shyamkamal Investments Ltd.,INE203N01015,SHYMINV,26.897959632999999,-,,-,,26.897959632999999,Small Cap
3923,Aruna Hotels Ltd.,INE957C01019,ARUNAHTEL,26.877614999999999,-,-,-,,26.877614999999999,Small Cap
3924,Premier Capital Services Ltd.,INE946K01023,PREMCAP,26.846930448000002,-,,-,,26.846930448000002,Small Cap
3925,SANWARIA CONSUMER LIMITED,INE890C01046,SANWARIA,36.068899999999999,SANWARIA,17.6112,-,,26.840049999999998,Small Cap
3926,Megri Soft Limited,INE756R01013,MEGRISOFT,27.384574648000001,-,,MEGRISOFT,26.266859560294122,26.82571710414706,Small Cap
3927,EPIC Energy Ltd.,INE932F01015,EPIC,26.721792578999999,-,,-,,26.721792578999999,Small Cap
3928,JUNE INDUSTRIES LIMITED,INE108B01029,JUNE,26.6885285,-,,-,,26.6885285,Small Cap
3929,Dolphin Kitchen Utencils and Appliances Limited,INE0QXT01018,DKUAL,26.683739747000001,-,,-,,26.683739747000001,Small Cap
3930,Venlon Enterprises Ltd.,INE204D01022,VENLONENT,26.672840665999999,-,,-,,26.672840665999999,Small Cap
3931,KK Shah Hospitals Limited,INE0OH401016,KKSHL,26.651300066999998,-,,-,,26.651300066999998,Small Cap
3932,Goenka Diamond & Jewels Ltd,INE516K01024,GOENKA,26.628,-,,-,,26.628,Small Cap
3933,Stanrose Mafatlal Investments & Fin,INE441L01015,STANROS,26.615087928000001,-,,-,,26.615087928000001,Small Cap
3934,Sulabh Engineers & Services Limited,INE673M01029,SULABEN,26.56559,-,,-,,26.56559,Small Cap
3935,Navigant Corporate Advisors Limited,INE364T01012,NAVIGANT,26.553064776999999,-,,-,,26.553064776999999,Small Cap
3936,Milestone Furniture Limited,INE424Z01011,MILEFUR,26.399451299999999,-,,-,,26.399451299999999,Small Cap
3937,Logic Infotech Limited,INE566F01011,-,-,-,-,LOGICINFO,26.395074999999991,26.395074999999991,Small Cap
3938,Times Green Energy (India) Limited,INE0B6101012,TIMESGREEN,26.384703627,-,,-,,26.384703627,Small Cap
3939,Subhash Silk Mills Ltd.,INE690D01014,SUBSM,26.369301887999999,-,,-,,26.369301887999999,Small Cap
3940,Sarthak Industries Ltd.,INE074H01012,SARTHAKIND,26.347750647999998,-,,-,,26.347750647999998,Small Cap
3941,Morarka Finance Ltd.,INE367A01015,MORARKFI,26.337022378,-,,-,,26.337022378,Small Cap
3942,Shoora Designs Limited,INE0OJZ01019,SHOORA,26.320272996,-,,-,,26.320272996,Small Cap
3943,Mega Fin (India) Ltd.,INE524D01015,MEGFI,26.114250229,-,,-,,26.114250229,Small Cap
3944,Goel Food Products Limited,INE0K6L01010,GOEL,26.108134799999998,-,,-,,26.108134799999998,Small Cap
3945,Caprolactam Chemicals ltd.,INE470N01010,CAPRO,26.069656667,-,,-,,26.069656667,Small Cap
3946,Dynamic Protfolio Management & Serv,INE118C01018,DYNAMICP,26.066575805000003,-,,-,,26.066575805000003,Small Cap
3947,Sonalis Consumer Products Limited,INE0N5O01013,SONALIS,26.036511225000002,-,,-,,26.036511225000002,Small Cap
3948,Spenta International Ltd.,INE175C01018,SPENTA,25.923204218999999,-,,-,,25.923204218999999,Small Cap
3949,VIRTUAL GLOBAL EDUCATION LTD.,INE247C01023,VIRTUALG,25.899373632,-,,-,,25.899373632,Small Cap
3950,SHREENATH PAPER PRODUCTS LIMITED,INE0RXS01018,SHREENATH,25.802525115000002,-,,-,,25.802525115000002,Small Cap
3951,BYLD Capital Finance Limited,INE759D01017,BYLD,25.728755343,-,,-,,25.728755343,Small Cap
3952,Laxmi cotspin ltd.,INE801V01019,-,-,LAXMICOT,25.7136,-,,25.7136,Small Cap
3953,DIPNA PHARMACHEM LIMITED,INE0MC401013,DPL,25.693423538000001,-,,-,,25.693423538000001,Small Cap
3954,Ranjeet Mechatronics Limited,INE01A501027,RANJEET,25.693333333000002,-,,-,,25.693333333000002,Small Cap
3955,Sunil Agro Foods ltd.,INE224D01012,SUNILAGR,25.689900000000002,-,,-,,25.689900000000002,Small Cap
3956,Titaanium Ten Enterprise Limited,INE120V01014,TITAANIUM,25.647610840999999,-,,-,,25.647610840999999,Small Cap
3957,Tecil Chemicals & Hydro Power Limit,INE014B01011,TECILCHEM,25.838673372999999,TECILCHEM,25.411200000000001,-,,25.6249366865,Small Cap
3958,Octaware Technologies Limited,INE208U01019,OCTAWARE,25.592356182,-,,-,,25.592356182,Small Cap
3959,PANAFIC INDUSTRIALS LTD,INE655P01029,PANAFIC,25.505971875,-,,-,,25.505971875,Small Cap
3960,Kaarya Facilities and Services Limited,INE282Y01016,KAARYAFSL,25.498916044000001,-,,-,,25.498916044000001,Small Cap
3961,The Delhi Safe Deposit Company Limited,INE639Y01017,-,-,-,-,DELHISAFE,25.48823999999999,25.48823999999999,Small Cap
3962,KMG Milk Food Limited,INE873N01015,KMGMILK,25.473926940000002,-,,-,,25.473926940000002,Small Cap
3963,Ganodaya Finlease Limited,INE917C01013,-,-,-,-,GANODAYA,25.447500000000002,25.447500000000002,Small Cap
3964,MPIL CORPORATION LIMITED,INE844C01027,MPILCORPL,25.44272608,-,,-,,25.44272608,Small Cap
3965,Mahalaxmi Fabric Mills Limited,INE0US801024,MFML,25.482641844,MFML,25.373200000000001,-,,25.427920921999998,Small Cap
3966,Mercator Limited,INE934B01028,MERCATOR,25.40658414,-,,-,,25.40658414,Small Cap
3967,Darshan Orna Limited,INE671T01028,DARSHANORNA,25.384050757000001,-,,-,,25.384050757000001,Small Cap
3968,Narendra Properties Ltd.,INE603F01012,NARPROP,25.38192888,-,,-,,25.38192888,Small Cap
3969,Bombay Wire Ropes Ltd.,INE089T01023,BOMBWIR,25.373615471000001,-,,-,,25.373615471000001,Small Cap
3970,Unick Fix-A- Form and Printers Limited,INE250G01010,UNICK,25.338186042,-,,-,,25.338186042,Small Cap
3971,7NR Retail Limited,INE413X01035,7NR,25.278004119999999,-,,-,,25.278004119999999,Small Cap
3972,Shricon Industries Ltd.,INE753D01010,SHRICON,25.261745000000001,-,,-,,25.261745000000001,Small Cap
3973,AHASOLAR TECHNOLOGIES LIMITED,INE0NEV01011,AHASOLAR,25.18789245,-,,-,,25.18789245,Small Cap
3974,Rajkamal Synthetics Ltd.,INE376L01013,RAJKSYN,25.171665467,-,,-,,25.171665467,Small Cap
3975,Mediaone Global Entertainment Limited,INE828I01019,MEDIAONE,25.150469333,-,,-,,25.150469333,Small Cap
3976,Adeshwar Meditex Limited,INE0H8J01015,ADESHWAR,25.086268078,-,,-,,25.086268078,Small Cap
3977,Khoobsurat Ltd.,INE731G01027,KHOOBSURAT,25.049888450000001,-,,-,,25.049888450000001,Small Cap
3978,LAKE SHORE REALTY LIMITED,INE734D01010,LAKESHORE,24.997156765,-,,-,,24.997156765,Small Cap
3979,dynamic Archistructures Limited,INE874E01012,DAL,24.989879999999999,-,,-,,24.989879999999999,Small Cap
3980,Naturewings Holidays Limited,INE0N4701016,NHL,24.96197785,-,,-,,24.96197785,Small Cap
3981,KJMC Financial Services Ltd.,INE533C01018,KJMCFIN,24.948740600000001,-,,-,,24.948740600000001,Small Cap
3982,Mewar Hi-Tech Engineering Limited,INE957U01011,MHEL,24.896412609999999,-,,-,,24.896412609999999,Small Cap
3983,Deco-Mica Ltd.,INE907E01010,DECOMIC,24.89179,-,,-,,24.89179,Small Cap
3984,Southern Magnesium And Chemicals Lt,INE308N01012,SOUTHMG,24.875325,-,,-,,24.875325,Small Cap
3985,Swarna Securities Ltd.,INE595G01018,SWRNASE,24.858125000000001,-,,-,,24.858125000000001,Small Cap
3986,Mansi Finance (Chennai) Ltd,INE094E01017,MANSIFIN,24.855678808,-,,-,,24.855678808,Small Cap
3987,Invigorated Business Consulting Limited,INE359A01012,INVIGO,24.695722916999998,-,,-,,24.695722916999998,Small Cap
3988,Dr. Fresh Assets Limited,INE412A01019,-,-,-,-,DRFRESH,24.684152739999988,24.684152739999988,Small Cap
3989,Blue Chip Tex Industries Ltd.,INE472D01017,BLUECHIPT,24.654157063,-,,-,,24.654157063,Small Cap
3990,Arcotech Limited (Formerly SKS Ltd),INE574I01035,ARCOTECH,24.57,-,,-,,24.57,Small Cap
3991,Smart Finsec Limited,INE766D01020,SMARTFIN,24.510750000000002,-,,-,,24.510750000000002,Small Cap
3992,Kavi Commercial Company Limited,INE828V01012,-,-,-,-,KCCL,24.499755000000004,24.499755000000004,Small Cap
3993,Standard Batteries Ltd.,INE502C01039,STDBAT,24.490749649000001,-,,-,,24.490749649000001,Small Cap
3994,Asian Tea & Exports Ltd.,INE822B01017,ASIANTNE,24.489314178000001,-,,-,,24.489314178000001,Small Cap
3995,Balurghat Technologies Ltd.,INE654B01014,BALTE,24.475815000000001,-,,-,,24.475815000000001,Small Cap
3996,Karuturi Global Limited,INE299C01024,KGL,24.473439552000002,-,,-,,24.473439552000002,Small Cap
3997,Cochin Malabar Estates & Indus. Ltd,INE788M01017,COCHMAL,24.455578897999999,-,,-,,24.455578897999999,Small Cap
3998,Shree Ganesh Biotech (India) Limited,INE051N01026,SHREEGANES,24.598422666999998,-,,SHREEGANES,24.212499921568632,24.405461294284315,Small Cap
3999,Miven Machine Tools Ltd.,INE338P01014,MIVENMACH,24.397555646000001,-,,-,,24.397555646000001,Small Cap
4000,Poojawestern Metaliks Limited,INE973X01012,POOJA,24.395566800000001,-,,-,,24.395566800000001,Small Cap
4001,Ashirwad Capital Ltd.,INE894A01026,ASHCAP,24.36,-,,-,,24.36,Small Cap
4002,Prakash Woollen & Synthetic Mills Ltd ,INE523I01016,PWASML,24.356902993999999,-,,-,,24.356902993999999,Small Cap
4003,Shrenik Ltd.,INE632X01030,-,-,SHRENIK,24.327000000000002,-,,24.327000000000002,Small Cap
4004,Reliable Ventures India Ltd,INE419H01019,RELIABVEN,24.293264336,-,,-,,24.293264336,Small Cap
4005,EASY FINCORP LIMITED,INE407F01018,EASYFIN,24.254999999999999,-,,-,,24.254999999999999,Small Cap
4006,Lesha Industries Limited,INE050L01048,LESHAIND,24.229971811999999,-,,-,,24.229971811999999,Small Cap
4007,Jindal Capital Ltd.,INE356F01017,JINDCAP,24.188101034999999,-,,-,,24.188101034999999,Small Cap
4008,MIL INDUSTRIES & AEROSPACE LIMITED,INE02ZJ01013,-,-,-,-,MILIAIND,24.176249999999996,24.176249999999996,Small Cap
4009,KSK Energy Ventures  Limited,INE143H01015,KSK,24.167189118,-,,-,,24.167189118,Small Cap
4010,Popular Estate Management Ltd,INE370C01015,POPULARES,24.131328062000001,-,,-,,24.131328062000001,Small Cap
4011,National General Industries Ltd.,INE654H01011,NATGENI,24.003477530000001,-,,-,,24.003477530000001,Small Cap
4012,UTIQUE ENTERPRISES LIMITED,INE096A01010,UTIQUE,24.000682894000001,-,-,-,,24.000682894000001,Small Cap
4013,Solvex Edibles Limited,INE1IIQ01028,SOLVEX,23.989787605,-,,-,,23.989787605,Small Cap
4014,VAPI ENTERPRISE LIMITED,INE464D01014,VAPIENTER,23.97539682,-,,-,,23.97539682,Small Cap
4015,Photon Capital Advisors Ltd,INE107J01016,PHOTON,23.968128697000001,-,,-,,23.968128697000001,Small Cap
4016,Sonal Adhesives Ltd.,INE344I01017,SONALAD,23.961203842,-,,-,,23.961203842,Small Cap
4017,TEJASSVI AAHARAM LIMITED,INE173E01019,TEJASSVI,23.960008333000001,-,,-,,23.960008333000001,Small Cap
4018,Pentokey Organy (India) Ltd.,INE702E01015,PNTKYOR,23.926106969999999,-,,-,,23.926106969999999,Small Cap
4019,Rishabh Special Yarns Ltd,INE351D01013,RISHYRN,23.917310918000002,-,,-,,23.917310918000002,Small Cap
4020,Martin Burn Ltd,INE199D01016,MARBU,23.863784481,-,,-,,23.863784481,Small Cap
4021,SK International Export Limited,INE04ST01013,SKIEL,23.839237435000001,-,,-,,23.839237435000001,Small Cap
4022,Maris Spinners Ltd.,INE866D01010,MARIS,23.837820678,-,,-,,23.837820678,Small Cap
4023,Intec Capital Limited,INE017E01018,INTECCAP,23.835413146,-,,-,,23.835413146,Small Cap
4024,Easun Capital Markets Limited,INE771C01014,EASUN,23.809547264999999,-,,-,,23.809547264999999,Small Cap
4025,Inland Printers Ltd.,INE055O01033,INLANPR,23.783440608000003,-,,-,,23.783440608000003,Small Cap
4026,Inani Marbles & Industries Ltd.,INE635D01027,INANI,23.743054999999998,-,,-,,23.743054999999998,Small Cap
4027,Intertec Technologies Limited,INE137B01010,-,-,-,-,INTERTEC,23.702904225000012,23.702904225000012,Small Cap
4028,SRI HAVISHA HOSPITALITY AND INFRASTRUCTURE LIMITED,INE293B01029,HAVISHA,23.725119494999998,HAVISHA,23.629200000000001,-,,23.677159747499999,Small Cap
4029,Laffans Petrochemicals Ltd.,INE919B01011,LAFFANSQ,23.657733333000003,-,,-,,23.657733333000003,Small Cap
4030,Konark Synthetics  Ltd,INE517D01019,KONARKSY,23.630767599999999,-,,-,,23.630767599999999,Small Cap
4031,TRILIANCE POLYMERS LIMITED,INE778N01016,TRILIANCE,23.609009083,-,,-,,23.609009083,Small Cap
4032,Shree Metalloys Limited,INE914B01012,SHREMETAL,23.582784173,-,,-,,23.582784173,Small Cap
4033,Kamanwala Housing Construction Ltd,INE344D01018,KAMANWALA,23.561884431999999,-,,-,,23.561884431999999,Small Cap
4034,White Organic Retail Limited,INE06CG01019,WORL,23.56128,-,,-,,23.56128,Small Cap
4035,COLORCHIPS NEW MEDIA LIMITED,INE621I01042,COLORCHIPS,23.503571074,-,,-,,23.503571074,Small Cap
4036,BOMBAY TALKIES LIMITED,INE910D01024,BOMTALKIES,23.498100000000001,-,,-,,23.498100000000001,Small Cap
4037,Mukat Pipes Limited,INE862C01029,MUKATPIP,23.461058833000003,-,,-,,23.461058833000003,Small Cap
4038,Vivanta Industries Limited,INE299W01022,VIVANTA,23.434341042,-,,-,,23.434341042,Small Cap
4039,Shree Bhavya Fabrics Limited,INE363D01018,SBFL,23.410295833000003,-,,-,,23.410295833000003,Small Cap
4040,Pan India Corporation Ltd,INE376A01032,PANINDIAC,23.396463478999998,-,,-,,23.396463478999998,Small Cap
4041,LWS Knitwear Ltd,INE281M01013,LWSKNIT,23.336689007,-,,-,,23.336689007,Small Cap
4042,ERP Soft Systems Ltd.,INE308B01017,ERPSOFT,23.329350000000002,-,,-,,23.329350000000002,Small Cap
4043,Machhar Industries Limited,INE01BT01015,MACIND,23.319313000000001,-,,-,,23.319313000000001,Small Cap
4044,Amrapali Capital and Finance Services Limited,INE218P01018,ACFSL,23.299714684999998,-,,-,,23.299714684999998,Small Cap
4045,Aagam Capital Limited,INE817D01013,AAGAMCAP,23.25,-,,-,,23.25,Small Cap
4046,Scarnose International Limited,INE0IXR01019,SCARNOSE,23.162921694000001,-,,-,,23.162921694000001,Small Cap
4047,NMS GLOBAL LIMITED,INE169F01014,NMSGLOBAL,23.264120447,-,,NMSGLOBAL,23.015944272108843,23.140032359554422,Small Cap
4048,Patspin India Ltd.,INE790C01014,PATSPINLTD,23.131767333000003,-,,-,,23.131767333000003,Small Cap
4049,IITL PROJECTS LIMITED,INE786E01018,IITLPROJ,23.128704008,-,,-,,23.128704008,Small Cap
4050,K-Lifestyle & Industries Limited,INE218A01028,KLIFESTYL,23.063255605999998,-,,-,,23.063255605999998,Small Cap
4051,Rajeshwari Cans Limited,INE0CQ101015,RCAN,23.040519433,-,,-,,23.040519433,Small Cap
4052,TGIF AGRIBUSINESS LIMITED,INE0SMU01015,TGIF,22.951882619999999,-,,-,,22.951882619999999,Small Cap
4053,Venmax Drugs And Pharmaceuticals Ltd,INE154G01022,VENMAX,22.950801984999998,-,,-,,22.950801984999998,Small Cap
4054,PIOTEX INDUSTRIES LIMITED,INE0R4W01015,PIOTEX,22.944382109999999,-,,-,,22.944382109999999,Small Cap
4055,Ankit Metal  & Power Limited,INE106I01010,ANKITMETAL,22.963382033000002,ANKITMETAL,22.770499999999998,-,,22.8669410165,Small Cap
4056,Valencia India Limited,INE130701019,VALINDIA,22.858929960000001,-,,-,,22.858929960000001,Small Cap
4057,Esha Media Research Limited,INE328F01016,ESHAMEDIA,22.775156888999998,-,,-,,22.775156888999998,Small Cap
4058,Sangal Papers Ltd.,INE384D01022,SANPA,22.740550268,-,,-,,22.740550268,Small Cap
4059,TCI Finance Limited,INE911B01018,TCIFINANCE,22.683048998,TCIFINANCE,22.693300000000001,-,,22.688174498999999,Small Cap
4060,SKIL Infrastructure Limited,INE429F01012,SKIL,22.490922443000002,SKIL,22.851900000000001,-,,22.671411221500001,Small Cap
4061,Earthstahl & Alloys Limited,INE0O4V01010,EARTH,22.658994,-,,-,,22.658994,Small Cap
4062,Maharashtra Corporation Ltd.,INE272E01027,MAHACORP,22.620392302999999,-,,-,,22.620392302999999,Small Cap
4063,Richfield Financial Services Ltd.,INE201C01012,RFSL,22.581562819999998,-,,-,,22.581562819999998,Small Cap
4064,Ishita Drugs & Industries Ltd.,INE806D01016,ISHITADR,22.576191859000001,-,,-,,22.576191859000001,Small Cap
4065,Innovative Ideals and Services (India) Limited,INE492Y01011,INNOVATIVE,22.560900537999999,-,,-,,22.560900537999999,Small Cap
4066,PlatinumOne Business Services Limited,INE0DTJ01015,POBS ,22.546035199999999,-,,-,,22.546035199999999,Small Cap
4067,Southern Latex Ltd.,INE410M01018,SOUTLAT,22.535342240000002,-,,-,,22.535342240000002,Small Cap
4068,Supra Trends Limited,INE533B01028,SUPRATRE,22.518643426000001,-,,-,,22.518643426000001,Small Cap
4069,Prime Urban Development India Ltd,INE419E01024,PRIMEURB,22.498743959999999,-,,-,,22.498743959999999,Small Cap
4070,TV VISION LIMITED,INE871L01013,TVVISION,22.630016708000003,TVVISION,22.283899999999999,-,,22.456958354000001,Small Cap
4071,Chandni Machines Limited,INE01GZ01011,CHANDNIMACH,22.422025967,-,,-,,22.422025967,Small Cap
4072,Cargosol Logistics Limited,INE0KZM01011,CARGOSOL,22.415690000000001,-,,-,,22.415690000000001,Small Cap
4073,Bloom Industries Ltd,INE373E01015,BLOIN,22.383661333000003,-,,-,,22.383661333000003,Small Cap
4074,TTI Enterprise Limited,INE404F01031,TTIENT,22.341072113999999,-,,-,,22.341072113999999,Small Cap
4075,Crimson Metal Engineering Company Ltd,INE318P01016,CRIMSON,22.319565546,-,,-,,22.319565546,Small Cap
4076,Balaji Agro Oils Limited,INE049E01011,-,-,-,-,BALAJIAGRO,22.317670449999998,22.317670449999998,Small Cap
4077,Helpage Finlease Ltd.,INE738P01015,HELPAGE,22.316138603999999,-,,-,,22.316138603999999,Small Cap
4078,Command Polymers Limited,INE0LKQ01012,COMMAND,22.310763702000003,-,,-,,22.310763702000003,Small Cap
4079,SVS VENTURES LIMITED,INE0MID01012,SVS,22.285977707000001,-,,-,,22.285977707000001,Small Cap
4080,Howard Hotels Limited,INE931B01016,HOWARHO,22.278736266999999,-,,-,,22.278736266999999,Small Cap
4081,Chitrakut Holdings Limited,INE228E01011,-,-,-,-,CHITRAKUT,22.252793919999998,22.252793919999998,Small Cap
4082,Shree Marutinandan Tubes Limited,INE0QIS01011,SHREE,22.240389833000002,-,,-,,22.240389833000002,Small Cap
4083,Valson Industries Ltd.,INE808A01018,VALSONQ,22.21810752,-,,-,,22.21810752,Small Cap
4084,Ace Stone Craft Limited,INE026E01019,-,-,-,-,ACESTONE,22.20003449999999,22.20003449999999,Small Cap
4085,WinPro Industries Limited,INE974C01022,WINPRO,22.191588419999999,-,,-,,22.191588419999999,Small Cap
4086,Gujarat Raffia Ind. Ltd.,INE610B01024,GUJRAFFIA,22.200515025000001,GUJRAFFIA,22.103400000000001,-,,22.151957512500001,Small Cap
4087,Aten Papers & Foam Limited,INE0XCV01014,ATENPAPERS,22.122769166999998,-,,-,,22.122769166999998,Small Cap
4088,KCL Infra Projects Limited,INE469F01026,KCLINFRA,22.102117274000001,-,,-,,22.102117274000001,Small Cap
4089,DARJEELING INDUSTRIIES LIMITED,INE830S01014,DARJEELING,22.089758051,-,,-,,22.089758051,Small Cap
4090,Roselabs Finance Ltd.,INE475C01012,ROSELABS,22.04025,-,,-,,22.04025,Small Cap
4091,MIL Industries Limited,INE651L01019,-,-,-,-,MILIND,22.034249999999997,22.034249999999997,Small Cap
4092,Step Two Corporation Ltd.,INE623D01015,STEP2COR,21.975373653000002,-,,-,,21.975373653000002,Small Cap
4093,Manraj Housing Finance Ltd.,INE948I01015,MANRAJH,21.94275,-,,-,,21.94275,Small Cap
4094,Saffron Industries Limited,INE474D01013,SAFFRON,21.941205733,-,,-,,21.941205733,Small Cap
4095,Abhishek Finlease limited,INE723C01015,ABHIFIN,21.936242114999999,-,,-,,21.936242114999999,Small Cap
4096,G-TEC Jainx Education Ltd.,INE586X01012,-,-,GTECJAINX,21.9102,-,,21.9102,Small Cap
4097,Vinyoflex Ltd.,INE526H01011,VINYOFL,21.896286241999999,-,,-,,21.896286241999999,Small Cap
4098,Quadrant Televentures Limited,INE527B01020,QUADRANT,21.89340675,-,,-,,21.89340675,Small Cap
4099,Neo Infracon Ltd.,INE216I01017,NEOINFRA,21.888648397000001,-,,-,,21.888648397000001,Small Cap
4100,Asian Petroproducts & Exports Ltd.,INE810M01019,ASINPET,21.878442715000002,-,,-,,21.878442715000002,Small Cap
4101,Sujala Trading & Holdings Ltd.,INE029H01016,SUJALA,21.877015762999999,-,,-,,21.877015762999999,Small Cap
4102,Oswal Minerals Limited,INE469B01017,-,-,-,-,OSWALMIN,21.820656000000003,21.820656000000003,Small Cap
4103,Mittal Life Style Ltd.,INE997Y01027,-,-,MITTAL,21.819199999999999,-,,21.819199999999999,Small Cap
4104,Vrundavan Plantation Limited,INE0Q6901013,VPL,21.79399424,-,,-,,21.79399424,Small Cap
4105,TECHINDIA NIRMAN LIMITED,INE778A01021,TECHIN,21.732541999999999,-,,-,,21.732541999999999,Small Cap
4106,RSC International Limited,INE015F01019,RSCINT,21.723229055000001,-,,-,,21.723229055000001,Small Cap
4107,JULIEN AGRO INFRATECH LIMITED,INE890N01027,JULIEN,21.597024999999999,-,,-,,21.597024999999999,Small Cap
4108,TRADEWELL HOLDINGS LIMITED,INE819G01012,TRADEWELL,21.499386253000001,-,,-,,21.499386253000001,Small Cap
4109,Orosil Smiths India Limited,INE628B01034,OROSMITHS,21.493271799999999,-,,-,,21.493271799999999,Small Cap
4110,Harish Textile Engineers Limited,INE01K301012,HARISH,21.474971799999999,-,,-,,21.474971799999999,Small Cap
4111,Visagar Financial Services Ltd,INE309H01038,VISAGAR,21.419972244,-,,-,,21.419972244,Small Cap
4112,Salguti Industries Ltd.,INE159C01012,SALGUTI,21.419803847000001,-,,-,,21.419803847000001,Small Cap
4113,Hipolin Ltd.,INE963A01011,HIPOLIN,21.404157715,-,,-,,21.404157715,Small Cap
4114,Paragon Finance Ltd.,INE015E01012,PARAGONF,21.354372916999999,-,,-,,21.354372916999999,Small Cap
4115,MARUTI GLOBAL INDUSTRIES LIMITED,INE368C01019,MGIL,21.268026005000003,-,,-,,21.268026005000003,Small Cap
4116,Span Divergent Limited,INE004E01016,SDL,21.255356317,-,,-,,21.255356317,Small Cap
4117,Davin Sons Retail Limited,INE0Q2L01013,DAVIN,21.244092628000001,-,,-,,21.244092628000001,Small Cap
4118,Fone4 Communications (India) Limited,INE0L3H01014,FONE4,21.240766666999999,-,,-,,21.240766666999999,Small Cap
4119,Add-Shop E-Retail Limited,INE01B501018,ASRL,21.235660765000002,-,,-,,21.235660765000002,Small Cap
4120,PRABHHANS INDUSTRIES LIMITED,INE428P01013,PRABHHANS,21.175753977999999,-,,-,,21.175753977999999,Small Cap
4121,Esaar (India) Ltd.,INE404L01039,ESARIND,21.165142374999999,-,,-,,21.165142374999999,Small Cap
4122,Futura Polyesters Ltd.,INE564A01017,FUTURAPOLY,21.125596415,-,,-,,21.125596415,Small Cap
4123,Organic Coatings Ltd.,INE412E01011,ORGCOAT,21.104923653,-,,-,,21.104923653,Small Cap
4124,Vikas WSP Ltd.,INE706A01022,VIKASWSP,21.09305573,-,,-,,21.09305573,Small Cap
4125,Consecutive Commodities Limited,INE187R01029,CCDL,21.083747500000001,-,,-,,21.083747500000001,Small Cap
4126,Vama Industries Limited,INE685D01022,VAMA,21.059345499999999,-,,-,,21.059345499999999,Small Cap
4127,GSB Finance Ltd.,INE777C01011,GSBFIN,21.055499999999999,-,,-,,21.055499999999999,Small Cap
4128,O. P. Chains Limited,INE118Q01018,OPCHAINS,21.040459999999999,-,,-,,21.040459999999999,Small Cap
4129,RAP CORP LIMITED,INE483D01014,RAP,20.891566383000001,-,,-,,20.891566383000001,Small Cap
4130,Shashijit Infraprojects Limited,INE700V01021,SHASHIJIT,20.859891999999999,-,,-,,20.859891999999999,Small Cap
4131,Global Capital Markets Ltd.,INE062C01042,GLOBALCA,20.850795600000001,-,,-,,20.850795600000001,Small Cap
4132,PRADHIN LIMITED,INE656B01027,PRADHIN,20.829246180000002,-,,-,,20.829246180000002,Small Cap
4133,Niks Technology Limited,INE0GX601011,NIKSTECH,20.796979167,-,,-,,20.796979167,Small Cap
4134,Zenith Fibres Limited,INE106C01013,ZENIFIB,20.796640301,-,,-,,20.796640301,Small Cap
4135,Sanchay Finvest Ltd,INE654D01010,SANCF,20.791258750000001,-,,-,,20.791258750000001,Small Cap
4136,Krupalu Metals Limited,INE0XZB01017,KRUPALU,20.7843844,-,,-,,20.7843844,Small Cap
4137,Shukra Bullions Limited,INE561E01015,SKRABUL,20.742528505000003,-,,-,,20.742528505000003,Small Cap
4138,Akash Agro Industries Limited,INE513G01011,-,-,-,-,AKASHAGRO,20.698941999999999,20.698941999999999,Small Cap
4139,Shree Ram Proteins Ltd.,INE008Z01020,-,-,SRPL,20.692900000000002,-,,20.692900000000002,Small Cap
4140,Response Informatics Limited,INE401B01010,RESPONSINF,20.670163366000001,-,,-,,20.670163366000001,Small Cap
4141,Indo Cotspin Limited,INE407P01017,ICL,20.662168488999999,-,,-,,20.662168488999999,Small Cap
4142,KJMC Corporate Advisors (India) Ltd.,INE602C01011,KJMCCORP,20.635569021999999,-,,-,,20.635569021999999,Small Cap
4143,VIKRAM AROMA LIMITED,INE0NR501012,VIKRAMAR,20.614101827999999,-,,-,,20.614101827999999,Small Cap
4144,Shahi Shipping Limited,INE825D01016,SHAHISHIP,20.575232062000001,-,,-,,20.575232062000001,Small Cap
4145,NDA Securities ltd.,INE026C01013,NDASEC,20.572516033000003,-,,-,,20.572516033000003,Small Cap
4146,N.D.Metal Industries Ltd,INE643D01013,NDMETAL,20.562982000000002,-,,-,,20.562982000000002,Small Cap
4147,Hindustan Agrigenetics Ltd.,INE092301014,HINDUST,20.531463333000001,-,,-,,20.531463333000001,Small Cap
4148,Polo Hotels Ltd.,INE084C01012,POLOHOT,20.529122936,-,,-,,20.529122936,Small Cap
4149,Inducto Steels ltd.,INE146H01018,INDCTST,20.507679945,-,,-,,20.507679945,Small Cap
4150,SAWACA ENTERPRISES LIMITED,INE248B01023,SAWACA,20.446002546000003,-,,-,,20.446002546000003,Small Cap
4151,ECS Biztech Limited,INE925Q01024,ECS,20.390949208000002,-,,-,,20.390949208000002,Small Cap
4152,Veejay Lakshmi Engineering Works Lt,INE466D01019,VJLAXMIE,20.276019162000001,-,,-,,20.276019162000001,Small Cap
4153,Amrapali Fincap Limited,INE990S01016,AMRAFIN,20.273568000000001,-,,-,,20.273568000000001,Small Cap
4154,NEERAJ PAPER MARKETING LIMITED,INE894J01019,NEERAJ,20.260716666999997,-,,-,,20.260716666999997,Small Cap
4155,CLC Industries Limited,INE376C01038,CLCIND,15.794077958000001,CLCIND,24.68,-,,20.237038979000001,Small Cap
4156,GSL Securities Ltd.,INE721D01017,GSLSEC,20.235686723000001,-,,-,,20.235686723000001,Small Cap
4157,ONESOURCE INDUSTRIES AND VENTURES LIMITED,INE125F01032,OIVL,20.2089,-,,-,,20.2089,Small Cap
4158,York Exports Ltd.,INE057Q01018,YORKEXP,20.206928000000001,-,,-,,20.206928000000001,Small Cap
4159,K.S.Oils Ltd.,INE727D01022,KSOILS,20.203921628,-,,-,,20.203921628,Small Cap
4160,Astron Paper & Board Mill Limited,INE646X01014,ASTRON,20.105824999999999,ASTRON,20.033799999999999,-,,20.069812499999998,Small Cap
4161,Ekennis Software Service Limited,INE0KCM01010,EKENNIS,20.050566666999998,-,,-,,20.050566666999998,Small Cap
4162,MEP Infrastructure Developers Limited,INE776I01010,MEP,20.110273340999999,MEP,19.8917,-,,20.000986670499998,Small Cap
4163,DALMIA INDUSTRIAL DEVELOPMENT LIMITED,INE642P01019,DIDL,19.756329396000002,-,,DIDL,20.170182340686278,19.96325586834314,Small Cap
4164,KDJ Holidayscapes and Resorts Limited,INE089E01025,KDJHRL,19.949439999999999,-,,-,,19.949439999999999,Small Cap
4165,CRYSTAL BUSINESS SYSTEM LIMITED,INE994R01028,CRYSTAL,19.921905396,-,,CRYSTAL,19.943482123088231,19.932693759544115,Small Cap
4166,Silly Monks Entertainment Ltd.,INE203Y01012,-,-,SILLYMONKS,19.920000000000002,-,,19.920000000000002,Small Cap
4167,NCC Bluewater Products Ltd.,INE630N01019,NCCBLUE,19.837804166999998,-,,-,,19.837804166999998,Small Cap
4168,Hotahoti Wood Products Limited,INE925E01012,-,-,-,-,HOTAHOTI,19.7999604,19.7999604,Small Cap
4169,Hisar Spinning Mills Ltd,INE689E01014,HISARSP,19.784668499999999,-,,-,,19.784668499999999,Small Cap
4170,Regent Enterprises Limited,INE769D01016,REGENTRP,19.744821378000001,-,,-,,19.744821378000001,Small Cap
4171,Switching Technologies Gunther Ltd.,INE311D01017,SWITCHTE,19.741916249999999,-,,-,,19.741916249999999,Small Cap
4172,Ace Integrated Solutions Ltd.,INE543V01017,-,-,ACEINTEG,19.7255,-,,19.7255,Small Cap
4173,Rama Petrochemicals Ltd,INE783A01013,RAMAPETRO,19.711836343000002,-,,-,,19.711836343000002,Small Cap
4174,Max heights Infrastucture Ltd,INE393F01010,MAXHEIGHTS,19.636925358000003,-,,-,,19.636925358000003,Small Cap
4175,Quality RO Industries Limited,INE0KAF01018,QRIL,19.616724999999999,-,,-,,19.616724999999999,Small Cap
4176,Sanblue Corporation Limited,INE602D01027,SANBLUE,19.613124409000001,-,,-,,19.613124409000001,Small Cap
4177,Prima Industries Ltd.,INE723N01012,PRIMAIN,19.60960176,-,,-,,19.60960176,Small Cap
4178,Cil Securities Ltd.,INE830A01012,CILSEC,19.573,-,,-,,19.573,Small Cap
4179,Best Eastern Hotels Limited,INE553F01035,BESTEAST,19.544595833000002,-,,-,,19.544595833000002,Small Cap
4180,Shashwat Furnishing Solutions Limited,INE0JMN01019,SFSL,19.384817999999999,-,,-,,19.384817999999999,Small Cap
4181,KOURA FINE DIAMOND JEWELRY LIMITED,INE0M8R01011,KOURA,19.383009854000001,-,,-,,19.383009854000001,Small Cap
4182,SSPDL Limited,INE838C01011,SSPDL,19.382992881,-,,-,,19.382992881,Small Cap
4183,Duncans Industries Ltd.,INE508A01022,DUNCANSLTD,19.373022759999998,-,,-,,19.373022759999998,Small Cap
4184,Hemang Resources Limited,INE930A01010,HEMANG,19.352409999999999,-,,-,,19.352409999999999,Small Cap
4185,Containerway International Limited,INE319U01022,CONTAINER ,19.20290868,-,,-,,19.20290868,Small Cap
4186,Jayshree Chemicals Ltd.,INE693E01016,JAYCH,19.184879394999999,-,,-,,19.184879394999999,Small Cap
4187,Kotia Enterprises Limited,INE079C01012,KEL,18.999579149999999,-,,KEL,19.350184296568624,19.174881723284312,Small Cap
4188,Cindrella Hotels Ltd.,INE908C01012,CINDHO,19.140599999999999,-,,-,,19.140599999999999,Small Cap
4189,Raw Edge Industrial Solutions Limited,INE960Z01014,RAWEDGE,19.138872060000001,-,,-,,19.138872060000001,Small Cap
4190,Novateor Research Laboratories Limited,INE08JY01013,NOVATEOR,19.124857200000001,-,,-,,19.124857200000001,Small Cap
4191,NEELKANTH LIMITED,INE581D01015,NEELKANTH,19.117411600000001,-,,-,,19.117411600000001,Small Cap
4192,Meyer Apparel Limited,INE100C01024,MAL,19.055170889999999,-,,-,,19.055170889999999,Small Cap
4193,Chambal Breweries & Distilleries Li,INE417N01011,CHMBBRW,19.048950618999999,-,,-,,19.048950618999999,Small Cap
4194,JINDAL LEASEFIN LIMITED,INE919T01013,JLL,19.010405719000001,-,,-,,19.010405719000001,Small Cap
4195,Rishabh Digha Steel And Allied Prod,INE864D01015,RISHDIGA,18.936949680000001,-,,-,,18.936949680000001,Small Cap
4196,Greencrest Financial Services Limited,INE414C01045,GREENCREST,18.9180849,-,,-,,18.9180849,Small Cap
4197,Lakshmi Overseas Industries Ltd.,INE992B01026,LAKSHMIO,18.8919,-,,-,,18.8919,Small Cap
4198,SBEC Systems (Ind) Ltd.,INE689V01018,SBECSYS,18.854500000000002,-,,-,,18.854500000000002,Small Cap
4199,Chrome Silicon Limited,INE114E01013,CHROME,18.834843252999999,-,,-,,18.834843252999999,Small Cap
4200,Debock Industries Ltd.,INE411Y01011,-,-,DIL,18.8231,-,,18.8231,Small Cap
4201,Velan Hotels Ltd.,INE548D01014,VELHO,18.816211384999999,-,,-,,18.816211384999999,Small Cap
4202,DRA CONSULTANTS LIMITED,INE746V01016,DRA,18.806785166999997,-,,-,,18.806785166999997,Small Cap
4203,MPF Systems Limited,INE095E01022,MPFSL,18.781347822000001,-,,-,,18.781347822000001,Small Cap
4204,Senthil Infotek Limited,INE564B01015,SENINFO,18.780655416999998,-,,-,,18.780655416999998,Small Cap
4205,Ranjit Securities Ltd.,INE863D01017,RANJITSE,18.699287519999999,-,,-,,18.699287519999999,Small Cap
4206,Benchmark Computer Solutions Limited,INE0Q2Z01013,BENCHMARK,18.697421599999998,-,,-,,18.697421599999998,Small Cap
4207,HAMPS BIO LIMITED,INE0QBD01018,HAMPS,18.696605399999999,-,,-,,18.696605399999999,Small Cap
4208,Veer Energy & Infrastructure Limited,INE255E01030,VEERENRGY,18.692321858,-,,-,,18.692321858,Small Cap
4209,Rajasthan Petro Synthetics Ltd.,INE374C01017,RAJSPTR,18.657189300999999,-,,-,,18.657189300999999,Small Cap
4210,Olympia Industries Ltd.,INE482O01021,OLYMPTX,18.607108909000001,-,,-,,18.607108909000001,Small Cap
4211,Ashiana Ispat Limited,INE587D01012,ASHIS,18.56953296,-,,-,,18.56953296,Small Cap
4212,PANABYTE TECHNOLOGIES LIMITED,INE516E01019,PANABYTE,18.560980375,-,,-,,18.560980375,Small Cap
4213,BIL VYAPAR LIMITED,INE071A01013,BILVYAPAR,18.665487972999998,BILVYAPAR,18.4376,-,,18.5515439865,Small Cap
4214,Sangrahalaya Timber & Crafts Limited,INE932E01018,-,-,-,-,STCL,18.509249999999998,18.509249999999998,Small Cap
4215,Modern Steels Limited,INE001F01019,MDRNSTL,18.497872046000001,-,,-,,18.497872046000001,Small Cap
4216,H.S.India Ltd.,INE731B01010,HOTLSILV,18.479705159999998,-,,-,,18.479705159999998,Small Cap
4217,The Patna Electric Supply Co. Limited,INE901E01021,-,-,-,-,PATNAELECT,18.46765000000001,18.46765000000001,Small Cap
4218,NAPS Global India Limited,INE0VNH01014,NAPSGLOBAL,18.458702500000001,-,,-,,18.458702500000001,Small Cap
4219,Abirami Financial Services (India),INE195I01013,ABIRAFN,18.449145000000001,-,,-,,18.449145000000001,Small Cap
4220,Jai Mata Glass Ltd.,INE250C01027,JAIMATAG,18.413333333000001,-,,-,,18.413333333000001,Small Cap
4221,Tulasee Bio-Ethanol Ltd.,INE276N01011,TULASEEBIOE,18.386864873,-,,-,,18.386864873,Small Cap
4222,Madhusudan Industries Ltd.,INE469C01023,MADHUDIN,18.38061875,-,,-,,18.38061875,Small Cap
4223,Marg Ltd,INE941E01019,MARG,18.345463699,-,,-,,18.345463699,Small Cap
4224,Lynx Machinery & Commercials Ltd.,INE732D01014,LYNMC,18.310959321000002,-,,-,,18.310959321000002,Small Cap
4225,Duke Offshore Ltd.,INE397G01019,DUKEOFS,18.298084647,-,,-,,18.298084647,Small Cap
4226,Vamshi Rubber Ltd.,INE380C01014,VAMSHIRU,18.296880637000001,-,,-,,18.296880637000001,Small Cap
4227,LABELKRAFT TECHNOLOGIES LIMITED,INE0NLJ01011,LABELKRAFT,18.282102667,-,,-,,18.282102667,Small Cap
4228,Samtel (India) Ltd.,INE538C01017,SAMTELIN,18.274311840999999,-,,-,,18.274311840999999,Small Cap
4229,Gajanan Securities Services Ltd.,INE868G01019,GAJANANSEC,18.246222499999998,-,,-,,18.246222499999998,Small Cap
4230,Bharat Textiles & Proofing Industri,INE201N01019,BHATEXT,18.20008636,-,,-,,18.20008636,Small Cap
4231,SHARPLINE BROADCAST LIMITED,INE647W01014,SHARPLINE,18.333635093999998,-,,SHARPLINE,17.939472500000004,18.136553797000001,Small Cap
4232,PRO CLB GLOBAL LIMITED,INE438C01010,PROCLB,18.1049337,-,,-,,18.1049337,Small Cap
4233,RGF Capital Markets Limited,INE684D01025,RGF,18.099145400000001,-,,-,,18.099145400000001,Small Cap
4234,Steel Strips Infrastructures Limited,INE205F01016,STLSTRINF,18.038373150000002,-,,-,,18.038373150000002,Small Cap
4235,Rekvina Laboratories Ltd,INE092O01028,VINRKLB,18.020605533000001,-,,-,,18.020605533000001,Small Cap
4236,Gilada Finance & Investments Ltd.,INE918C01029,GILADAFINS,17.973024483,-,,-,,17.973024483,Small Cap
4237,AMIN TANNERY LIMITED,INE572Z01017,AMINTAN,17.922677982,-,,-,,17.922677982,Small Cap
4238,Transgene Biotek Ltd.,INE773D01018,TRABI,17.918488416999999,-,,-,,17.918488416999999,Small Cap
4239,Raghunath Tobacco Co. Ltd.,INE754B01012,RAGHUTOB,17.835799999999999,-,,-,,17.835799999999999,Small Cap
4240,BWL Limited,INE1LKO01015,BWLLTD,17.815000000000001,-,,-,,17.815000000000001,Small Cap
4241,Vivid Global Industries Limited,INE737C01023,VIVIDIND,17.807534561000001,-,,-,,17.807534561000001,Small Cap
4242,Kumar Autocast Limited,INE168U01015,-,-,-,-,KUMARAUTO,17.791410000000003,17.791410000000003,Small Cap
4243,Amalgamated Electricity Co. Ltd.,INE492N01022,AMALGAM,17.716483458000003,-,,-,,17.716483458000003,Small Cap
4244,Rapid Investments Ltd.,INE154M01012,RAPIDIN,17.685191478,-,,-,,17.685191478,Small Cap
4245,Ras Resorts & Apart Hotels Ltd.,INE651D01016,RASRESOR,17.677596390999998,-,,-,,17.677596390999998,Small Cap
4246,EPUJA SPIRITECH LIMITED,INE807D01030,EPUJA,17.650739915999999,-,,-,,17.650739915999999,Small Cap
4247,Pressure Sensitive Systems (India),INE891E01024,PRESSURS,17.610569399999999,-,,-,,17.610569399999999,Small Cap
4248,FAMILY CARE HOSPITALS LIMITED,INE146N01016,FAMILYCARE,17.577307705999999,-,,-,,17.577307705999999,Small Cap
4249,Advance Petrochemicals Ltd.,INE334N01018,ADVPETR-B,17.567362500000002,-,,-,,17.567362500000002,Small Cap
4250,Prism Finance Ltd.,INE429Q01019,PRISMFN,17.532446653000001,-,,-,,17.532446653000001,Small Cap
4251,JET SOLAR LIMITED,INE155R01018,JETSOLAR,17.430702100000001,-,,-,,17.430702100000001,Small Cap
4252,Zenith Health Care Ltd.,INE812B01026,ZENITHHE,17.360831775000001,-,,-,,17.360831775000001,Small Cap
4253,Paramount Cosmetics (India) Ltd,INE143I01013,PARMCOS-B,17.319929291999998,-,,-,,17.319929291999998,Small Cap
4254,Benara Bearings and Pistons Limited,INE495Z01011,BENARA,17.301643544000001,-,,-,,17.301643544000001,Small Cap
4255,PDP Shipping & Projects Limited,INE0ABU01016,PSPL,17.286930911000002,-,,-,,17.286930911000002,Small Cap
4256,Pratibha Industries Ltd.,INE308H01022,PRATIBHA,17.179009056000002,-,,-,,17.179009056000002,Small Cap
4257,Palm Jewels Limited,INE838Z01012,PALMJEWELS,17.141759563000001,-,,-,,17.141759563000001,Small Cap
4258,S. M. Gold Limited,INE00Q901014,SMGOLD,17.086314741999999,-,,-,,17.086314741999999,Small Cap
4259,JHS SVENDGAARD RETAIL VENTURES LIMITED,INE03DD01011,RETAIL,17.225232824999999,RETAIL,16.9404,-,,17.082816412500001,Small Cap
4260,CROISSANCE LIMITED,INE587J01027,CROISSANCE,17.081590367,-,,-,,17.081590367,Small Cap
4261,Ventura Textiles Ltd.,INE810C01044,VENTURA,17.030057634000002,-,,-,,17.030057634000002,Small Cap
4262,Thakral Services (India) Limited,INE190F01028,THAKRAL,17.029752511000002,-,,-,,17.029752511000002,Small Cap
4263,South Asian Enteprises Ltd.,INE118B01010,SAENTER,17.014333333,-,,-,,17.014333333,Small Cap
4264,Ind-Agiv Commerce Ltd.,INE115E01010,INDAGIV,17.012927314999999,-,,-,,17.012927314999999,Small Cap
4265,Gujarat Lease Financing Limited,INE540A01017,GLFL,18.729663969000001,GLFL,15.228400000000001,-,,16.979031984500001,Small Cap
4266,Inter State Oil Carrier Ltd,INE003B01014,INTSTOIL,16.96633155,-,,-,,16.96633155,Small Cap
4267,Gujarat Hy-Spin Limited,INE578V01013,GUJHYSPIN,16.890839583000002,-,,-,,16.890839583000002,Small Cap
4268,BHARAT BHUSHAN FINANCE & COMMODITY BROKERS LIMITED,INE900A01013,BHARAT,16.888534740000001,-,,-,,16.888534740000001,Small Cap
4269,Heads UP Ventures Limited,INE759V01019,HEADSUP,16.891907733,HEADSUP,16.8032,-,,16.8475538665,Small Cap
4270,Radha Madhav Corporation Ltd.,INE172H01014,RMCL,16.836743625,-,,-,,16.836743625,Small Cap
4271,STARSOURCE MULTITRADE LIMITED,INE320M01019,STARSOURCE,16.737737500000001,-,,-,,16.737737500000001,Small Cap
4272,INDONG TEA COMPANY LIMITED,INE0KN201016,INDONG,16.714724961000002,-,,-,,16.714724961000002,Small Cap
4273,L.K.MEHTA POLYMERS LIMITED,INE0FFF01017,LKMEHTA,16.690912000000001,-,,-,,16.690912000000001,Small Cap
4274,JMD Ventures Limited,INE047E01031,JMDVL,16.676307413,-,,-,,16.676307413,Small Cap
4275,Square Four Projects India Limited,INE716K01020,SFPIL,16.669081177999999,-,,-,,16.669081177999999,Small Cap
4276,Advance Lifestyles Ltd.,INE900E01015,ADVLIFE,16.570093030999999,-,,-,,16.570093030999999,Small Cap
4277,COSYN Limited,INE029B01019,COSYN,16.559625,-,,-,,16.559625,Small Cap
4278,Desh Rakshak Aushdhalaya Ltd.,INE971E01016,DESHRAK,16.548027868000002,-,,-,,16.548027868000002,Small Cap
4279,Vas Infrastructure  Ltd.,INE192C01013,VASINFRA,16.546646544999998,-,,-,,16.546646544999998,Small Cap
4280,Shiva Granito Export Limited,INE191V01015,SHIVAEXPO,16.532798428,-,,-,,16.532798428,Small Cap
4281,Bazel International Limited,INE217E01014,BAZELINTER,16.532446528999998,-,,-,,16.532446528999998,Small Cap
4282,Shree Securities Ltd.,INE397C01026,SHREESEC,16.511949999999999,-,,-,,16.511949999999999,Small Cap
4283,EP BIOCOMPOSITES LIMITED,INE0D2I01014,EPBIO,16.4986538,-,,-,,16.4986538,Small Cap
4284,Cubical Financial Services Ltd.,INE717D01023,CUBIFIN,16.486923833000002,-,,-,,16.486923833000002,Small Cap
4285,RITA FINANCE AND LEASING LIMITED,INE018S01016,RFLL,17.362500000000001,-,,RFLL,15.583529411764706,16.473014705882353,Small Cap
4286,Visagar Polytex Ltd,INE370E01029,VIVIDHA,16.544897683999999,VIVIDHA,16.396100000000001,-,,16.470498841999998,Small Cap
4287,Iykot Hitech Toolroom Ltd,INE079L01013,IYKOTHITE,16.460594777000001,-,,-,,16.460594777000001,Small Cap
4288,Uniroyal Industries Ltd,INE980D01019,UNIROYAL,16.438973325999999,-,,-,,16.438973325999999,Small Cap
4289,Adishakti Loha and Ispat Limited,INE0CWK01019,ADISHAKTI,16.429526750000001,-,,-,,16.429526750000001,Small Cap
4290,SRM Energy Limited,INE173J01018,SRMENERGY,16.421551999999998,-,,-,,16.421551999999998,Small Cap
4291,Bothra Metals & Alloys Limited,INE583M01012,BMAL,16.399262216,-,,-,,16.399262216,Small Cap
4292,S.I.Capital And Financial Services,INE417F01017,SICAPIT,16.351731666999999,-,,-,,16.351731666999999,Small Cap
4293,Sangam Health Care Products Ltd.,INE431E01011,SANHP,16.346769999999999,-,,-,,16.346769999999999,Small Cap
4294,VASHISHTHA LUXURY FASHION LIMITED,INE0WRP01016,VASHISHTHA,16.331822309,-,,-,,16.331822309,Small Cap
4295,Jaipan Industries Ltd,INE058D01030,JAIPAN,16.326882575999999,-,,-,,16.326882575999999,Small Cap
4296,Trans-Freight Containers Ltd.,INE360D01014,TRANSFRE,16.30836553,-,,-,,16.30836553,Small Cap
4297,Cian Healthcare Limited,INE05BN01027,CHCL,16.298911172,-,,-,,16.298911172,Small Cap
4298,Tai Industries Ltd.,INE358D01018,TAIIND,16.279900000000001,-,,-,,16.279900000000001,Small Cap
4299,BLT Logistics Limited,INE0W4K01013,BLT,16.265793866999999,-,,-,,16.265793866999999,Small Cap
4300,OM METALLOGIC LIMITED,INE0R8Q01018,OML,16.264827605000001,-,,-,,16.264827605000001,Small Cap
4301,Cityman Limited,INE117C01010,CITYMAN,16.242979474000002,-,,-,,16.242979474000002,Small Cap
4302,AIK Pipes and Polymers Limited,INE0QFT01015,AIKPIPES,16.215840374999999,-,,-,,16.215840374999999,Small Cap
4303,Frontline Corporation Limited,INE092D01013,FRONTCORP,16.20025,-,,-,,16.20025,Small Cap
4304,Willard India Ltd.,INE481D01018,WILLARD,16.184660000000001,-,,-,,16.184660000000001,Small Cap
4305,DJS Stock & Shares Ltd.,INE234E01027,DJSSS,16.173364800000002,-,,-,,16.173364800000002,Small Cap
4306,Impex Ferro tech Ltd.,INE691G01015,IMPEXFERRO,16.102474983,IMPEXFERRO,15.964700000000001,-,,16.033587491500001,Small Cap
4307,Kandagiri Spinning Mills Ltd.,INE292D01019,KANDAGIRI,16.02134835,-,,-,,16.02134835,Small Cap
4308,SIMPLEX MILLS COMPANY LIMITED,INE457H01027,SIMPLXMIL,15.952901769999999,-,,-,,15.952901769999999,Small Cap
4309,Online Information Technologies Limited,INE831F01019,-,-,-,-,OITL,15.928100000000001,15.928100000000001,Small Cap
4310,Technopack Polymers Limited,INE0MXP01015,TECHNOPACK,15.907590000000001,-,,-,,15.907590000000001,Small Cap
4311,Decillion Finance Ltd.,INE848N01017,DFL,15.8767,-,,-,,15.8767,Small Cap
4312,Adhbhut Infrastructure Ltd.,INE578L01014,ADHBHUTIN,15.846783333000001,-,,-,,15.846783333000001,Small Cap
4313,Zenlabs Ethica Limited,INE546F01013,ZENLABS,15.832085228999999,-,,-,,15.832085228999999,Small Cap
4314,Kunststoffe Industries Ltd.,INE638D01021,KUNSTOFF,15.813296416999998,-,,-,,15.813296416999998,Small Cap
4315,Prism Medico and Pharmacy Ltd.,INE730E01016,PRISMMEDI,15.264225233000001,-,,PRISMMEDI,16.299980598313724,15.782102915656862,Small Cap
4316,Patback Business Limited,INE401L01019,-,-,-,-,PATBACK,15.781920000000001,15.781920000000001,Small Cap
4317,Global Longlife Hospital and Research Limited,INE0J2K01014,GLHRL,15.7730125,-,,-,,15.7730125,Small Cap
4318,ANS Limited,INE234J01018,ANSINDUS,15.7684572,-,,-,,15.7684572,Small Cap
4319,KISAAN PARIVAR INDUSTRIES LIMITED,INE102C01020,KISAAN,15.74804,-,,-,,15.74804,Small Cap
4320,Shyam Telecom Ltd.,INE635A01023,SHYAMTEL,15.826554916999999,SHYAMTEL,15.6462,-,,15.7363774585,Small Cap
4321,Integrated Capital Services Ltd,INE682B01023,ICSL,15.724866133000001,-,,-,,15.724866133000001,Small Cap
4322,Bihariji Ispat Udyog Limited,INE073F01018,-,-,-,-,BIUL,15.705000000000005,15.705000000000005,Small Cap
4323,Hit Kit Global Solutions Ltd,INE309B01023,HITKITGLO,15.7010775,-,,-,,15.7010775,Small Cap
4324,DISHA RESOURCES LIMITED,INE193D01019,DRL,15.696990274999999,-,,-,,15.696990274999999,Small Cap
4325,IND Renewable Energy Ltd,INE138O01029,INDRENEW,15.675523758000001,-,,-,,15.675523758000001,Small Cap
4326,Vivaa Tradecom Limited,INE0PA601017,VIVAA,15.673875000000001,-,,-,,15.673875000000001,Small Cap
4327,Sree chem Resins Ltd,INE377C01010,SRECR,15.64906,-,,-,,15.64906,Small Cap
4328,RAUNAQ INTERNATIONAL LIMITED,INE523K01012,RAUNAQ,15.575751232,-,,-,,15.575751232,Small Cap
4329,NIVAKA FASHIONS LIMITED,INE139E01028,NIVAKA,16.792382249999999,-,,NIVAKA,14.309146764705886,15.550764507352943,Small Cap
4330,Brisk Technovision Limited,INE0Q6L01014,BRISK,15.50315,-,,-,,15.50315,Small Cap
4331,KALLAM TEXTILES LTD,INE629F01025,KALLAM,15.456331233000002,-,,-,,15.456331233000002,Small Cap
4332,Kkalpana Plastick Limited,INE465K01016,KKPLASTICK,15.451287831,-,,-,,15.451287831,Small Cap
4333,Starlite Global Enterprises (India) Limited,INE870X01010,-,-,-,-,SGEL,15.434421240000001,15.434421240000001,Small Cap
4334,V R FILMS & STUDIOS LIMITED,INE06LG01010,VRFILMS,15.416432266999999,-,,-,,15.416432266999999,Small Cap
4335,Blue Chip India Ltd,INE657B01025,BLUECHIP,17.374780149999999,BLUECHIP,13.4122,-,,15.393490074999999,Small Cap
4336,Astron Multigrain Limited,INE0RUY01012,ASTRONMULT,15.366336666999999,-,,-,,15.366336666999999,Small Cap
4337,Golechha Global Finance Ltd.,INE427D01011,GOLECHA,15.307416666999998,-,,-,,15.307416666999998,Small Cap
4338,Eastern Treads Ltd.,INE500D01015,EASTRED,15.3019868,-,,-,,15.3019868,Small Cap
4339,Continental Chemicals Ltd.,INE423K01015,CONTCHM,15.289151800000001,-,,-,,15.289151800000001,Small Cap
4340,Comfort Commotrade Limited,INE456N01019,COMCL,15.251442000000001,-,,-,,15.251442000000001,Small Cap
4341,Mehta Integrated Finance Ltd.,INE240B01012,MEHIF,15.236375000000001,-,,-,,15.236375000000001,Small Cap
4342,Laffan Software Limited,INE991F01011,-,-,-,-,LAFFANSOFT,15.221700000000011,15.221700000000011,Small Cap
4343,Daulat Securities Ltd.,INE108C01019,DAULAT,15.218666666999999,-,,-,,15.218666666999999,Small Cap
4344,HB Leasing & Finance Co. Ltd.,INE549B01016,HBLEAS,15.211572869999999,-,,-,,15.211572869999999,Small Cap
4345,MFL India Ltd,INE244C01020,MFLINDIA,15.180302933000002,-,,-,,15.180302933000002,Small Cap
4346,SHIVAMSHREE BUSINESSES LIMITED,INE857P01021,SBL,15.14323875,-,,-,,15.14323875,Small Cap
4347,Kachchh Minerals Ltd.,INE059E01010,KACHCHH,15.140916496000001,-,,-,,15.140916496000001,Small Cap
4348,Gujarat Investa Ltd.,INE373D01017,GUJINV,15.136453780000002,-,,-,,15.136453780000002,Small Cap
4349,VARYAA CREATIONS LIMITED,INE0R6801013,VARYAA,15.122349333000001,-,,-,,15.122349333000001,Small Cap
4350,AUDROC Limited,INE061B01038,AUDROC,15.111854166999999,-,,-,,15.111854166999999,Small Cap
4351,Chemiesynth (Vapi) Limited,INE829R01018,CHEMIESYNT,15.099308916999998,-,,-,,15.099308916999998,Small Cap
4352,VIKAS PROPPANT & GRANITE LTD.,INE767B01022,VIKASPROP,15.097133333000002,-,,-,,15.097133333000002,Small Cap
4353,Tacent Projects Limited,INE149D01011,TACENT,15.09401145,-,,-,,15.09401145,Small Cap
4354,Kinetic Trust Ltd.,INE674M01019,KINETRU,15.031324,-,,-,,15.031324,Small Cap
4355,Sarvottam Finvest Limited,INE822Q01015,SARVOTTAM,15.00075,-,,-,,15.00075,Small Cap
4356,Lypsa Gems & Jewellery Limited,INE142K01011,LYPSAGEMS,15.008338800000001,LYPSAGEMS,14.946199999999999,-,,14.977269400000001,Small Cap
4357,Svarnim Trade Udyog Limited,INE730R01042,SNIM,26.989042125000001,-,,SVARNIM,2.731587625,14.860314875,Small Cap
4358,VISHVPRABHA VENTURES LIMITED,INE762D01011,VISVEN,14.8590467,-,,-,,14.8590467,Small Cap
4359,Shree Manufacturing Co. Ltd.,INE632A01012,SHRMFGC,14.858305521,-,,-,,14.858305521,Small Cap
4360,AMS POLYMERS LIMITED,INE345U01019,AMS,14.846086021000001,-,,-,,14.846086021000001,Small Cap
4361,Vani Commercials Limited,INE661Q01017,VANICOM,14.844895443,-,,-,,14.844895443,Small Cap
4362,NEOPOLITAN PIZZA AND FOODS LIMITED,INE471R01019,NPFL,14.808841666999999,-,,-,,14.808841666999999,Small Cap
4363,Yash Management & Satellite Ltd.,INE216B01012,YASHMGM,14.787025,-,,-,,14.787025,Small Cap
4364,Tokyo Finance Ltd.,INE546D01018,TOKYOFIN,14.785034203999999,-,,-,,14.785034203999999,Small Cap
4365,Munoth Financial Services Ltd.,INE348D01019,MUNOTHFI,14.783361133000001,-,,-,,14.783361133000001,Small Cap
4366,Perfect-Octave Media Projects Ltd,INE814L01013,OCTAVE,14.723541597999999,-,,-,,14.723541597999999,Small Cap
4367,TIAAN CONSUMER LIMITED,INE864T01011,TIAANC,14.716854202,-,,-,,14.716854202,Small Cap
4368,Golden Legand Leasing & Finance Ltd,INE088E01019,GOLDLEG,14.711262749999999,-,,-,,14.711262749999999,Small Cap
4369,RADAAN MEDIAWORKS (I) LIMITED,INE874F01027,RADAAN,12.634401992000001,RADAAN,16.777000000000001,-,,14.705700996000001,Small Cap
4370,BKV Industries Ltd.,INE356C01022,BKV,14.702288655000002,-,,-,,14.702288655000002,Small Cap
4371,Maitri Enterprises Limited,INE501L01024,MAITRI,14.697833333000002,-,,-,,14.697833333000002,Small Cap
4372,Suncare Traders Limited,INE452S01025,SCTL,14.6455,-,,-,,14.6455,Small Cap
4373,KBS INDIA LIMITED,INE883D01023,KBSINDIA,14.636558536000001,-,,-,,14.636558536000001,Small Cap
4374,Shirpur Gold Refinery Ltd.,INE196B01016,SHIRPUR-G,14.626875404,-,,-,,14.626875404,Small Cap
4375,Franklin Leasing and Finance Limited,INE399S01010,FRANKLIN,14.6263392,-,,-,,14.6263392,Small Cap
4376,Sterling Powergensys Limited,INE067E01013,STERPOW,14.583981219,-,,-,,14.583981219,Small Cap
4377,Minolta Finance Ltd.,INE514C01026,MINOLTAF,14.545,-,,-,,14.545,Small Cap
4378,GLAAM UP JWEL LIMITED,INE03CM01014,GLAAMUP,14.506064,-,,-,,14.506064,Small Cap
4379,NPR Finance Ltd.,INE446D01011,NPRFIN,14.483950893000001,-,,-,,14.483950893000001,Small Cap
4380,Tuni Textile Mills Ltd.,INE560D01027,TUNITEX,14.465206066999999,-,,-,,14.465206066999999,Small Cap
4381,United Credit ltd.,INE858C01027,UNITDCR,14.449011577,-,,-,,14.449011577,Small Cap
4382,UR SUGAR INDUSTRIES LIMITED,INE904R01027,URSUGAR,14.441437499999999,-,,-,,14.441437499999999,Small Cap
4383,Zodiac Ventures Limited,INE945J01027,ZODIACVEN,14.4321793,-,,-,,14.4321793,Small Cap
4384,S & T Corporation Limited,INE110Q01023,STCORP,14.418474825000001,-,,-,,14.418474825000001,Small Cap
4385,Solid Stone Company Ltd.,INE584G01012,SOLIDSTON,14.409478166999998,-,,-,,14.409478166999998,Small Cap
4386,Moongipa Capital Finance Ltd.,INE153K01018,MONGIPA,14.408116940000001,-,,-,,14.408116940000001,Small Cap
4387,INFRONICS SYSTEMS LIMITED,INE463B01036,INFRONICS,14.391812838,-,,-,,14.391812838,Small Cap
4388,INNOKAIZ INDIA LIMITED,INE0LDI01022,INNOKAIZ,14.361090919999999,-,,-,,14.361090919999999,Small Cap
4389,STELLAR CAPITAL SERVICES LIMITED,INE325P01011,STELLAR,14.359934924999999,-,,-,,14.359934924999999,Small Cap
4390,Regal Entertainment & Consultants Ltd.,INE101E01010,REGAL,14.248315316999999,-,,-,,14.248315316999999,Small Cap
4391,Usha Martin Education & Solutions Limited,INE240C01028,UMESLTD,14.238122128999999,UMESLTD,14.1668,-,,14.2024610645,Small Cap
4392,Adinath Textiles Ltd.,INE207C01019,ADINATH,14.186908837999999,-,,-,,14.186908837999999,Small Cap
4393,Eastern Gases Limited,INE846C01014,EASTERNGAS,14.145,-,,-,,14.145,Small Cap
4394,Anglo-French Drugs & Industries Limited,INE570E01016,-,-,-,-,AFDIL,14.142369100000002,14.142369100000002,Small Cap
4395,Alchemist Corporation Ltd,INE057D01016,ALCHCORP,14.130591203,-,,-,,14.130591203,Small Cap
4396,Vanta Bioscience Limited,INE695X01011,VANTABIO,14.105822266999999,-,,-,,14.105822266999999,Small Cap
4397,Ganon Products Limited,INE162L01017,GANONPRO,14.097430316999999,-,,-,,14.097430316999999,Small Cap
4398,Fruition Venture Limited,INE836C01015,FRUTION,14.083500000000001,-,,-,,14.083500000000001,Small Cap
4399,SRU Steels Limited,INE425C01017,SRUSTEELS,14.036773363,-,,-,,14.036773363,Small Cap
4400,Norris Medicines Ltd.,INE744C01029,NORRIS,14.024815002,-,,-,,14.024815002,Small Cap
4401,Uniinfo Telecom Services Ltd.,INE481Z01011,-,-,UNIINFO,14.023999999999999,-,,14.023999999999999,Small Cap
4402,Tamilnadu Steel Tubes Ltd.,INE176E01012,TNSTLTU,14.000398412999999,-,,-,,14.000398412999999,Small Cap
4403,KCD INDUSTRIES INDIA LIMITED,INE185U01035,KCDGROUP,13.956120738999999,-,,-,,13.956120738999999,Small Cap
4404,Bil Energy Systems Limited,INE607L01029,BILENERGY,13.953455999999999,-,,-,,13.953455999999999,Small Cap
4405,PBA INFRASTRUCTURE LTD.,INE160H01019,PBAINFRA,13.946193051,-,,-,,13.946193051,Small Cap
4406,J.J. Finance Corporation Ltd.,INE584C01011,JJFINCOR,13.945346499999999,-,,-,,13.945346499999999,Small Cap
4407,Manipal Finance Corporation Ltd.,INE798E01013,MNPLFIN,13.904223822999999,-,,-,,13.904223822999999,Small Cap
4408,JMG Corporation Ltd,INE745F01011,JMGCORP,13.893772088,-,,-,,13.893772088,Small Cap
4409,Garware Marine Industries Ltd.,INE925D01014,GARWAMAR,13.886604824000001,-,,-,,13.886604824000001,Small Cap
4410,Beryl Securities Ltd,INE508J01015,BERYLSE,13.883761574000001,-,,-,,13.883761574000001,Small Cap
4411,Parmax Pharma Limited,INE240T01014,PARMAX,13.873738080000001,-,,-,,13.873738080000001,Small Cap
4412,Garbi Finvest Limited,INE721C01019,GARBIFIN,13.861558022000001,-,,-,,13.861558022000001,Small Cap
4413,R.J. Shah & Co. Ltd.,INE712Z01019,RJSHAH,13.858566053999999,-,,-,,13.858566053999999,Small Cap
4414,Raj Packaging Industries Ltd.,INE639C01013,RAJPACK,13.856091299999999,-,,-,,13.856091299999999,Small Cap
4415,Karnavati Finance Limited,INE554R01020,KARNAVATI,13.809537499999999,-,,-,,13.809537499999999,Small Cap
4416,Kalyani Commercials Ltd.,INE610E01010,-,-,KALYANI,13.808999999999999,-,,13.808999999999999,Small Cap
4417,ADHATA GLOBAL LIMITED,INE586D01014,ADHHATA,13.771617750000001,-,,-,,13.771617750000001,Small Cap
4418,Muller & Phipps (India) Ltd.,INE003F01015,MULLER,13.766588541999999,-,,-,,13.766588541999999,Small Cap
4419,Triumph International Finance India,INE382B01012,TRIUMPIN,13.7476875,-,,-,,13.7476875,Small Cap
4420,Pan Electronics India Ltd.,INE648E01010,PANELEC,13.7178,-,,-,,13.7178,Small Cap
4421,Kiran Print-Pack Ltd.,INE516D01011,KIRANPR,13.691144593999999,-,,-,,13.691144593999999,Small Cap
4422,Econo Trade (India) Limited,INE937K01014,ETIL,13.639991494999999,-,,-,,13.639991494999999,Small Cap
4423,Samyak International Limited,INE607G01011,SAMYAKINT,13.63422635,-,,-,,13.63422635,Small Cap
4424,Prag Bosimi Synthetics Ltd.,INE962B01011,PRAGBOS,13.62447884,-,,-,,13.62447884,Small Cap
4425,SHARANAM INFRAPROJECT AND TRADING LIMITED,INE104S01022,SIPTL,13.618219386000002,-,,-,,13.618219386000002,Small Cap
4426,CONTAINE TECHNOLOGIES LIMITED,INE0M8901010,CONTAINE,13.603806016999998,-,,-,,13.603806016999998,Small Cap
4427,Dhillon Freight Carrier Limited,INE0SPJ01011,DHILLON,13.587275333000001,-,,-,,13.587275333000001,Small Cap
4428,Mish Designs Limited,INE0QI101019,MISHDESIGN,13.58053475,-,,-,,13.58053475,Small Cap
4429,Creative Eye Ltd.,INE230B01021,CREATIVEYE,13.646296083000001,CREATIVEYE,13.509399999999999,-,,13.577848041500001,Small Cap
4430,HCKK Ventures Limited,INE345Q01017,HCKKVENTURE,13.565862333000002,-,,-,,13.565862333000002,Small Cap
4431,Niraj Ispat Industries Ltd.,INE326T01011,-,-,NIRAJISPAT,13.5648,-,,13.5648,Small Cap
4432,Velox Shipping and Logistics Limited,INE092P01017,VELOX,13.563774,-,,-,,13.563774,Small Cap
4433,Anuroop Packaging Limited,INE490Z01012,ANUROOP,13.523621824999999,-,,-,,13.523621824999999,Small Cap
4434,G. K. P. Printing & Packaging Limited,INE05QJ01015,GKP,13.508566112999999,-,,-,,13.508566112999999,Small Cap
4435,Sri Nachammai Cotton Mills Ltd.,INE443E01016,SRINACHA,13.506335833000001,-,,-,,13.506335833000001,Small Cap
4436,Agarwal Duplex Board Mills Limited,INE290T01027,-,-,-,-,ADBML,13.5,13.5,Small Cap
4437,Associated Coaters Limited,INE0RIQ01013,ASSOCIATED ,13.483811466999999,-,,-,,13.483811466999999,Small Cap
4438,Seasons Textiles Ltd,INE707B01010,SEASONST,13.470930034999999,-,,-,,13.470930034999999,Small Cap
4439,White Organic Agro Limited,INE146C01019,WHITEORG,13.4575,-,,-,,13.4575,Small Cap
4440,Alps Industries Ltd.,INE093B01015,ALPSINDUS,13.455250400000001,-,,-,,13.455250400000001,Small Cap
4441,SRG FINGROW FINANCE LIMITED,INE326P01019,SRGFFL,13.4483549,-,,-,,13.4483549,Small Cap
4442,Gautam Gems Limited,INE063Z01017,GGL,13.440676809000001,-,,-,,13.440676809000001,Small Cap
4443,Jackson Investments Limited,INE508N01025,JACKSON,13.418599074999999,-,,-,,13.418599074999999,Small Cap
4444,B.C. Power Controls Limited,INE905P01028,BCP,13.413233332999999,-,,-,,13.413233332999999,Small Cap
4445,Winsome Yarns Ltd.,INE784B01035,WINSOME,13.221662596,WINSOME,13.594099999999999,-,,13.407881298,Small Cap
4446, Arrowhead Seperation Engineering Limited,INE0PP401015,ARROWHEAD,13.406998802,-,,-,,13.406998802,Small Cap
4447,Rama Paper Mills Limited,INE425E01013,RAMAPPR-B,13.327586268000001,-,,-,,13.327586268000001,Small Cap
4448,Quasar India Limited,INE855P01041,QUASAR,13.3263648,-,,-,,13.3263648,Small Cap
4449,AVI PRODUCTS INDIA LIMITED,INE316O01021,APIL,13.319302435999999,-,,-,,13.319302435999999,Small Cap
4450,Antarctica Ltd.,INE414B01021,-,-,ANTGRAPHIC,13.3024,-,,13.3024,Small Cap
4451,G.k.Consultants Ltd.,INE131D01019,GKCONS,13.299000465000001,-,,-,,13.299000465000001,Small Cap
4452,TIJARIA POLYPIPES LIMITED,INE440L01017,TIJARIA,13.331636395,TIJARIA,13.218299999999999,-,,13.2749681975,Small Cap
4453,Sovereign Diamonds Ltd,INE959D01013,SOVERDIA,13.255826879999999,-,,-,,13.255826879999999,Small Cap
4454,United Interactive Limited,INE706D01018,UNITEDINT,13.23034825,-,,-,,13.23034825,Small Cap
4455,Octavius Plantations Limited,INE117S01016,OCTAVIUSPL,13.189875000000001,-,,-,,13.189875000000001,Small Cap
4456,S.V. Trading & Agencies Ltd.,INE404N01019,ZSVTRADI,13.184100000000001,-,,-,,13.184100000000001,Small Cap
4457,Colinz Laboratories ltd.,INE923C01011,COLINZ,13.141304999999999,-,,-,,13.141304999999999,Small Cap
4458,Eurotex Industries & Exports Ltd.,INE022C01012,EUROTEXIND,13.499072975000001,EUROTEXIND,12.782299999999999,-,,13.1406864875,Small Cap
4459,Unipro Technologies Limited,INE448F01012,UPROTECH,13.139378107999999,-,,-,,13.139378107999999,Small Cap
4460,Scintilla Commercial & Credit  Limited,INE892C01018,SCC,13.111151298000001,-,,-,,13.111151298000001,Small Cap
4461,GROARC INDUSTRIES INDIA LIMITED,INE042B01012,GROARC,13.103524638,-,,-,,13.103524638,Small Cap
4462,Coastal Roadways Ltd.,INE229E01019,COARO,13.095819801999999,-,,-,,13.095819801999999,Small Cap
4463,Emmessar Biotech & Nutrition Ltd.,INE634B01016,EMMESSA,13.051436933,-,,-,,13.051436933,Small Cap
4464,Frontier Capital Limited,INE977E01013,FRONTCAP,13.043896193,-,,-,,13.043896193,Small Cap
4465,ZINEMA MEDIA AND ENTERTAINMENT LIMITED,INE641Q01019,ZINEMA,13.023685125,-,,-,,13.023685125,Small Cap
4466,GCM Securities Limited,INE168O01026,GCMSECU,13.023341,-,,-,,13.023341,Small Cap
4467,ACI Infocom Ltd.,INE167B01025,ACIIN,13.017669535,-,,-,,13.017669535,Small Cap
4468,Mitshi India Limited,INE844D01017,MITSHI,12.988946667,-,,-,,12.988946667,Small Cap
4469,Neil Industries Ltd.,INE396C01010,NEIL,12.958068582999999,-,,-,,12.958068582999999,Small Cap
4470,Sun Granite Export Limited,INE032M01010,SUNGRAN,12.942463200000001,-,,-,,12.942463200000001,Small Cap
4471,Mihika Industries Ltd.,INE779Q01017,MIHIKA,12.909416667,-,,-,,12.909416667,Small Cap
4472,Typhoon Financial Services Limited,INE761R01013,TFSL,12.908481179999999,-,,-,,12.908481179999999,Small Cap
4473,Asia Pack Ltd.,INE784M01016,ASIAPAK,12.893599111,-,,-,,12.893599111,Small Cap
4474,Natraj Proteins Ltd.,INE444D01016,NATRAJPR,12.884871349999999,-,,-,,12.884871349999999,Small Cap
4475,Prabhu Steel Industries Ltd.,INE821R01015,ZPRBHSTE,12.852225000000001,-,,-,,12.852225000000001,Small Cap
4476,REETECH INTERNATIONAL LIMITED,INE0MKO01015,REETECH,12.827451983,-,,-,,12.827451983,Small Cap
4477,Globale Tessile Limited,INE0URU01010,GLOBALE,12.723000948000001,GLOBALE,12.8451,-,,12.784050474000001,Small Cap
4478,Magnanimous Trade & Finance Ltd.,INE664N01018,MAGANTR,12.776217157,-,,-,,12.776217157,Small Cap
4479,Surya India Limited,INE446E01019,SURYAINDIA,12.749143399999999,-,,-,,12.749143399999999,Small Cap
4480,Goenka Business & Finance Limited,INE997C01015,GBFL,12.532313068000001,-,,GBFL,12.939878948529412,12.736096008264706,Small Cap
4481,Shree Krishna Infrastructure Limited,INE951Z01013,SKIFL,12.717191667,-,,-,,12.717191667,Small Cap
4482,Ladam Affortable Housing Limited,INE213U01019,LAHL,12.699578942,-,,-,,12.699578942,Small Cap
4483,Khandelwal Extraction Ltd.,INE687W01010,ZKHANDEN,12.696916496,-,,-,,12.696916496,Small Cap
4484,Shree Karthik Papers Ltd.,INE538D01015,SHKARTP,12.675663,-,,-,,12.675663,Small Cap
4485,TRUSTWAVE SECURITIES LIMITED,INE668Y01016,TRUSTWAVE,12.656085359999999,-,,-,,12.656085359999999,Small Cap
4486,Sibar Auto Parts Ltd.,INE441C01014,SIBARAUT,12.644042556,-,,-,,12.644042556,Small Cap
4487,Suryo Foods & Industries Ltd.,INE565E01016,SURFI,12.604366499999999,-,,-,,12.604366499999999,Small Cap
4488,Rander Corporation Ltd.,INE821D01031,RANDER,12.579730475,-,,-,,12.579730475,Small Cap
4489,Gitanjali Gems Ltd.,INE346H01014,GITANJALI,12.57329653,-,,-,,12.57329653,Small Cap
4490,Indo-City Infotech Ltd.,INE456B01014,INDOCITY,12.538846667,-,,-,,12.538846667,Small Cap
4491,Univa Foods Limited,INE275F01019,UNIVAFOODS,11.2720436,UNIVAFOODS,13.7681,-,,12.5200718,Small Cap
4492,Asian Warehousing Limited,INE04Z101016,ASIAN,12.516142,-,,-,,12.516142,Small Cap
4493,Sanghvi Brands Limited,INE204Y01010,SBRANDS,12.513725031,-,,-,,12.513725031,Small Cap
4494,Rajdarshan Industries Ltd.,INE610C01014,ARENTERP,12.57328072,ARENTERP,12.394600000000001,-,,12.48394036,Small Cap
4495,CHOTHANI FOODS LIMITED,INE344X01016,CHOTHANI,12.474821333,-,,-,,12.474821333,Small Cap
4496,Western Overseas Study Abroad Limited,INE1MF401019,WOSAL,12.4612728,-,,-,,12.4612728,Small Cap
4497,Krishna Capital And Securities Limited,INE897B01019,KRISHNACAP,12.46020384,-,,-,,12.46020384,Small Cap
4498,Link Pharma Chem Ltd.,INE302F01011,LINKPH,12.458346567,-,,-,,12.458346567,Small Cap
4499,Globe Commercials Limited,INE804Q01013,GLCL,12.073022999999999,-,,GLOBE,12.751543215686276,12.412283107843137,Small Cap
4500,International Securities Limited,INE086D01015,-,-,-,-,ISL,12.404999999999994,12.404999999999994,Small Cap
4501,Ontic Finserve Limited,INE989S01042,ONTIC,12.397163225,-,,-,,12.397163225,Small Cap
4502,ORTIN GLOBAL LIMITED,INE749B01020,ORTINGLOBE,12.19749457,ORTINGLOBE,12.429600000000001,-,,12.313547285,Small Cap
4503,Kahan Packaging Limited,INE04T901017,KAHAN,12.28862,-,,-,,12.28862,Small Cap
4504,DATIWARE MARITIME INFRA LIMITED,INE673U01014,DATIWARE,12.27875,-,,-,,12.27875,Small Cap
4505,Educomp Solutions Ltd,INE216H01027,EDUCOMP,12.306929823999999,EDUCOMP,12.236499999999999,-,,12.271714912,Small Cap
4506,United Leasing & Industries Ltd,INE357P01014,UNTTEMI,12.261225,-,,-,,12.261225,Small Cap
4507,Computer Point Ltd.,INE607B01012,COMPUPN,12.247530703000001,-,,-,,12.247530703000001,Small Cap
4508,P.M. Telelinnks Limited,INE092C01015,PMTELELIN,12.193184792,-,,-,,12.193184792,Small Cap
4509,Resourceful Automobile Limited,INE0SK201011,RAL,12.190809682999999,-,,-,,12.190809682999999,Small Cap
4510,Gyan Developers & Builders Ltd.,INE487G01018,GYANDEV,12.188825,-,,-,,12.188825,Small Cap
4511,Shivagrico Implements Ltd.,INE092H01014,SHIVAGR,12.18542946,-,,-,,12.18542946,Small Cap
4512,Sumeru Industries Ltd.,INE764B01029,SUMERUIND,12.170400000000001,-,,-,,12.170400000000001,Small Cap
4513,FGP Ltd,INE512A01016,FGP,12.166753790000001,-,-,-,,12.166753790000001,Small Cap
4514,India Lease Devl. Ltd.,INE333C01013,INDLEASE,12.147585468000001,-,,-,,12.147585468000001,Small Cap
4515,Devrup Trading Limited,INE790R01012,-,-,-,-,DEVRUPTRAD,12.146200000000006,12.146200000000006,Small Cap
4516,HARIYANA VENTURES LIMITED,INE219D01012,HVL,12.13245,-,,-,,12.13245,Small Cap
4517,Ushakiran Finance Ltd.,INE697C01011,USHAKIRA,12.111523141999999,-,,-,,12.111523141999999,Small Cap
4518,Bindal Exports Limited,INE564V01013,BINDALEXPO,12.081302123,-,,-,,12.081302123,Small Cap
4519,Svaraj Trading & Agencies Ltd.,INE406N01014,ZSVARAJT,12.04448125,-,,-,,12.04448125,Small Cap
4520,NEW LIGHT INDUSTRIES LIMITED,INE835U01027,NEWLIGHT,12.035530609,-,,-,,12.035530609,Small Cap
4521,Citiport Financial Services Ltd.,INE494D01011,CITIPOR,12.025933332999999,-,,-,,12.025933332999999,Small Cap
4522,ASIA CAPITAL LIMITED,INE131Q01011,ASIACAP,12.015692367,-,,-,,12.015692367,Small Cap
4523,SDC TECHMEDIA LIMITED,INE807O01011,SDC,12.013072749999999,-,,-,,12.013072749999999,Small Cap
4524,SHANGAR DECOR LIMITED,INE118R01032,SHANGAR,11.999672133000001,-,,-,,11.999672133000001,Small Cap
4525,VEDANT ASSET LIMITED,INE0NC801013,VEDANTASSET,11.974021440000001,-,,-,,11.974021440000001,Small Cap
4526,Getalong Enterprise Limited,INE0H1201020,GETALONG,11.973915,-,,-,,11.973915,Small Cap
4527,Anna Infrastructures Ltd,INE336D01014,ANNAINFRA,11.973736667000001,-,,-,,11.973736667000001,Small Cap
4528,Tasty Dairy Specialities Limited,INE773Y01014,TDSL,11.97010725,-,,-,,11.97010725,Small Cap
4529,Gemstone Investments Ltd.,INE503D01027,GEMSI,11.968097917,-,,-,,11.968097917,Small Cap
4530,BKM INDUSTRIES LIMITED,INE831Q01016,BKMINDST,11.927197100000001,-,,-,,11.927197100000001,Small Cap
4531,GOBLIN INDIA LIMITED,INE492Z01018,GOBLIN,11.914980359000001,-,,-,,11.914980359000001,Small Cap
4532,Tarai Foods Ltd.,INE906C01016,TARAI,11.905023517,-,,-,,11.905023517,Small Cap
4533,Central Cables Limited,INE672G01015,-,-,-,-,CENTRAL,11.894999999999996,11.894999999999996,Small Cap
4534,Indergiri Finance ltd.,INE628F01019,INDERGR,11.88921685,-,,-,,11.88921685,Small Cap
4535,Jay Kailash Namkeen Limited,INE0MSS01019,JAYKAILASH,11.879333744,-,,-,,11.879333744,Small Cap
4536,Polycon International Ltd.,INE262C01014,POLYCON,11.847796773000001,-,,-,,11.847796773000001,Small Cap
4537,CEMANTIC INFRA-TECH LIMITED,INE222B01028,CEMAINFRA,11.814058059999999,-,,-,,11.814058059999999,Small Cap
4538,Eon Electric Ltd,INE076H01025,EON,11.781018802,-,,-,,11.781018802,Small Cap
4539,i Power Solutions India Ltd.,INE468F01010,IPOWER,11.774256525,-,,-,,11.774256525,Small Cap
4540,Citichem India Limited,INE0A8401016,CITICHEM,11.760260000000001,-,,-,,11.760260000000001,Small Cap
4541,Janus Corporation Limited,INE04OV01018,JANUSCORP,11.757992,-,,-,,11.757992,Small Cap
4542,Sabrimala Industries India Limited,INE400R01018,SIIL,11.733783767,-,,-,,11.733783767,Small Cap
4543,Tirth Plastic Ltd.,INE008N01018,TIRTPLS,11.727690156,-,,-,,11.727690156,Small Cap
4544,Garware Synthetics Ltd.,INE340D01016,GARWSYN,11.725797133,-,,-,,11.725797133,Small Cap
4545,Sab Events & Governance Now Media Limited,INE860T01019,SABEVENTS,11.866949302,SABEVENTS,11.578799999999999,-,,11.722874651,Small Cap
4546,Kizi Apparels Limited,INE0RMR01013,KIZI,11.66422644,-,,-,,11.66422644,Small Cap
4547,Sungold Media and Entertainment Limited,INE266S01011,SMEL,11.644966667,-,,-,,11.644966667,Small Cap
4548,Yogi Sung-won (India) Ltd.,INE429B01011,YOGISUNG,11.589629637,-,,-,,11.589629637,Small Cap
4549,Humming Bird Education Limited,INE02PC01027,HBEL,11.583094750000001,-,,-,,11.583094750000001,Small Cap
4550,Shamrock Industrial Co. Ltd.,INE022F01015,SHAMROIN,11.5054929,-,,-,,11.5054929,Small Cap
4551,First Custodian Fund (India) Ltd.,INE609B01018,1STCUS,11.504200000000001,-,,-,,11.504200000000001,Small Cap
4552,Svam Software Ltd,INE119B01018,SVAMSOF,11.477623658000001,-,,-,,11.477623658000001,Small Cap
4553,Dalal Street Investments Ltd.,INE422D01012,DSINVEST,11.456248176999999,-,,-,,11.456248176999999,Small Cap
4554,Compuage Infocom Ltd,INE070C01037,COMPINFO,11.550099285,COMPINFO,11.332800000000001,-,,11.4414496425,Small Cap
4555,Jauss Polymers Ltd,INE593O01017,JAUSPOL,11.431491869,-,,-,,11.431491869,Small Cap
4556,Tarini International Limited,INE849M01017,TARINI,11.4141937,-,,-,,11.4141937,Small Cap
4557,Sterling International Enterprises Limited,INE696C01021,STEERINTER,11.398928855999999,-,,-,,11.398928855999999,Small Cap
4558,Brandbucket Media & Technology Limited,INE0ILD01014,BRANDBUCKT,11.38820368,-,,-,,11.38820368,Small Cap
4559,ACE ENGITECH LIMITED,INE035401020,ACEENGITEC,11.360959684000001,-,,-,,11.360959684000001,Small Cap
4560,MT EDUCARE LIMITED,INE472M01018,MTEDUCARE,11.266974524,MTEDUCARE,11.3705,-,,11.318737261999999,Small Cap
4561,SOUTHERN INFOCONSULTANTS LIMITED,INE298B01010,SOUTHERNIN,11.303283,-,,-,,11.303283,Small Cap
4562,Tarini Enterprises Limited,INE999P01013,-,-,-,-,TARINIENT,11.299466250000004,11.299466250000004,Small Cap
4563,DHYAANI TRADEVENTTURES LIMITED,INE0K5F01014,DHYAANITR,11.2920192,-,,-,,11.2920192,Small Cap
4564,Shri Rajivlochan Oil Extraction Ltd,INE418K01015,SHRAJOI,11.283343642,-,,-,,11.283343642,Small Cap
4565,Vijay Textiles Ltd.,INE256G01033,VIJAYTX,11.27862575,-,,-,,11.27862575,Small Cap
4566,UFM Industries Ltd,INE832E01010,UFMINDL,11.266999999999999,-,,-,,11.266999999999999,Small Cap
4567,Arihant Classic Finance Limited,INE763C01011,-,-,-,-,ARIHANTCFL,11.2643799,11.2643799,Small Cap
4568,Interworld Digital Ltd.,INE177D01020,INTERDIGI,11.245845975,-,,-,,11.245845975,Small Cap
4569,Billwin Industries Limited,INE0CRS01012,BILLWIN,11.241576684,-,,-,,11.241576684,Small Cap
4570,Kumbhat Financial Services Ltd.,INE795E01019,KUMPFIN,11.2290264,-,,-,,11.2290264,Small Cap
4571,Lords Ishwar Hotels Limited,INE689J01013,LORDSHOTL,11.228468250000001,-,,-,,11.228468250000001,Small Cap
4572,Pyxis Finvest Limited,INE883L01018,PYXISFIN,11.226522959999999,-,,-,,11.226522959999999,Small Cap
4573,J.K.Pharmachem Ltd.,INE335C01018,JKPHARMA,11.220600501,-,,-,,11.220600501,Small Cap
4574,Gallops Enterprise  Limited,INE755J01012,GALLOPENT,11.21739,-,,-,,11.21739,Small Cap
4575,Sarthak Global Ltd.,INE075H01019,SARTHAKGL,11.21715,-,,-,,11.21715,Small Cap
4576,Swasth Foodtech India Limited,INE0TIR01017,SWASTH,11.213083039000001,-,,-,,11.213083039000001,Small Cap
4577,LADDU GOPAL ONLINE SERVICES LIMITED,INE546I01025,LADDU,11.158579081000001,-,,-,,11.158579081000001,Small Cap
4578,Rajasthan Cylinders & Containers Limited,INE929D01016,RCCL,11.156741619,-,,-,,11.156741619,Small Cap
4579,Marmagoa Steels Ltd.,INE698E01023,MRMGAST,11.152569,-,,-,,11.152569,Small Cap
4580,Leel Electricals Limited,INE245C01019,LEEL,11.131703759999999,-,,-,,11.131703759999999,Small Cap
4581,Pioneer Agro Extracts ltd.,INE062E01014,PIONAGR,11.128848343000001,-,,-,,11.128848343000001,Small Cap
4582,Mid East Portfolio Management Ltd.,INE033E01015,MIDEASTP,11.113910750000001,-,,-,,11.113910750000001,Small Cap
4583,Samtex Fashions Ltd.,INE931D01020,SAMTEX,11.106087499999999,-,,-,,11.106087499999999,Small Cap
4584,Diggi Multitrade Limited,INE158R01012,DML,11.089931125,-,,-,,11.089931125,Small Cap
4585,Aanchal Ispat Limited,INE322R01022,AANCHALISP,11.041669562000001,-,,-,,11.041669562000001,Small Cap
4586,Kenrik Industries Limited,INE0AOG01018,KENRIK,11.030750689,-,,-,,11.030750689,Small Cap
4587,Beryl Drugs Ltd.,INE415H01017,BERLDRG,11.024142969,-,,-,,11.024142969,Small Cap
4588,Impala Industrial Enterprises Limited,INE226G01010,-,-,-,-,IIEL,11.000400000000004,11.000400000000004,Small Cap
4589,I Secure Credit & Capital Services Limited,INE077D01014,-,-,-,-,ISCCL,11.000099999999994,11.000099999999994,Small Cap
4590,Kirti Investments Limited,INE507L01021,-,-,-,-,KIRTIINV,11,11,Small Cap
4591,Source Industries (India) Ltd,INE695C01015,SOURCEIND,10.969316690000001,-,,-,,10.969316690000001,Small Cap
4592,Universal Office Automation Limited,INE951C01012,UNIOFFICE,10.963383877,-,,-,,10.963383877,Small Cap
4593,Robert Resources Limited,INE320V01010,-,-,-,-,ROBERT,10.962149999999996,10.962149999999996,Small Cap
4594,Otco International Ltd,INE910B01028,OTCO,10.937744679000001,-,,-,,10.937744679000001,Small Cap
4595,SUPER FINE KNITTERS LIMITED,INE459U01018,SKL,10.921392938,-,,-,,10.921392938,Small Cap
4596,Santosh Fine-Fab Ltd.,INE612D01018,SANTOSHF,10.886343905,-,,-,,10.886343905,Small Cap
4597,Jiya Eco-Products Limited,INE023S01016,JIYAECO,10.856447581999999,-,,-,,10.856447581999999,Small Cap
4598,Mid India Industries Limited,INE401C01018,MIDINDIA,10.843982499999999,-,,-,,10.843982499999999,Small Cap
4599,VCU Data Management Limited,INE962O01014,VCU,10.841475000000001,-,,-,,10.841475000000001,Small Cap
4600,3C IT Solutions and Telecoms (India) Limited,INE0R7D01018,3CIT,10.841016667,-,,-,,10.841016667,Small Cap
4601,Amforge Industries Ltd.,INE991A01020,AMFORG,10.840164775,-,,-,,10.840164775,Small Cap
4602,Ellora Paper Mills Ltd.,INE384H01023,ELLOPAP,10.84,-,,-,,10.84,Small Cap
4603,CRP Risk Management Limited,INE422M01013,CRPRISK,10.8056682,-,,-,,10.8056682,Small Cap
4604,Sankhya Infotech Ltd.,INE877A01013,SANKHYAIN,10.796628,-,,-,,10.796628,Small Cap
4605,Octal Credit Capital Ltd.,INE513C01010,OCTAL,10.784815918000001,-,,-,,10.784815918000001,Small Cap
4606,Pratiksha Chemicals Ltd.,INE530D01012,PRATIKSH,10.776890379000001,-,,-,,10.776890379000001,Small Cap
4607,Phyto Chem (India) Ltd.,INE037C01010,PHYTO,10.749605833,-,,-,,10.749605833,Small Cap
4608,SHRYDUS INDUSTRIES LIMITED,INE488C01015,SHRYDUS,10.723121454999999,-,,-,,10.723121454999999,Small Cap
4609,Jonjua Overseas Limited,INE793Z01027,JONJUA,10.718302379999999,-,,-,,10.718302379999999,Small Cap
4610,MONIND LIMITED,INE407E01029,MONIND,10.715386751999999,-,,-,,10.715386751999999,Small Cap
4611,Shukra Jewellers Limited,INE344E01016,SHUKJEW,10.710748906999999,-,,-,,10.710748906999999,Small Cap
4612,Viaan Industries Limited,INE324N01027,VIAANINDUS,10.6935807,-,,-,,10.6935807,Small Cap
4613,DR LALCHANDANI LABS LIMITED,INE871Z01013,DLCL,10.671126606,-,,-,,10.671126606,Small Cap
4614,Encash Entertainment Limited,INE552Q01018,ENCASH,10.657565976000001,-,,-,,10.657565976000001,Small Cap
4615,Steadfast Corporation Limited,INE089B01013,-,-,-,-,STEADFAST,10.625189999999995,10.625189999999995,Small Cap
4616,N2N Technologies Limited,INE043F01011,NNTL,10.581368076999999,-,,-,,10.581368076999999,Small Cap
4617,Neelkanth Rockminerals ltd.,INE741D01015,NEELKAN,10.568821165000001,-,,-,,10.568821165000001,Small Cap
4618,GTN Textiles Ltd. (formerly known as GTN Industries Ltd.),INE302H01017,GTNTEX,10.563733785,-,,-,,10.563733785,Small Cap
4619,Rajputana Investment and Finance Ltd.,INE751R01014,RAJPUTANA,10.545945667,-,,-,,10.545945667,Small Cap
4620,East Buildtech Limited,INE706N01017,EASTBUILD,10.543017840000001,-,,-,,10.543017840000001,Small Cap
4621,SHANTI GURU INDUSTRIES LIMITED,INE892L01019,SHANTIGURU,10.528435249999999,-,,-,,10.528435249999999,Small Cap
4622,Kush Industries Limited,INE979D01011,KUSHIND,10.523897916999999,-,,-,,10.523897916999999,Small Cap
4623,VK Global Industries Limited,INE758B01013,VKGLOBAL,10.508932525000001,-,,-,,10.508932525000001,Small Cap
4624,Visisth Chay Vyapar Limited,INE178W01010,-,-,-,-,VISISTH,10.499474999999999,10.499474999999999,Small Cap
4625,Anjani Finance Ltd,INE283D01018,ANJANIFIN,10.482732,-,,-,,10.482732,Small Cap
4626,INTERACTIVE FINANCIAL SERVICES LIMITED,INE064T01018,IFINSER,10.470848919,-,,-,,10.470848919,Small Cap
4627,Yunik Managing Advisors Limited,INE143K01019,YUNIKM,10.443038462999999,-,,-,,10.443038462999999,Small Cap
4628,Sigachi Laboratories Limited,INE368H01018,-,-,-,-,SIGACHI,10.433539500000004,10.433539500000004,Small Cap
4629,DAPS ADVERTISING LIMITED,INE975Z01012,DAPS,10.431520295999999,-,,-,,10.431520295999999,Small Cap
4630,BNR Udyog Ltd.,INE355C01016,BNRUDY,10.427574999999999,-,,-,,10.427574999999999,Small Cap
4631,Deepjyoti Textiles Limited,INE565D01018,-,-,-,-,DEEPJYOTI,10.420799999999996,10.420799999999996,Small Cap
4632,Ashish Polyplast Ltd.,INE831C01016,ASHISHPO,10.420443938,-,,-,,10.420443938,Small Cap
4633,Mehta Securities Ltd.,INE241B01010,MEHSECU,10.399718495,-,,-,,10.399718495,Small Cap
4634,Catvision Limited,INE660B01011,CATVISION,10.375246767,-,,-,,10.375246767,Small Cap
4635,Mayur Leather Products Ltd.,INE799E01011,MAYUR,10.364562209999999,-,,-,,10.364562209999999,Small Cap
4636,Inani Securities Ltd.,INE224C01014,INANISEC,10.360183831999999,-,,-,,10.360183831999999,Small Cap
4637,SSF Limited,INE418F01015,-,-,-,-,SSF,10.317900499999999,10.317900499999999,Small Cap
4638,Basant India Limited,INE603U01011,-,-,-,-,BASANT,10.315000000000005,10.315000000000005,Small Cap
4639,Net Pix Shorts Digital Media Limited,INE0D5F01013,NETPIX,10.308459946999999,-,,-,,10.308459946999999,Small Cap
4640,Standard Shoe Sole and Mould (India) Ltd,INE888N01013,STDSHOE,10.303196854000001,-,,-,,10.303196854000001,Small Cap
4641,Welterman International Ltd.,INE662D01013,WELTI,10.294970411,-,,-,,10.294970411,Small Cap
4642,BGIL Films & Technologies Ltd,INE443D01018,BGIL,10.28180656,-,,-,,10.28180656,Small Cap
4643,Crane Infrastructure Limited,INE176L01017,CRANEINFRA,10.280079349999999,-,,-,,10.280079349999999,Small Cap
4644,Indo Euro Indchem Limited,INE319N01019,INDOEURO,10.268783904000001,-,,-,,10.268783904000001,Small Cap
4645,NEXUS SURGICAL AND MEDICARE LIMITED,INE370Q01015,NEXUSSURGL,10.255799773,-,,-,,10.255799773,Small Cap
4646,N.B. Footwear Ltd.,INE006F01018,NBFOOT,10.234575,-,,-,,10.234575,Small Cap
4647,Adcon Capital Services Limited,INE805Q01028,ADCON,10.226319064,-,,-,,10.226319064,Small Cap
4648,Dhanada Corporatin Limited,INE041F01015,DHANADACO,10.208423040000001,-,,-,,10.208423040000001,Small Cap
4649,Sigrun Holdings Limited,INE633D01022,SIGRUN,10.16956418,-,,-,,10.16956418,Small Cap
4650,Arihants Securities ltd.,INE190D01015,ARISE,10.114666667,-,,-,,10.114666667,Small Cap
4651,Parenteral Drug (India) Ltd.,INE904D01019,PARENTLD,10.1077257,-,,-,,10.1077257,Small Cap
4652,Natural Biocon (India) Limited,INE06MM01016,NATURAL ,10.104064463,-,,-,,10.104064463,Small Cap
4653,Bharati Defence and Infrastructure Ltd,INE673G01013,BHARATIDIL,10.0597884,-,,-,,10.0597884,Small Cap
4654,PROGREX VENTURES LIMITED,INE421E01012,PROGREXV,10.053873067,-,,-,,10.053873067,Small Cap
4655,East Coast Steel Ltd,INE315F01013,ECSTSTL,10.034687275,-,,-,,10.034687275,Small Cap
4656,USS Global Limited,INE277F01015,-,-,-,-,USSGLOBAL,10.019999999999998,10.019999999999998,Small Cap
4657,Samyak Corporation Limited,INE237S01012,-,-,-,-,SAMYAK,9.9500000000000011,9.9500000000000011,Small Cap
4658,RLF Ltd.,INE629C01014,RLF,9.9496618950000002,-,,-,,9.9496618950000002,Small Cap
4659,Camson Bio Technologies Ltd,INE845E01012,CAMSONBIO,9.9299470400000001,-,,-,,9.9299470400000001,Small Cap
4660,VSD Confin ltd.,INE489F01016,VSDCONF,9.9157499999999992,-,,-,,9.9157499999999992,Small Cap
4661,Trident Tools Limited,INE179D01018,TRIDETOOL,9.8981999999999992,-,,-,,9.8981999999999992,Small Cap
4662,Hathway Bhawani Cabletel & Datacom,INE525B01016,HATHWAYB,9.8847000000000005,-,,-,,9.8847000000000005,Small Cap
4663,Shashank Traders Limited,INE508R01018,SHASHANK,9.8798956100000002,-,,-,,9.8798956100000002,Small Cap
4664,Modern Shares and Stockbrokers Ltd.,INE370A01019,MODRNSH,9.8575443570000001,-,,-,,9.8575443570000001,Small Cap
4665,Euphoria Infotech (India) Limited,INE0PYT01018,EUPHORIAIT,9.8425771120000007,-,,-,,9.8425771120000007,Small Cap
4666,Longspur International Ventures Limited,INE180M01033,LONGSPUR,9.82254,-,,-,,9.82254,Small Cap
4667,Kuwer Industries Ltd.,INE430F01010,KUWERIN,9.8176627159999992,-,,-,,9.8176627159999992,Small Cap
4668,Northlink Fiscal And Capital Services Ltd.,INE736P01019,NORTHLINK,8.5000687500000005,-,,NFCSL,11.103749999999998,9.8019093749999993,Small Cap
4669,Dhanvantri Jeevan Rekha Ltd.,INE239F01015,ZDHJERK,9.7443899930000004,-,,-,,9.7443899930000004,Small Cap
4670,Shah Foods Ltd,INE455D01012,SHAHFOOD,9.7311339579999991,-,,-,,9.7311339579999991,Small Cap
4671,AMBASSADOR INTRA HOLDINGS LIMITED,INE342U01016,AIHL,9.7056340040000002,-,,-,,9.7056340040000002,Small Cap
4672,Pasari Spinning Mills Ltd.,INE604F01010,PASARI,9.6864500000000007,-,,-,,9.6864500000000007,Small Cap
4673,Super Bakers (India) Ltd.,INE897A01011,SUPERBAK,9.6848826799999994,-,,-,,9.6848826799999994,Small Cap
4674,DCM Financial Services Ltd.,INE891B01012,DCMFINSERV,9.7172415000000001,DCMFINSERV,9.6388999999999996,-,,9.6780707499999998,Small Cap
4675,Elegant Floriculture & Agrotech (In,INE152E01013,ELEFLOR,9.6760000000000002,-,,-,,9.6760000000000002,Small Cap
4676,Ghushine Fintrrade Ocean Limited,INE009U01011,GHUSHINE,9.6750265099999986,-,,-,,9.6750265099999986,Small Cap
4677,Unity Infraprojects Limited,INE466H01028,UNITY,9.6701441599999995,-,,-,,9.6701441599999995,Small Cap
4678,Trinity League India Limited,INE884X01011,TRINITYLEA,9.6672606160000001,-,,-,,9.6672606160000001,Small Cap
4679,Suvidha Infraestate Corporation Limited,INE936N01010,SICL,9.6632058670000003,-,,-,,9.6632058670000003,Small Cap
4680,Trend Electronics Limited,INE219F01017,TRENDELEC,9.6524999999999999,-,,-,,9.6524999999999999,Small Cap
4681,RACONTEUR GLOBAL RESOURCES LIMITED,INE00WY01013,RACONTEUR,9.6093180379999996,-,,-,,9.6093180379999996,Small Cap
4682,National Plywood Industries Ltd.,INE497C01016,NATPLY,9.5716548130000003,-,,-,,9.5716548130000003,Small Cap
4683,SKYLINE VENTURES INDIA  LIMITED,INE055Q01012,SKILVEN,9.5600004359999993,-,,-,,9.5600004359999993,Small Cap
4684,Resurgere Mines & Minerals India Limited,INE774I01031,RMMIL,9.5459829120000013,-,,-,,9.5459829120000013,Small Cap
4685,MOUNT HOUSING AND INFRASTRUCTURE LIMITED,INE444X01014,MOUNT,9.5313189000000005,-,,-,,9.5313189000000005,Small Cap
4686,BROACH LIFECARE HOSPITAL LIMITED,INE0SFZ01018,BROACH,9.5285237269999996,-,,-,,9.5285237269999996,Small Cap
4687,Sterling Green  Woods  Limited,INE398F01019,STRGRENWO,9.5253423599999998,-,,-,,9.5253423599999998,Small Cap
4688,Jagat Trading Enterprises Limited,INE321F01011,-,-,-,-,JAGAT,9.5026668000000001,9.5026668000000001,Small Cap
4689,Unjha Formulations Ltd.,INE576D01015,UNJHAFOR,9.4253664879999999,-,,-,,9.4253664879999999,Small Cap
4690,Milestone Global Limited,INE151H01018,MILESTONE,9.4206071250000001,-,,-,,9.4206071250000001,Small Cap
4691,Crescent Finstock Limited,INE147E01013,-,-,-,-,CRESCENT,9.4062300000000025,9.4062300000000025,Small Cap
4692,Gagan Gases Ltd.,INE076D01016,GAGAN,9.3493789669999998,-,,-,,9.3493789669999998,Small Cap
4693,SHARP INVESTMENTS LTD,INE909D01026,SHARPINV,9.3389110629999994,-,,-,,9.3389110629999994,Small Cap
4694,Sashwat Technocrats Limited,INE789D01014,SASHWAT,9.3302942840000007,-,,-,,9.3302942840000007,Small Cap
4695,Hardoli Paper Mills Limited,INE699F01010,-,-,-,-,HARDOLI,9.3286982250000001,9.3286982250000001,Small Cap
4696,Kalpa Commercial Limited,INE059Q01014,KALPACOMME,9.3220333330000003,-,,-,,9.3220333330000003,Small Cap
4697,Nijjer Agro Food Ltd.,INE847B01014,NIJJER,9.3024000000000004,-,,-,,9.3024000000000004,Small Cap
4698,James Hotels ltd.,INE510D01014,JAMEHOT,9.2965809999999998,-,,-,,9.2965809999999998,Small Cap
4699,Uniroyal Marine Exports Ltd.,INE602H01010,UNRYLMA,9.2755122419999996,-,,-,,9.2755122419999996,Small Cap
4700,Triveni Glass Ltd.,INE094C01011,TRIVENIGQ,9.2147107070000001,-,,-,,9.2147107070000001,Small Cap
4701,RAJVI LOGITRADE LIMITED,INE381N01019,RAJVI,9.2101991650000006,-,,-,,9.2101991650000006,Small Cap
4702,Aadi Industries Ltd,INE563D01013,AADIIND,9.2050000000000001,-,,-,,9.2050000000000001,Small Cap
4703,Lyons Corporate Market Ltd.,INE100F01019,LYONSCO,9.2047836499999995,-,,-,,9.2047836499999995,Small Cap
4704,Gala Global Products Limited,INE480S01026,GGPL,9.202640992000001,-,,-,,9.202640992000001,Small Cap
4705,Suryavanshi Spinning Mills Ltd.,INE431C01023,SURYVANSP,9.2009620930000011,-,,-,,9.2009620930000011,Small Cap
4706,Bansisons Tea Industries Ltd.,INE856E01019,BANSTEA,9.1936920000000004,-,,-,,9.1936920000000004,Small Cap
4707,OMKAR SPECIALITY CHEMICALS LIMITED,INE474L01016,OMKARCHEM,9.1518957959999998,-,,-,,9.1518957959999998,Small Cap
4708,Siddheswari Garments Ltd.,INE797C01019,SIDDHEGA,9.1179127500000003,-,,-,,9.1179127500000003,Small Cap
4709,U. P. Asbestos Limited,INE181C01016,-,-,-,-,UPAL,9.1071930000000023,9.1071930000000023,Small Cap
4710,Jayabharat Credit Ltd.,INE998D01011,JAYBHCR,9.1056249999999999,-,,-,,9.1056249999999999,Small Cap
4711,Sunraj Diamond Exports Ltd.,INE459D01014,SUNRAJDI,9.1049895000000003,-,,-,,9.1049895000000003,Small Cap
4712,Shakumbhri Pulp & Paper Mills Limited,INE509T01012,-,-,-,-,SHAKUMBHRI,9.0978000000000012,9.0978000000000012,Small Cap
4713,Clinitech Laboratory Limited,INE0QMR01015,CTLLAB,9.0795583799999999,-,,-,,9.0795583799999999,Small Cap
4714,BFL Asset Finvest Limited,INE948Q01018,BFLAFL,9.0601978249999995,-,,-,,9.0601978249999995,Small Cap
4715,Sri Lakshmi Saraswathi Textiles (Ar,INE456D01010,SLSTLQ,9.0584422730000007,-,,-,,9.0584422730000007,Small Cap
4716,Premier Limited,INE342A01018,PREMIER,9.1135427329999992,PREMIER,8.9989000000000008,-,,9.0562213665000009,Small Cap
4717,Lime Chemicals Ltd.,INE891G01011,LIMECHM,9.0336036279999998,-,,-,,9.0336036279999998,Small Cap
4718,Explicit Finance Limited,INE335G01019,EXPLICITFIN,9.0277236199999997,-,,-,,9.0277236199999997,Small Cap
4719,Mipco Seamless Rings (Gujarat) Ltd.,INE860N01012,MPCOSEMB,9.0198049000000005,-,,-,,9.0198049000000005,Small Cap
4720,Unimers India Ltd.,INE980B01039,UNIMERQ,9.0164334329999996,-,,-,,9.0164334329999996,Small Cap
4721,Shree Ganesh Elastoplast Ltd,INE400N01017,SHGANEL,9.0161732499999996,-,,-,,9.0161732499999996,Small Cap
4722,Radico Khaitan Finance Limited,INE146D01017,-,-,-,-,RADICOFIN,9,9,Small Cap
4723,Avon Mercantile Ltd.,INE471D01019,AVONMERC,8.9728680000000001,-,,-,,8.9728680000000001,Small Cap
4724,Panther Industrial Products Ltd.,INE181D01014,PANIDPR,8.9372713529999999,-,,-,,8.9372713529999999,Small Cap
4725,Chadha Papers Ltd.,INE669W01018,CHADPAP,8.9284999999999997,-,,-,,8.9284999999999997,Small Cap
4726,KMF Builders & Developers Ltd.,INE580H01026,KMFBLDR,8.8976312829999991,-,,-,,8.8976312829999991,Small Cap
4727,Value Industries Limited,INE352A01017,VALUEIND,8.8951482249999998,-,,-,,8.8951482249999998,Small Cap
4728,Galada Finance Limited,INE243E01010,GALADAFIN,8.8678500000000007,-,,-,,8.8678500000000007,Small Cap
4729,Karan Woo-sin ltd.,INE327D01013,KARANWO,8.8632618749999992,-,,-,,8.8632618749999992,Small Cap
4730,JAYATMA ENTERPRISES LIMITED,INE246D01015,JAYATMA,8.8532499999999992,-,,-,,8.8532499999999992,Small Cap
4731,Photoquip India Ltd.,INE813B01016,PHOTOQUP,8.8465293799999998,-,,-,,8.8465293799999998,Small Cap
4732,Suryachakra Power Corporation Ltd.,INE274I01016,SURYACHAKRA,8.828344640000001,-,,-,,8.828344640000001,Small Cap
4733,Bhagwati Oxygen Ltd.,INE026I01010,BHAGWOX,8.8064367200000007,-,,-,,8.8064367200000007,Small Cap
4734,Libord Securities Ltd.,INE267E01019,LIBORD,8.7887500000000003,-,,-,,8.7887500000000003,Small Cap
4735,SHESHADRI INDUSTRIES LIMITED,INE193R01019,SHESHAINDS,8.7861799640000005,-,,-,,8.7861799640000005,Small Cap
4736,CHD Developers Ltd,INE659B01021,CHDDLTD,8.7442754479999998,-,,-,,8.7442754479999998,Small Cap
4737,Nouveau Global Ventures Limited,INE317B01042,NOUVEAU,8.7415551669999996,-,,-,,8.7415551669999996,Small Cap
4738,Veerkrupa Jewellers Limited,INE0ID001024,VEERKRUPA,8.7226381760000002,-,,-,,8.7226381760000002,Small Cap
4739,SW Investments Limited,INE948K01011,SW1,8.7065549999999998,-,,-,,8.7065549999999998,Small Cap
4740,V B INDUSTRIES LIMITED,INE334E01017,VBIND,8.7028049369999998,-,,-,,8.7028049369999998,Small Cap
4741,Tashi India Ltd.,INE552H01017,TASHIND,8.6501249999999992,-,,-,,8.6501249999999992,Small Cap
4742,ISF LIMITED,INE973B01026,ISFL,8.6473750000000003,-,,-,,8.6473750000000003,Small Cap
4743,Cremica Agro Foods Limited,INE050S01019,-,-,-,-,CREMICA,8.6313599999999955,8.6313599999999955,Small Cap
4744,C.J. Gelatine Products Ltd.,INE557D01015,CJGEL,8.6242302750000004,-,,-,,8.6242302750000004,Small Cap
4745,Prima Agro Ltd.,INE297D01018,PRIMAGR,8.6157849409999994,-,,-,,8.6157849409999994,Small Cap
4746,Goalpost Industries Limited,INE204V01016,-,-,-,-,GOALPOST,8.5887249999999966,8.5887249999999966,Small Cap
4747,Mathew Easow Research Securities Lt,INE963B01019,MATHEWE,8.5855379169999999,-,,-,,8.5855379169999999,Small Cap
4748,Alka Securities Ltd.,INE921C01031,ALKASEC,8.5386600000000001,-,,-,,8.5386600000000001,Small Cap
4749,Thirani Projects Limited,INE901C01017,TPROJECT,8.527643522,-,,-,,8.527643522,Small Cap
4750,Fraser And Company Limited,INE184Q01010,FRASER,8.5129165049999997,-,,-,,8.5129165049999997,Small Cap
4751,Hillridge Investments Limited,INE138S01012,-,-,-,-,HILLRIDGE,8.5,8.5,Small Cap
4752,Haria Apparels Limited,INE493N01012,HARIAAPL,8.4783215150000011,-,,-,,8.4783215150000011,Small Cap
4753,Ranjan Polysters Limited,INE936V01013,-,-,-,-,RANJANPOLY,8.4775566249999983,8.4775566249999983,Small Cap
4754,KONNDOR INDUSTRIES LIMITED,INE971A01014,KONNDOR,8.43043005,-,,-,,8.43043005,Small Cap
4755,Woodsvilla Limited,INE374J01020,WOODSVILA,8.396696683,-,,-,,8.396696683,Small Cap
4756,Padmanabh Alloys & Polymers Ltd.,INE630U01014,PADALPO,8.3792019589999995,-,,-,,8.3792019589999995,Small Cap
4757,NEW MARKETS AVENUE LIMITED,INE800K01014,NEWMKTAVE,8.3740734999999997,-,,-,,8.3740734999999997,Small Cap
4758,Vikalp Securities Ltd.,INE186E01011,VIKALPS,8.3484470179999999,-,,-,,8.3484470179999999,Small Cap
4759,Yashraj Containeurs Ltd.,INE095C01018,YASHRAJC,8.3440250000000002,-,,-,,8.3440250000000002,Small Cap
4760,Unistar Multimedia Ltd,INE808C01014,UNISTRMU,8.3252331000000002,-,,-,,8.3252331000000002,Small Cap
4761,Hasti Finance Ltd.,INE671D01014,HASTIFIN,8.3044074840000004,-,,-,,8.3044074840000004,Small Cap
4762,Raasi Refractories Limited.,INE858D01017,RASSIREF,8.3037601090000006,-,,-,,8.3037601090000006,Small Cap
4763,Alexander Stamps And Coin Limited,INE191N01012,ALEXANDER,8.2961384000000002,-,,-,,8.2961384000000002,Small Cap
4764,Jumbo Finance Ltd.,INE122N01017,JUMBFNL,8.2906399000000004,-,,-,,8.2906399000000004,Small Cap
4765,Risa International Limited,INE001O01029,RISAINTL,8.2833796500000005,-,,-,,8.2833796500000005,Small Cap
4766,V.B.Desai Financial Services Ltd,INE848D01018,VBDESAI,8.2539284129999988,-,,-,,8.2539284129999988,Small Cap
4767,ISHAAN INFRASTRUCTURE AND SHELTERS LIMITED,INE818R01011,IISL,8.2376875349999992,-,,-,,8.2376875349999992,Small Cap
4768,Ganesh Holding Ltd.,INE932M01011,GANHOLD,8.237332125,-,,-,,8.237332125,Small Cap
4769,Inditrade Capital Limited,INE347H01012,INDICAP,8.1951765909999992,-,,-,,8.1951765909999992,Small Cap
4770,Kuberan Global Edu Solutions Limited,INE04CO01018,KGES,8.1880001050000004,-,,-,,8.1880001050000004,Small Cap
4771,AARCON FACILITIES LIMITED,INE056J01015,AARCON,8.1702163329999991,-,,-,,8.1702163329999991,Small Cap
4772,DQ Entertainment (International) Limited,INE656K01010,DQE,8.1661490000000008,-,,-,,8.1661490000000008,Small Cap
4773,Genesis Developers And Holdings Limited,INE273R01019,-,-,-,-,GDHL,8.165200000000004,8.165200000000004,Small Cap
4774,GENOMIC VALLEY BIOTECH LIMITED,INE574D01010,GVBL,8.1578822379999991,-,,-,,8.1578822379999991,Small Cap
4775,Mercury Trade Links Ltd.,INE319T01016,MERCTRD,8.1459468749999999,-,,-,,8.1459468749999999,Small Cap
4776,Euro Leder Fashion Ltd.,INE940E01011,EUROLED,8.1337876799999993,-,,-,,8.1337876799999993,Small Cap
4777,Millennium Online Solutions (India) Ltd,INE570N01025,MILLENNIUM,8.0944072059999996,-,,-,,8.0944072059999996,Small Cap
4778,Vision Cinemas Limited,INE515B01025,VISIONCINE,8.0922961640000004,-,,-,,8.0922961640000004,Small Cap
4779,SHREE HANUMAN SUGAR & INDUSTRIES LTD.,INE101H01013,HANSUGAR,8.0868125000000006,-,,-,,8.0868125000000006,Small Cap
4780,Hindustan Bio Sciences Ltd.,INE597C01021,HINDBIO,8.0839517269999988,-,,-,,8.0839517269999988,Small Cap
4781,Devine Impex Limited,INE455C01014,DEVINE,8.0818757699999999,-,,-,,8.0818757699999999,Small Cap
4782,Space Incubatrics Technologies Limited,INE797Z01028,SPACEINCUBA,8.0754743999999992,-,,-,,8.0754743999999992,Small Cap
4783,Interlink Petroleum Ltd.,INE959G01016,INTLNKP,8.0495476000000004,-,,-,,8.0495476000000004,Small Cap
4784,RCC Cements Ltd,INE335N01015,RCCEMEN,8.0121671330000002,-,,-,,8.0121671330000002,Small Cap
4785,Rushabh Precision Bearings Ltd.,INE0I9K01010,RUPEBAR,8.01,-,,-,,8.01,Small Cap
4786,Natura Hue Chem Ltd.,INE487B01019,NATHUEC,7.997803643000001,-,,-,,7.997803643000001,Small Cap
4787,R.R.Securities Ltd.,INE474H01014,RRSECUR,7.9865465220000003,-,,-,,7.9865465220000003,Small Cap
4788,Nutech Global Ltd.,INE960H01012,NUTECGLOB,7.9745699480000001,-,,-,,7.9745699480000001,Small Cap
4789,JAYATMA INDUSTRIES LIMITED,INE250D01017,JAYIND,7.966571053,-,,-,,7.966571053,Small Cap
4790,Vivanza Biosciences Limited,INE984E01035,VIVANZA,7.9109999999999996,-,,-,,7.9109999999999996,Small Cap
4791,IGC Industries Limited,INE099S01016,IGCIL,7.8953280000000001,-,,-,,7.8953280000000001,Small Cap
4792,Dolphin Medical Services Ltd.,INE796B01013,DOLPHMED,7.8643066670000001,-,,-,,7.8643066670000001,Small Cap
4793,RO Jewels Limited,INE0BDU01028,ROJL,7.8612205379999995,-,,-,,7.8612205379999995,Small Cap
4794,Clio Infotech Ltd.,INE011B01017,CLIOINFO,7.8586985309999999,-,,-,,7.8586985309999999,Small Cap
4795,Parker Agro Chem Export Ltd.,INE750B01010,PARKERAC,7.8445293749999996,-,,-,,7.8445293749999996,Small Cap
4796,SAILANI TOURS N TRAVELS LIMITED,INE0KHQ01010,SAILANI,7.7766527999999999,-,,-,,7.7766527999999999,Small Cap
4797,ObjectOne Information Systems Ltd,INE860E01011,OONE,7.7739004469999999,-,,-,,7.7739004469999999,Small Cap
4798,SRI AMARNATH FINANCE LIMITED,INE985Q01010,AMARNATH,7.7544599999999999,-,,-,,7.7544599999999999,Small Cap
4799,KOBO BIOTECH LIMITED,INE881A01015,KOBO,7.7391541670000006,-,,-,,7.7391541670000006,Small Cap
4800,Shanti Overseas (India) Ltd.,INE933X01016,-,-,SHANTI,7.7169999999999996,-,,7.7169999999999996,Small Cap
4801,ITL Finlease & Securities Limited,INE767V01012,-,-,-,-,ITLFIN,7.7136489999999966,7.7136489999999966,Small Cap
4802,Oxford Industries ltd.,INE114D01015,OXFORDIN,7.705057995999999,-,,-,,7.705057995999999,Small Cap
4803,Mayur Floorings Ltd.,INE262W01012,MAYURFL,7.7031890000000001,-,,-,,7.7031890000000001,Small Cap
4804,EASUN REYROLLE LTD.,INE268C01029,EASUNREYRL,7.6985352499999999,-,,-,,7.6985352499999999,Small Cap
4805,Aadhaar Ventures India Limited,INE063D01030,AADHAARVEN,7.6977481000000001,-,,-,,7.6977481000000001,Small Cap
4806,Garodia Chemicals Ltd.,INE236P01010,GARODCH,7.6826134000000001,-,,-,,7.6826134000000001,Small Cap
4807,MPL Plastics Limited,INE343A01016,MPL,7.6808437500000002,-,,-,,7.6808437500000002,Small Cap
4808,Peeti Securities Ltd.,INE328D01011,PEETISEC,7.6774438400000005,-,,-,,7.6774438400000005,Small Cap
4809,Union Quality Plastics Ltd.,INE338N01019,UNQTYMI,7.6767114080000001,-,,-,,7.6767114080000001,Small Cap
4810,Gujarat Credit Corporation Ltd.,INE034B01019,GUJCRED,7.6746749999999997,-,,-,,7.6746749999999997,Small Cap
4811,Gian Life Care Limited,INE063601012,GIANLIFE,7.6644481540000005,-,,-,,7.6644481540000005,Small Cap
4812,Evoq Remedies Limited,INE0JVD01011,EVOQ,7.6326799999999997,-,,-,,7.6326799999999997,Small Cap
4813,Omega Ag-Seeds (Punjab) ltd.,INE112B01013,OMEAG,7.6319048,-,,-,,7.6319048,Small Cap
4814,Dr. M Induscorp Limited,INE733B01016,-,-,-,-,DRMIND,7.6301579999999989,7.6301579999999989,Small Cap
4815,Filmcity Media Ltd.,INE600B01033,FILME,7.6228711200000001,-,,-,,7.6228711200000001,Small Cap
4816,Polymac Thermoformers Limited,INE826P01018,POLYMAC,7.6172880329999995,-,,-,,7.6172880329999995,Small Cap
4817,Manglam Global Corporations Limited,INE733N01011,MANGLAM,7.5905118329999999,-,,-,,7.5905118329999999,Small Cap
4818,Riga Sugar Company Ltd.,INE909C01010,RIGASUG,7.5827876249999999,-,,-,,7.5827876249999999,Small Cap
4819,Kabra Commercial Limited,INE926E01010,KCL,7.5763800000000003,-,,-,,7.5763800000000003,Small Cap
4820,Minaxi Textiles Ltd.,INE952C01028,MINAXI,7.5627069999999996,-,,-,,7.5627069999999996,Small Cap
4821,Pact Industries Ltd.,INE494K01024,PACT,7.535488,-,,-,,7.535488,Small Cap
4822,Looks Health Services Limited,INE204N01013,LOOKS,7.5330500000000002,-,,-,,7.5330500000000002,Small Cap
4823,Swagtam Trading & Services Limited,INE150R01019,SWAGTAM,7.5265989420000006,-,,-,,7.5265989420000006,Small Cap
4824,Magenta Lifecare Limited,INE0QZ901011,MAGENTA,7.5082675530000005,-,,-,,7.5082675530000005,Small Cap
4825,Harig Crankshafts Ltd.,INE905C01034,HARCR,7.4812500000000002,-,,-,,7.4812500000000002,Small Cap
4826,DECIPHER LABS LIMITED,INE643N01012,DECIPHER,7.4717275000000001,-,,-,,7.4717275000000001,Small Cap
4827,Haria Exports Ltd.,INE772B01014,HARIAEXPO,7.4653425000000002,-,,-,,7.4653425000000002,Small Cap
4828,FIRST FINTEC LIMITED,INE683B01047,FIRSTFIN,7.4579951280000003,-,,-,,7.4579951280000003,Small Cap
4829,Nyssa Corporation Limited,INE812K01027,NYSSACORP,7.4477500000000001,-,,-,,7.4477500000000001,Small Cap
4830,Trio Mercantile & Trading Limited,INE234G01022,TRIOMERC,7.4441533829999997,-,,-,,7.4441533829999997,Small Cap
4831,PS IT Infrastructure & Services Limited,INE953M01033,PSITINFRA,7.4345600000000003,-,,-,,7.4345600000000003,Small Cap
4832,Bloom Dekor Ltd.,INE253C01013,BLOOM,7.424715,-,,-,,7.424715,Small Cap
4833,Brijlaxmi Leasing & Finance ltd.,INE957E01031,BRIJLEAS,7.4076019000000004,-,,-,,7.4076019000000004,Small Cap
4834,BCL Enterprises Limited,INE368E01023,BCLENTERPR,6.7501683329999995,-,,BCL,8.0602607843137264,7.405214558656863,Small Cap
4835,ADLINE CHEM LAB LIMITED,INE276T01018,ADLINE,7.3797750000000004,-,,-,,7.3797750000000004,Small Cap
4836,Arcee Indusrtries ltd.,INE276D01012,ARCEEIN,7.3611267599999994,-,,-,,7.3611267599999994,Small Cap
4837,Vasudhagama Enterprises Limited,INE583K01016,VASUDHAGAM,7.3445716640000001,-,,-,,7.3445716640000001,Small Cap
4838,Money Masters Leasing & Finance Limited,INE340O01021,MMLF,7.3371088799999997,-,,-,,7.3371088799999997,Small Cap
4839,Olympic Oil Industries Ltd.,INE286E01019,OLYOI,7.3296665829999998,-,,-,,7.3296665829999998,Small Cap
4840,AJEL Limited,INE229B01015,AJEL,7.3278499999999998,-,,-,,7.3278499999999998,Small Cap
4841,Nikki Global Finance Ltd.,INE526C01012,NIKKIGL,7.3232590530000001,-,,-,,7.3232590530000001,Small Cap
4842,Zicom Electronic Security Systems l,INE871B01014,ZICOM,7.2966729569999993,-,,-,,7.2966729569999993,Small Cap
4843,Premier Synthetics Ltd.,INE940N01012,PREMSYN,7.2616960930000003,-,,-,,7.2616960930000003,Small Cap
4844,Dion Global Solutions Limited,INE991C01034,DION,7.2511663500000001,-,,-,,7.2511663500000001,Small Cap
4845,Sirohia & Sons Limited,INE785O01019,SIROHIA,7.2300962370000006,-,,-,,7.2300962370000006,Small Cap
4846,Satya Shyam Trading Limited,INE333X01019,-,-,-,-,SATYASHYAM,7.2210374399999964,7.2210374399999964,Small Cap
4847,Futuristic Securities Ltd,INE425D01015,FUTURSEC,7.2199237500000004,-,,-,,7.2199237500000004,Small Cap
4848,VINAYAK POLYCON INTERNATIONAL LIMITED,INE581M01016,VINAYAKPOL,7.215263081999999,-,,-,,7.215263081999999,Small Cap
4849,AMANAYA VENTURES LIMITED,INE0G1V01016,AMANAYA,7.2145562920000001,-,,-,,7.2145562920000001,Small Cap
4850,International Data Managements Ltd.,INE649R01010,IDM,7.1919283329999999,-,,-,,7.1919283329999999,Small Cap
4851,TECHNOFAB ENGINEERING LIMITED,INE509K01011,TECHNOFAB,7.1856499999999999,-,,-,,7.1856499999999999,Small Cap
4852,Prashant India Ltd,INE100E01012,PRSNTIN,7.1686262699999999,-,,-,,7.1686262699999999,Small Cap
4853,Nutraplus India Limited,INE230G01020,NUTRA,7.1591280599999996,-,,-,,7.1591280599999996,Small Cap
4854,JAGJANANI TEXTILES LIMITED,INE702H01018,JAGJANANI,7.1471400000000003,-,,-,,7.1471400000000003,Small Cap
4855,AGARWAL FORTUNE INDIA LIMITED,INE510B01018,AGARWAL,7.1400764730000006,-,,-,,7.1400764730000006,Small Cap
4856,Padmalaya Telefilms Ltd.,INE243B01016,PADMALAYAT,7.1337666670000006,-,,-,,7.1337666670000006,Small Cap
4857,ZR Infra Limited,INE430B01019,-,-,-,-,ZRINFRA,7.1284650000000012,7.1284650000000012,Small Cap
4858,Polytex India Ltd.,INE012F01016,POLYTEX,7.1242875000000003,-,,-,,7.1242875000000003,Small Cap
4859,Kiran Syntex Ltd.,INE293D01017,KIRANSY-B,7.0925518629999997,-,,-,,7.0925518629999997,Small Cap
4860,Ganga Pharmaceuticals Limited,INE615T01017,GANGAPHARM,7.0820262629999995,-,,-,,7.0820262629999995,Small Cap
4861,Delta Industrial Resources Limited,INE681Q01015,DELTA,7.070537592,-,,DELTA,7.0874065784313727,7.0789720852156863,Small Cap
4862,Flora Corporation Limited,INE318U01016,FLORACORP,7.064394794,-,,-,,7.064394794,Small Cap
4863,Transpact Enterprises Limited,INE06YD01010,TRANSPACT,7.0216149040000007,-,,-,,7.0216149040000007,Small Cap
4864,Golden Carpets Limited.,INE595D01015,GOLCA,7.0206213290000008,-,,-,,7.0206213290000008,Small Cap
4865,Nandini Texcom (India) Limited,INE158Z01015,-,-,-,-,NANDINI,7.0001399999999974,7.0001399999999974,Small Cap
4866,Deccan Polypacks Ltd,INE132E01015,DECPO,6.9834832499999999,-,,-,,6.9834832499999999,Small Cap
4867,Nihar Info Global Ltd.,INE876E01033,NIHARINF,6.9740584720000003,-,,-,,6.9740584720000003,Small Cap
4868,LEXORAA INDUSTRIES LIMITED,INE185D01015,LEXORAA,6.9679505329999998,-,,-,,6.9679505329999998,Small Cap
4869,Shri Mahalaxmi Agricultural Development Limited,INE317G01025,SMADL,6.9503291999999997,-,,-,,6.9503291999999997,Small Cap
4870,KOIYA INTERNATIONAL LIMITED,INE149B01015,KOIYAIN,6.9348447700000007,-,,-,,6.9348447700000007,Small Cap
4871,Wherrelz IT Solutions Limited,INE0IM001015,WITS,6.9339222329999997,-,,-,,6.9339222329999997,Small Cap
4872,Hittco Tools Ltd.,INE863C01019,HITTCO,6.9246065599999991,-,,-,,6.9246065599999991,Small Cap
4873,VKJ Infradevelopers Limited,INE211P01021,VKJINFRA,6.9019110860000001,-,,-,,6.9019110860000001,Small Cap
4874,Accuvant Advisory Services Limited,INE838S01017,-,-,-,-,ACCUVANT,6.8893125000000017,6.8893125000000017,Small Cap
4875,INTEGRA CAPITAL LIMITED,INE366H01012,INTCAPL,6.8887790099999995,-,,-,,6.8887790099999995,Small Cap
4876,Shikhar Consultants Ltd.,INE641B01011,SHIKHAR,6.8426710540000011,-,,-,,6.8426710540000011,Small Cap
4877,Oswal Yarns Ltd.,INE670H01017,OSWAYRN,6.8377851669999998,-,,-,,6.8377851669999998,Small Cap
4878,Supertex Industries Ltd,INE881B01054,SUPERTEX,6.8258679530000004,-,,-,,6.8258679530000004,Small Cap
4879,GCM Capital Advisors Limited,INE191P01017,GCMCAPI,6.8255495000000002,-,,-,,6.8255495000000002,Small Cap
4880,Shree Steel Wire Ropes Ltd.,INE387D01025,SSWRL,6.7618970059999999,-,,-,,6.7618970059999999,Small Cap
4881,A.F. Enterprises Limited,INE663P01015,AFEL,6.7466017689999997,-,,-,,6.7466017689999997,Small Cap
4882,Jain Studios Ltd.,INE486B01011,JAINSTUDIO,6.7405352299999999,-,,-,,6.7405352299999999,Small Cap
4883,Aravali Securities & Finance Ltd.,INE068C01015,ARAVALIS,6.73783625,-,,-,,6.73783625,Small Cap
4884,Aggarsain Spinners Limited,INE431Z01016,-,-,-,-,AGGARSAIN,6.7265279999999974,6.7265279999999974,Small Cap
4885,KRA Leasing Limited,INE300F01023,-,-,-,-,KRALEASING,6.7071639999999979,6.7071639999999979,Small Cap
4886,Priya Limited.,INE686C01014,PRIYALT,6.7044611490000001,-,,-,,6.7044611490000001,Small Cap
4887,SecUR Credentials Limited,INE195Y01010,SECURCRED,6.6932298799999996,-,,-,,6.6932298799999996,Small Cap
4888,Bharat Ekansh Limited,INE188S01017,-,-,-,-,BHARAT,6.675028035000004,6.675028035000004,Small Cap
4889,Agio Paper & Industries Limited,INE112C01011,AGIOPAPER,6.6714811149999997,-,,-,,6.6714811149999997,Small Cap
4890,MFS Intercorp Limited,INE614F01019,MFSINTRCRP,6.667590208,-,,-,,6.667590208,Small Cap
4891,India Green Reality Limited,INE373V01019,IGRL,6.6600400000000004,-,,-,,6.6600400000000004,Small Cap
4892,Transglobe Foods Ltd.,INE213P01027,TRANSFD,6.6211581439999998,-,,-,,6.6211581439999998,Small Cap
4893,Satiate Agri Limited,INE06DM01015,SATAGRI,6.614105973,-,,-,,6.614105973,Small Cap
4894,Amraworld Agrico Ltd.,INE735C01027,AMRAAGRI,6.5934425000000001,-,,-,,6.5934425000000001,Small Cap
4895,Market Creators Ltd.,INE944C01017,MKTCREAT,6.5924166670000002,-,,-,,6.5924166670000002,Small Cap
4896,Enterprise International Limited,INE439G01019,ENTRINT,6.570572028,-,,-,,6.570572028,Small Cap
4897,Kairosoft AI Solutions Limited,INE820M01018,VOLKAI,6.5676632740000001,-,,-,,6.5676632740000001,Small Cap
4898,Excel Glasses Ltd.,INE664C01029,XCLGLASS,6.5559303959999999,-,,-,,6.5559303959999999,Small Cap
4899,Info-Drive Software Ltd.,INE804D01029,INFODRIVE,6.5520820000000004,-,,-,,6.5520820000000004,Small Cap
4900,Stanpacks (India) Ltd.,INE457D01018,STANPACK,6.5446656000000001,-,,-,,6.5446656000000001,Small Cap
4901,Gontermann Peipers (India) Ltd.,INE530A01026,GONTER,6.5370900000000001,-,,-,,6.5370900000000001,Small Cap
4902,Promact Plastics Limited,INE818D01011,PROMACT,6.5283508250000004,-,,-,,6.5283508250000004,Small Cap
4903,Atharv Enterprises Limited,INE354E01031,ATHARVENT,6.486916667,-,,-,,6.486916667,Small Cap
4904,CMI Limited,INE981B01011,CMICABLES,6.6115931369999998,CMICABLES,6.2929000000000004,-,,6.4522465684999997,Small Cap
4905,Rich Universe Network Ltd,INE652D01014,RICHUNV,6.4494919600000005,-,,-,,6.4494919600000005,Small Cap
4906,CASTORA AGRI COMMODITIES LIMITED,INE641H01018,CASTORA,6.4491044569999998,-,,-,,6.4491044569999998,Small Cap
4907,Triveni Enterprises Limited,INE916P01025,TRIVENIENT,6.4452239999999996,-,,TRIVENIENT,6.4235064705882365,6.4343652352941181,Small Cap
4908,Sophia Traexpo Limited,INE268X01017,STRAEXPO,6.4157999999999999,-,,-,,6.4157999999999999,Small Cap
4909,WORLDWIDE ALUMINIUM LIMITED,INE550D01010,WWALUM,6.4152957729999995,-,,-,,6.4152957729999995,Small Cap
4910,Jain Marmo Industries Ltd.,INE780Q01015,JAINMARMO,6.3781018219999996,-,,-,,6.3781018219999996,Small Cap
4911,KLG Capital Services Ltd.,INE929C01018,KLGCAP,6.3648767470000003,-,,-,,6.3648767470000003,Small Cap
4912,M LAKHAMSI INDUSTRIES LIMITED,INE808W01012,MLINDLTD,6.3506726679999996,-,,-,,6.3506726679999996,Small Cap
4913,JPT Securities Ltd.,INE630C01012,JPTSEC,6.3097693499999998,-,,-,,6.3097693499999998,Small Cap
4914,Aryan Share & Stock Brokers Ltd.,INE016X01010,ARYAN,6.2885,-,,-,,6.2885,Small Cap
4915,B&B Realty Limited,INE314E01019,BBREALTY,6.2853570000000003,-,,-,,6.2853570000000003,Small Cap
4916,Finelistings Technologies Limited,INE0QOQ01013,FTL,6.283379396,-,,-,,6.283379396,Small Cap
4917,SPRINGFORM TECHNOLOGY LIMITED,INE02ZA01012,SFTL,6.2386974999999998,-,,-,,6.2386974999999998,Small Cap
4918,Sahara Maritime Limited,INE0PSJ01011,SMARITIME,6.2354410109999998,-,,-,,6.2354410109999998,Small Cap
4919,Grandma Trading & Agencies Ltd.,INE927M01029,GRANDMA,6.2328849999999996,-,,-,,6.2328849999999996,Small Cap
4920,Starlite Components Ltd.,INE035C01022,STARLITE,6.2244000000000002,-,,-,,6.2244000000000002,Small Cap
4921,Prime Capital Market Limited,INE748D01010,PRIMECAPM,6.2196455290000001,-,,-,,6.2196455290000001,Small Cap
4922,MUNOTH COMMUNICATION LIMITED,INE410E01015,MCLTD,6.211399192,-,,-,,6.211399192,Small Cap
4923,Systematix Securities Ltd.,INE07P301011,SYTIXSE,6.2087083329999997,-,,-,,6.2087083329999997,Small Cap
4924,Incon Engineers Ltd.,INE507D01010,INCON,6.2077658380000003,-,,-,,6.2077658380000003,Small Cap
4925,Brawn Biotech Limited,INE899B01015,BRAWN,6.1894688850000001,-,,-,,6.1894688850000001,Small Cap
4926,Amit International Ltd.,INE053D01015,AMITINT,6.1804239450000003,-,,-,,6.1804239450000003,Small Cap
4927,Quantum Digital Vision (India) Ltd.,INE373C01019,QUANTDIA,6.1779688940000002,-,,-,,6.1779688940000002,Small Cap
4928,Pet Plastics Ltd.,INE704F01018,PETPLST,6.1749999999999998,-,,-,,6.1749999999999998,Small Cap
4929,Purohit Construction Limited,INE147J01012,PUROHITCON,6.1711074869999996,-,,-,,6.1711074869999996,Small Cap
4930,Melstar Information Technologies Ltd.,INE817A01019,MELSTAR,6.1703160480000001,-,,-,,6.1703160480000001,Small Cap
4931,Multiplus Holdings Ltd.,INE886E01016,MULTIIN,6.1664000000000003,-,,-,,6.1664000000000003,Small Cap
4932,Seshachal Technologies Ltd,INE331F01028,SESHACHAL,6.163920515,-,,-,,6.163920515,Small Cap
4933,ARUR FOOTWEAR LIMITED,INE329C01011,ARUR,6.1381319999999997,-,,-,,6.1381319999999997,Small Cap
4934,Pasupati Fincap Ltd.,INE527C01010,PASUFIN,6.1180683330000001,-,,-,,6.1180683330000001,Small Cap
4935,Ankur Marketing Limited,INE944E01013,-,-,-,-,ANKUR,6.1050000000000013,6.1050000000000013,Small Cap
4936,Gratex Industries Ltd.,INE915E01013,GRATEXI,6.0862661100000004,-,,-,,6.0862661100000004,Small Cap
4937,Ambitious Plastomac Ltd.,INE267C01013,AMBIT,6.0599343000000001,-,,-,,6.0599343000000001,Small Cap
4938,Ashram Online.com Ltd,INE293C01019,ASHRAM,6.0549999999999997,-,,-,,6.0549999999999997,Small Cap
4939,Mafatlal Lubricants Ltd.,INE521D01011,MAFLU,6.05,-,,-,,6.05,Small Cap
4940,Epsom Properties Limited,INE601F01016,EPSOMPRO,6.04496608,-,,-,,6.04496608,Small Cap
4941,Abhinav Leasing & Finance Limited,INE211D01027,ALFL,6.0355014999999996,-,,-,,6.0355014999999996,Small Cap
4942,Vardhman Concrete Limited,INE115C01014,VARDHMAN,6.0291373080000001,-,,-,,6.0291373080000001,Small Cap
4943,C & C Constructions Ltd.,INE874H01015,CANDC,6.0050825400000001,-,,-,,6.0050825400000001,Small Cap
4944,Fenoplast ltd.,INE138D01014,FENOPLAS,5.9984000000000002,-,,-,,5.9984000000000002,Small Cap
4945,Mukta Agriculture Limited,INE160O01031,MUKTA,5.9930221860000001,-,,-,,5.9930221860000001,Small Cap
4946,K.Z.Leasing & Finance Ltd.,INE006C01015,KZLFIN,5.9769463900000002,-,,-,,5.9769463900000002,Small Cap
4947,Williamson Financial Services ltd.,INE188E01017,WILLIMFI,5.9753193909999993,-,,-,,5.9753193909999993,Small Cap
4948,Kakatiya Textiles Ltd.,INE092E01011,KAKTEX,5.9430816799999997,-,,-,,5.9430816799999997,Small Cap
4949,Gujarat Metallic Coal & Coke Ltd,INE146F01020,GMETCOAL,5.9419740000000001,-,,-,,5.9419740000000001,Small Cap
4950,Suncity Synthetics Ltd.,INE584D01019,SUNCITYSY,5.9250271850000003,-,,-,,5.9250271850000003,Small Cap
4951,Rampur Fertilizers Limited,INE671X01012,-,-,-,-,RAMPURFERT,5.9130535900000005,5.9130535900000005,Small Cap
4952,Sikozy Realtors Limited,INE528E01022,SIKOZY,5.9120773250000003,-,,-,,5.9120773250000003,Small Cap
4953,Gconnect Logitech and Supply Chain Limited,INE0QHY01011,GCONNECT,5.9063926659999995,-,,-,,5.9063926659999995,Small Cap
4954,Asianlakto Industries Limited,INE771U01016,-,-,-,-,ASIANLAKTO,5.9014260000000007,5.9014260000000007,Small Cap
4955,SETUBANDHAN INFRASTRUCTURE LIMITED,INE023M01027,SETUINFRA,5.9278245969999999,SETUINFRA,5.8734000000000002,-,,5.9006122985000005,Small Cap
4956,Eskay K'n'IT (India) Ltd,INE220A01032,ESKAY,5.897468892,-,,-,,5.897468892,Small Cap
4957,Lead Financial Services  Ltd,INE531D01010,LEADFIN,5.8963299999999998,-,,-,,5.8963299999999998,Small Cap
4958,M.P. Agro Industries Ltd.,INE468C01017,MPAGI,5.8819766429999998,-,,-,,5.8819766429999998,Small Cap
4959,Kuber Udyog Limited,INE594R01018,KUBERJI,5.8556394919999999,-,,-,,5.8556394919999999,Small Cap
4960,Saianand Commercial Limited,INE092G01024,SAICOM,5.8522933329999995,-,,-,,5.8522933329999995,Small Cap
4961,Shree Tulsi Online.Com Limited,INE130D01037,-,-,-,-,SHREETULSI,5.8406400000000014,5.8406400000000014,Small Cap
4962,Oscar Global Ltd,INE473F01010,OSCARGLO,5.82362,-,,-,,5.82362,Small Cap
4963,Retro Green Revolution Limited,INE601N01010,RGRL,5.8079942999999998,-,,-,,5.8079942999999998,Small Cap
4964,MUZALI ARTS LIMITED,INE873S01022,MUZALI,5.7981373659999997,-,,-,,5.7981373659999997,Small Cap
4965,Lakshmi Precision Screws Ltd.,INE651C01018,LAKPRE,5.9080442770000001,LAKPRE,5.6731999999999996,-,,5.7906221384999998,Small Cap
4966,Maryada Commercial Enterprises & Investment Co Ltd,INE372W01019,-,-,-,-,MARYADACOM,5.7830250000000021,5.7830250000000021,Small Cap
4967,Sungold Capital Ltd.,INE271D01013,SUNGOLD,5.7816081749999997,-,,-,,5.7816081749999997,Small Cap
4968,Neo Corp International Ltd,INE851C01014,NEOCORP,5.7793740959999997,-,,-,,5.7793740959999997,Small Cap
4969,Modella Woollens Ltd.,INE380D01012,MODWOOL,5.7702114170000005,-,,-,,5.7702114170000005,Small Cap
4970,UTL Industries Limited,INE184E01024,UTLINDS,5.7627309999999996,-,,-,,5.7627309999999996,Small Cap
4971,Advance Syntex Limited,INE184U01012,ASYL,5.7501519800000001,-,,-,,5.7501519800000001,Small Cap
4972,Shiva Suitings Ltd.,INE02Z901011,SHVSUIT,5.7490067799999993,-,,-,,5.7490067799999993,Small Cap
4973,Ridings Consulting Engineers India Limited,INE314Z01014,RIDINGS,5.7224000000000004,-,,-,,5.7224000000000004,Small Cap
4974,Sun Retail Limited,INE206Z01020,SUNRETAIL,5.7024239999999997,-,,-,,5.7024239999999997,Small Cap
4975,Nakoda Limited,INE559B01023,NAKODA,5.7,-,,-,,5.7,Small Cap
4976,B.P.Capital Ltd.,INE947C01010,BPCAP,5.6991864000000003,-,,-,,5.6991864000000003,Small Cap
4977,Infra Industries Ltd.,INE287D01019,INFRAIND,5.6839449999999996,-,,-,,5.6839449999999996,Small Cap
4978,Raghunath International Ltd.,INE753B01014,RAGHUNAT,5.6785416670000002,-,,-,,5.6785416670000002,Small Cap
4979,Kids Medical Systems Limited,INE457Y01014,KMSL,5.6586970020000003,-,,-,,5.6586970020000003,Small Cap
4980,Mahaveer Infoway Limited,INE019D01016,MAHAVEER,5.6477349829999994,-,,-,,5.6477349829999994,Small Cap
4981,Galada Power & Communication Ltd.,INE255C01026,GALADA,5.6272190140000005,-,,-,,5.6272190140000005,Small Cap
4982,Patron Exim Limited,INE0NPA01011,PATRON,5.6184456670000005,-,,-,,5.6184456670000005,Small Cap
4983,FACOR Steels Limited,INE829G01011,FACORSTE,5.5831586309999999,-,,-,,5.5831586309999999,Small Cap
4984,Pithampur Poly Products Ltd.,INE747D01012,PITHP,5.58073,-,,-,,5.58073,Small Cap
4985,Vision Corporation Ltd.,INE661D01015,VISIONCO,5.5571795780000004,-,,-,,5.5571795780000004,Small Cap
4986,Shelter Infra Projects Limited,INE413C01013,SIPL,5.5384502619999996,-,,-,,5.5384502619999996,Small Cap
4987,NATURO INDIABULL LIMITED,INE0JNB01012,NATURO,5.5204444329999998,-,,-,,5.5204444329999998,Small Cap
4988,Vallabh Steels ltd,INE457E01016,VALLABHSQ,5.5046474999999999,-,,-,,5.5046474999999999,Small Cap
4989,Quality Synthetic Industries Limited,INE062F01011,-,-,-,-,QUALITY,5.5,5.5,Small Cap
4990,Neycer India Ltd.,INE275N01013,NEYCERI,5.4986220000000001,-,,-,,5.4986220000000001,Small Cap
4991,SOLANA BIOFUELS LIMITED,INE371B01023,SOLANA,5.4863757840000007,-,,-,,5.4863757840000007,Small Cap
4992,Continental Controls Ltd.,INE545B01022,CONTICON,5.4780555350000002,-,,-,,5.4780555350000002,Small Cap
4993,Vintage Securities Ltd.,INE153C01015,VINTAGES,5.4516760130000002,-,,-,,5.4516760130000002,Small Cap
4994,CHD Chemicals Limited,INE043U01010,CHDCHEM,5.4455929110000003,-,,-,,5.4455929110000003,Small Cap
4995,Cistro Telelink Ltd.,INE365C01023,CISTRO,5.438079417,-,,-,,5.438079417,Small Cap
4996,Symbiox Investment & Trading Co. Ltd.,INE653R01012,SYMBIOX ,5.5918280539999996,-,,SYMBIOX,5.2708415201470578,5.4313347870735287,Small Cap
4997,Hemo Organic Limited,INE422G01015,HEMORGANIC,5.3930848130000006,-,,-,,5.3930848130000006,Small Cap
4998,Padmanabh Industries Limited,INE743D01011,PADMAIND,5.3926670420000002,-,,-,,5.3926670420000002,Small Cap
4999,Premium Capital Market & Investment,INE555D01019,PREMCAPM,5.3702656229999999,-,,-,,5.3702656229999999,Small Cap
5000,Coral Newsprints Ltd.,INE715D01019,CORNE,5.3652041669999999,-,,-,,5.3652041669999999,Small Cap
5001,Jointeca Education Solutions Limited,INE131N01018,JOINTECAED,5.3544297630000006,-,,-,,5.3544297630000006,Small Cap
5002,Ortel Communications Limited,INE849L01019,ORTEL,5.4590509880000004,ORTEL,5.2480000000000002,-,,5.3535254940000003,Small Cap
5003,Virgo Global Limited,INE400B01020,VIRGOGLOB,5.3487895600000002,-,,-,,5.3487895600000002,Small Cap
5004,Aditya Ispat Ltd.,INE570B01012,ADITYA,5.3391662499999999,-,,-,,5.3391662499999999,Small Cap
5005,N.R.International Limited,INE605F01017,NRINTER,5.3371975000000003,-,,-,,5.3371975000000003,Small Cap
5006,Shivansh Finserv Limited,INE728Q01014,SHIVA,5.2869440000000001,-,,-,,5.2869440000000001,Small Cap
5007,Lark Trading & Finance Limited,INE936T01017,-,-,-,-,LARK,5.2599999999999989,5.2599999999999989,Small Cap
5008,Silver Pearl Hospitality & Luxury Spaces Limited,INE0KXN01014,SILVERPRL,5.2592195420000003,-,,-,,5.2592195420000003,Small Cap
5009,Saptak Chem And Business Limited,INE467X01023,SCBL,5.239800089,-,,-,,5.239800089,Small Cap
5010,Indo Credit Capital Ltd.,INE147D01015,INDOCRED,5.2360864999999999,-,,-,,5.2360864999999999,Small Cap
5011,IMP Power Ltd.,INE065B01013,INDLMETER,5.2337571780000003,-,,-,,5.2337571780000003,Small Cap
5012,Wagend Infra Venture Limited,INE786K01023,WAGEND,5.224984375,-,,-,,5.224984375,Small Cap
5013,Shree Precoated Steels Limited,INE318K01025,SPSL,5.2194504450000005,-,,-,,5.2194504450000005,Small Cap
5014,JCK Infrastructure Development Limited,INE188R01019,-,-,-,-,JCKINFRA,5.2083337500000013,5.2083337500000013,Small Cap
5015,Bhagawati Gas Limited,INE099C01010,BHAGGAS,5.2056974819999997,-,-,-,,5.2056974819999997,Small Cap
5016,Seven Hill Industries Limited,INE518D01025,SEVENHILL,5.2012799999999997,-,,-,,5.2012799999999997,Small Cap
5017,ASIS LOGISTICS LIMITED,INE888E01020,ASISL,5.1925949999999998,-,,-,,5.1925949999999998,Small Cap
5018,SPARC ELECTREX LIMITED,INE960B01015,SPAR,5.1604573909999996,-,,-,,5.1604573909999996,Small Cap
5019,Naksh Precious Metals Limited,INE256S01012,NAKSH,5.1485475709999999,-,,-,,5.1485475709999999,Small Cap
5020,Goldedge Estate And Investments Limited,INE980V01011,-,-,-,-,GOLDEDGE,5.1480119999999987,5.1480119999999987,Small Cap
5021,Dharani Finance Ltd.,INE899D01011,DHARFIN,5.13657392,-,,-,,5.13657392,Small Cap
5022,Mahesh Developers Limited,INE01MO01013,MAHESH,5.1069599999999999,-,,-,,5.1069599999999999,Small Cap
5023,SGN Telecoms Ltd.,INE266C01023,SGNTE,5.1058388479999994,-,,-,,5.1058388479999994,Small Cap
5024,Superior Finlease Limited,INE574R01028,SUPERIOR,5.0121701669999998,-,,SUPFIN,5.1040537254901972,5.0581119462450985,Small Cap
5025,Rich 'N' Rich Finance And Holdings Limited,INE01KG01013,-,-,-,-,RICHNRICH,5.0500000000000016,5.0500000000000016,Small Cap
5026,Jainco Projects (India) Ltd.,INE966C01010,JAINCO,5.0434166669999998,-,,-,,5.0434166669999998,Small Cap
5027,Sword-Edge Commercials Limited,INE093G01022,SWORDEDGE,4.9955999999999996,-,,-,,4.9955999999999996,Small Cap
5028,Voltaire Leasing & Finance Ltd.,INE763D01019,VOLLF,4.9928004670000004,-,,-,,4.9928004670000004,Small Cap
5029,Rainbow Papers Ltd.,INE028D01025,RAINBOWPAP,4.9922130999999998,-,,-,,4.9922130999999998,Small Cap
5030,Sri Narayan Raj Kumar Merchants Limited,INE063F01019,-,-,-,-,SRINARAYAN,4.9789000000000021,4.9789000000000021,Small Cap
5031,BOSTON COMMERCE LIMITED,INE109B01019,BOSTON,4.960375,-,,-,,4.960375,Small Cap
5032,Mahasagar Travels Ltd.,INE007G01014,MHSGRMS,4.9332977829999995,-,,-,,4.9332977829999995,Small Cap
5033,Olympic Cards Limited,INE550L01013,OLPCL,4.9303918219999998,-,,-,,4.9303918219999998,Small Cap
5034,SUNPOINT TRADING LIMITED,INE098D01010,-,-,-,-,SUNPOINT,4.9292262500000001,4.9292262500000001,Small Cap
5035,United Textiles Ltd.,INE727E01012,UNITEDTE,4.929125,-,,-,,4.929125,Small Cap
5036,Adjia Technologies Limited,INE0G0V01018,ADJIA,4.9280096530000002,-,,-,,4.9280096530000002,Small Cap
5037,IDream Film Infrastructure Company Limited,INE459E01012,IDREAM,4.9180062500000004,-,,-,,4.9180062500000004,Small Cap
5038,Decorous Investment and Trading Co. Ltd.,INE183R01010,DITCO,4.9062737500000004,-,,-,,4.9062737500000004,Small Cap
5039,Bharatiya Global Infomedia Limited,INE224M01013,BGLOBAL,4.9454267869999997,BGLOBAL,4.8636999999999997,-,,4.9045633935000001,Small Cap
5040,Atcom Technologies Ltd.,INE834A01014,ATCOM,4.8934600000000001,-,,-,,4.8934600000000001,Small Cap
5041,Indu Engineering And Textiles Limited,INE022S01018,-,-,-,-,INDUENG,4.8879336666666662,4.8879336666666662,Small Cap
5042,Maximaa Systems ltd.,INE161B01036,MAXIMAA,4.8721054200000005,-,,-,,4.8721054200000005,Small Cap
5043,SAMRUDDHI REALTY LIMITED,INE621O01016,SRL,4.8453119999999998,-,,-,,4.8453119999999998,Small Cap
5044,Integrated Thermoplastics Ltd.,INE038N01015,INTETHR,4.8396672619999999,-,,-,,4.8396672619999999,Small Cap
5045,Dhruv Wellness Limited,INE109Y01011,DWL,4.8272513000000004,-,,-,,4.8272513000000004,Small Cap
5046,Multipurpose Trading & Agencies Ltd,INE017P01014,ZMULTIPU,4.8249712499999999,-,,-,,4.8249712499999999,Small Cap
5047,KANUNGO FINANCIERS LIMITED,INE453S01015,KANUNGO,4.8244960170000004,-,,-,,4.8244960170000004,Small Cap
5048,Jalpac India Ltd.,INE976B01011,JALPAC,4.7885499999999999,-,,-,,4.7885499999999999,Small Cap
5049,GoldCoin Health Foods Limited,INE634J01019,GOLDCOINHF,4.7774327999999997,-,,-,,4.7774327999999997,Small Cap
5050,Universal Arts Ltd,INE464B01018,UNIVARTS,4.7610884960000002,-,,-,,4.7610884960000002,Small Cap
5051,SEA TV Network Limited,INE351L01016,SEATV,4.7403874999999998,-,,-,,4.7403874999999998,Small Cap
5052,Karnimata Cold Storage Limited,INE576P01019,KCSL,4.7382879999999998,-,,-,,4.7382879999999998,Small Cap
5053,Foundry Fuel Products Ltd.,INE617C01027,FFPL,4.6950449479999996,-,,-,,4.6950449479999996,Small Cap
5054,Monica Electronics Ltd.,INE568C01014,MONEL,4.6870000000000003,-,,-,,4.6870000000000003,Small Cap
5055,Ventura Guaranty Ltd.,INE139J01019,SHYAM,4.684075848,-,,-,,4.684075848,Small Cap
5056,Siddha Ventures Limited,INE140C01012,SIDDHA,4.6799804829999996,-,,-,,4.6799804829999996,Small Cap
5057,KRISHNA FILAMENT INDUSTRIES LIMITED,INE073A01019,KRIFILIND,4.6777494969999998,-,,-,,4.6777494969999998,Small Cap
5058,Goyal Associates Ltd.,INE912B01032,GOYALASS,4.6761458329999996,-,,-,,4.6761458329999996,Small Cap
5059,VXL Instruments Ltd.,INE756A01019,VXLINSTR,4.6720079999999999,-,,-,,4.6720079999999999,Small Cap
5060,Aurum Capital Projects Limited,INE050F01016,-,-,-,-,AURUMCAP,4.6661849999999996,4.6661849999999996,Small Cap
5061,Patidar Buildcon Limited,INE637N01014,PATIDAR,4.6593036569999997,-,,-,,4.6593036569999997,Small Cap
5062,JLA Infraville Shoppers Limited,INE401Q01018,JSHL,4.651383,-,,-,,4.651383,Small Cap
5063,Metkore Alloys & Industries Ltd,INE592I01029,METKORE,4.6481473500000003,-,,-,,4.6481473500000003,Small Cap
5064,TRANWAY21 TECHNOLOGIES LIMITED,INE0BIW01023,TRANWAY21,4.6133926700000005,-,,-,,4.6133926700000005,Small Cap
5065,AMERISE BIOSCIENCES LIMITED,INE673C01020,AMERISE,4.6033575750000004,-,,-,,4.6033575750000004,Small Cap
5066,Omkar Overseas ltd.,INE680D01015,OMKAR,4.6019166670000002,-,,-,,4.6019166670000002,Small Cap
5067,Rainbow Denim Ltd.,INE820D01025,RAINBOWDQ,4.5696075920000006,-,,-,,4.5696075920000006,Small Cap
5068,Ashoka Refineries Ltd.,INE760M01016,ASHOKRE,4.5409695170000006,-,,-,,4.5409695170000006,Small Cap
5069,Mahalaxmi Seamless Ltd.,INE257F01017,MAHALXSE,4.5340378880000003,-,,-,,4.5340378880000003,Small Cap
5070,Global Infratech & Finance limited,INE377M01043,GBLINFRA,4.5205134029999998,-,,-,,4.5205134029999998,Small Cap
5071,Amarkantak Traders Limited,INE326V01017,-,-,-,-,AMARKANTAK,4.5075160999999992,4.5075160999999992,Small Cap
5072,Sarnimal Investment Limited,INE464R01022,-,-,-,-,SARNIMAL,4.4979999999999984,4.4979999999999984,Small Cap
5073,TALWALKARS BETTER VALUE FITNESS LIMITED,INE502K01016,TALWALKARS,4.4957041200000001,-,,-,,4.4957041200000001,Small Cap
5074,Mahan Industries Ltd.,INE735D01041,MAHANIN,4.4918250000000004,-,,-,,4.4918250000000004,Small Cap
5075,Nu Tek India Limited,INE318J01027,NUTEK,4.4810394000000002,-,,-,,4.4810394000000002,Small Cap
5076,HANMAN FIT LIMITED,INE982Q01017,HANMAN,4.4789500000000002,-,,-,,4.4789500000000002,Small Cap
5077,Radhagobind Commercial Limited,INE792P01020,RCL,4.47492,-,,-,,4.47492,Small Cap
5078,SIMPLEX PAPERS LTD.,INE456H01029,SIMPLXPAP,4.4690358269999999,-,,-,,4.4690358269999999,Small Cap
5079,Ashiana Agro Industries Ltd,INE709D01012,ASHAI,4.461233333,-,,-,,4.461233333,Small Cap
5080,PURPLE AGROTECH INDUSTRIES LIMITED,INE905R01016,PURPLE,4.4602371939999994,-,,-,,4.4602371939999994,Small Cap
5081,Longview Tea Company ltd.,INE696E01019,LONTE,4.4408130000000003,-,,-,,4.4408130000000003,Small Cap
5082,Ambition Mica Limited,INE563S01011,AMBITION,4.4169119999999999,-,,-,,4.4169119999999999,Small Cap
5083,Chhabra Spinners ltd.,INE420D01016,CHABRASP,4.4073000000000002,-,,-,,4.4073000000000002,Small Cap
5084,Majestic Research Services and Solutions Limited,INE196R01012,MRSS,4.3913880000000001,-,,-,,4.3913880000000001,Small Cap
5085,Navoday Enterprises Limited,INE0DB001013,NAVODAYENT,4.3858519999999999,-,,-,,4.3858519999999999,Small Cap
5086,Ashutosh Paper Mills Ltd.,INE723K01018,ASHUTPM,4.3834918280000004,-,,-,,4.3834918280000004,Small Cap
5087,Shantanu Sheorey Aquakult ltd.,INE545N01019,SHAQUAK,4.3698826670000006,-,,-,,4.3698826670000006,Small Cap
5088,Sand Plast (India) Ltd.,INE122K01013,SANDPLAST,4.3384,-,,-,,4.3384,Small Cap
5089,S.M. Energy Teknik & Electronics Lt,INE540D01011,SMENER,4.2845760000000004,-,,-,,4.2845760000000004,Small Cap
5090,Rajkot Investment Trust Limited,INE176R01014,RAJKOTINV,4.2593583329999998,-,,-,,4.2593583329999998,Small Cap
5091,Nicco Corporation Ltd.,INE241C01026,NICCO,4.2519115039999997,-,,-,,4.2519115039999997,Small Cap
5092,ACE EDUTREND LIMITED,INE715F01014,ACEEDU,4.2333282310000007,-,,-,,4.2333282310000007,Small Cap
5093,Quintegra Solutions Limited,INE033B01011,QUINTEGRA,4.9042495070000003,QUINTEGRA,3.5472000000000001,-,,4.2257247534999998,Small Cap
5094,Heera Ispat Ltd.,INE025D01013,HEERAISP,4.2117416369999994,-,,-,,4.2117416369999994,Small Cap
5095,Golkonda Aluminium Extrusions Ltd,INE327C01031,GOLKONDA,4.1594430170000001,-,,-,,4.1594430170000001,Small Cap
5096,Aananda Lakshmi Spinning Mills Limited,INE197R01010,AANANDALAK,4.1277097310000004,-,,-,,4.1277097310000004,Small Cap
5097,Elango Industries Ltd,INE594D01018,ELANGO,4.117985311,-,,-,,4.117985311,Small Cap
5098,Sidh Management Corporate Services Limited,INE482E01014,-,-,-,-,SMCSL,4.1058059,4.1058059,Small Cap
5099,MAX ALERT SYSTEMS LIMITED,INE253N01010,MASL,4.0937774999999998,-,,-,,4.0937774999999998,Small Cap
5100,Futuristic Offshore Services and Chemical Ltd.,INE418A01016,FOSCL,4.0865052000000004,-,-,-,,4.0865052000000004,Small Cap
5101,Alchemist Limited,INE964B01033,ALCHEM,4.0814997999999996,-,,-,,4.0814997999999996,Small Cap
5102,Cindrella Financial Services Ltd.,INE897D01015,CINDRELL,4.0620320000000003,-,,-,,4.0620320000000003,Small Cap
5103,Vaishno Cement Co. Ltd.,INE116E01018,VAICC,4.0489213099999999,-,,-,,4.0489213099999999,Small Cap
5104,Peoples Investments Ltd.,INE644U01015,PEOPLIN,4.0448333329999997,-,,-,,4.0448333329999997,Small Cap
5105,G-Tech Info-Training Ltd.,INE634D01038,GTEIT,4.0398458330000002,-,,-,,4.0398458330000002,Small Cap
5106,Aar Shyam India Investment Company Limited,INE512R01010,AARSHYAM,4.0252749999999997,-,,-,,4.0252749999999997,Small Cap
5107,Swadha Nature Limited,INE0P4R01017,SWADHATURE,4.0226415250000001,-,,-,,4.0226415250000001,Small Cap
5108,Omni Axs Software Ltd.,INE369B01019,OMNIAX,4.0108241659999999,-,,-,,4.0108241659999999,Small Cap
5109,MODEX INTERNATIONAL SECURITIES LTD.,INE072D01015,MODEX,3.996,-,,-,,3.996,Small Cap
5110,SSPN Finance Limited,INE820R01017,SSPNFIN,3.9654336130000001,-,,-,,3.9654336130000001,Small Cap
5111,Ace Exports Limited,INE781X01019,-,-,-,-,ACEEXPO,3.9569600000000009,3.9569600000000009,Small Cap
5112,Amarnath Securities Ltd.,INE745P01010,AMARSEC,3.9066854280000003,-,,-,,3.9066854280000003,Small Cap
5113,Kamini Finance & Investment Company Limited,INE927E01018,-,-,-,-,KAMINI,3.9005362499999983,3.9005362499999983,Small Cap
5114,Richa Industries Limited,INE516H01012,RICHAIND,3.8659500000000002,-,,-,,3.8659500000000002,Small Cap
5115,ENCODE PACKAGING INDIA LIMITED,INE900O01014,ENCODE,3.8627409450000001,-,,-,,3.8627409450000001,Small Cap
5116,Beeyu Overseas Ltd.,INE052B01011,BEEYU,3.8460038340000002,-,,-,,3.8460038340000002,Small Cap
5117,Maxplus Logistics Limited,INE961R01019,-,-,-,-,MAXPLUS,3.8344549999999988,3.8344549999999988,Small Cap
5118,Gujarat Winding Systems Limited,INE173V01013,GUJWIND,3.8113868929999999,-,,-,,3.8113868929999999,Small Cap
5119,Ekam Leasing & Finance Co. Ltd.,INE906L01025,EKAMLEA,3.8069500000000001,-,,-,,3.8069500000000001,Small Cap
5120,Ken Financial Services Ltd.,INE395E01018,KENFIN,3.7992750000000002,-,,-,,3.7992750000000002,Small Cap
5121,Shyama Computronics and Services Limited,INE861E01019,SHYAMACOMP,3.7933562299999997,-,,-,,3.7933562299999997,Small Cap
5122,Abhishek Infraventures Limited,INE281P01016,ABHIINFRA,3.8361039749999999,-,,ABHIINFRA,3.7418534999999999,3.7889787374999999,Small Cap
5123,Netripples Software Limited,INE478B01018,NETRIPPLES,3.7561119000000001,-,,-,,3.7561119000000001,Small Cap
5124,Euro Ceremics Ltd,INE649H01011,EUROCERA,3.7448865869999999,-,,-,,3.7448865869999999,Small Cap
5125,Sophia Exports Limited,INE948E01014,-,-,-,-,SOPHIA,3.7378950000000013,3.7378950000000013,Small Cap
5126,Winsome Diamonds and Jewellery Limited,INE664A01015,WINSOMEDJ,3.7312762899999998,-,,-,,3.7312762899999998,Small Cap
5127,SIDH AUTOMOBILES LIMITED,INE403L01015,SIDH,3.7028750000000001,-,,-,,3.7028750000000001,Small Cap
5128,PFL Infotech Ltd.,INE600F01018,PFLINFOTC,3.6994160700000003,-,,-,,3.6994160700000003,Small Cap
5129,BEFOUND MOVEMENT LIMITED,INE425F01028,BEFOUNDMOL,3.697666667,-,,-,,3.697666667,Small Cap
5130,Innocorp Limited,INE214B01017,INNOCORP,3.6877876249999999,-,,-,,3.6877876249999999,Small Cap
5131,Unishire Urban Infra Limited,INE210P01015,UNISHIRE,3.681787275,-,,-,,3.681787275,Small Cap
5132,Unitech International Ltd,INE929K01011,UNITINT,3.6535915350000003,-,,-,,3.6535915350000003,Small Cap
5133,City Online Services Limited,INE158C01014,CITYONLINE,3.6463642780000001,-,,-,,3.6463642780000001,Small Cap
5134,Integrated Hi-tech ltd.,INE934A01012,INTEGHIT,3.6445924079999998,-,,-,,3.6445924079999998,Small Cap
5135,Starlit Power Systems Limited,INE909P01012,STARLIT,3.6132868939999998,-,,-,,3.6132868939999998,Small Cap
5136,GCCL Construction And Realities Ltd,INE775C01015,GCCL,3.6004200000000002,-,,-,,3.6004200000000002,Small Cap
5137,THAKKERS GROUP LIMITED,INE04VT01017,THAKKERS,3.564466833,-,,-,,3.564466833,Small Cap
5138,Skyline India Limited,INE773X01016,-,-,-,-,SKYLINE,3.564413575000001,3.564413575000001,Small Cap
5139,TMT (India) ltd.,INE182E01010,TMTIND-B1,3.5602134969999999,-,,-,,3.5602134969999999,Small Cap
5140,T. Spiritual World Ltd.,INE541C01037,TSPIRITUAL,3.5561889170000001,-,,-,,3.5561889170000001,Small Cap
5141,Zel Jewellers Limited,INE513F01013,-,-,-,-,ZEL,3.5500000000000012,3.5500000000000012,Small Cap
5142,DHARTI PROTEINS LIMITED,INE248C01013,DHARTI,3.5456340000000002,-,,-,,3.5456340000000002,Small Cap
5143,FABINO ENTERPRISES LIMITED,INE0DRT01018,FABINO,3.5337049999999999,-,,-,,3.5337049999999999,Small Cap
5144,Women Networks Ltd.,INE905B01010,WOMENNET,3.5257700079999998,-,,-,,3.5257700079999998,Small Cap
5145,Spectra Industries Ltd.,INE848B01012,SPECTRA,3.5246211000000001,-,,-,,3.5246211000000001,Small Cap
5146,Roadways India Limited,INE518C01019,-,-,-,-,ROADWAYS,3.5201999999999987,3.5201999999999987,Small Cap
5147,Hindustan Auto Finance Limited,INE806Q01018,-,-,-,-,HINDAUTO,3.5028000000000006,3.5028000000000006,Small Cap
5148,Sturdy Industries Ltd.,INE134F01026,STURDY,3.4851371990000004,-,,-,,3.4851371990000004,Small Cap
5149,Ruby Cables Limited,INE812T01010,RUBY,3.4443009999999998,-,,-,,3.4443009999999998,Small Cap
5150,Wisec Global Ltd.,INE638C01015,WISEC,3.4352452000000002,-,,-,,3.4352452000000002,Small Cap
5151,Biopac India Corporation Ltd,INE998A01017,BIOPAC,3.4327698999999998,-,,-,,3.4327698999999998,Small Cap
5152,DATACIPHER LIMITED,INE989E01018,DATA,3.4295,-,,-,,3.4295,Small Cap
5153,Stewarts & Lloyds of India Ltd.,INE356D01012,STEWARTQ,3.411,-,,-,,3.411,Small Cap
5154,Frontline Financial Services Ltd.,INE776R01011,FRONTFN,3.4050330520000003,-,,-,,3.4050330520000003,Small Cap
5155,ASHAPURA INTIMATES FASHION LIMITED,INE428O01016,AIFL,3.4035398100000003,-,,-,,3.4035398100000003,Small Cap
5156,Euro Multivision Limited,INE063J01011,EUROMULTI,3.4034070070000002,-,,-,,3.4034070070000002,Small Cap
5157,Oswal Leasing Ltd.,INE811Q01018,OSWALEA,3.4005541670000001,-,,-,,3.4005541670000001,Small Cap
5158,Khator Fibre & Fabrics Ltd.,INE964G01016,KHTRFIB,3.4,-,,-,,3.4,Small Cap
5159,Parag Fans & Cooling Systems Limited,INE698V01019,-,-,-,-,PFCSL,3.3955840000000013,3.3955840000000013,Small Cap
5160,JRD Finance Limited,INE517E01017,-,-,-,-,JFL,3.3702999999999981,3.3702999999999981,Small Cap
5161,Dynamic Microsteppers Ltd.,INE443N01017,DYNMICR,3.3625799999999999,-,,-,,3.3625799999999999,Small Cap
5162,Rajvir Industries Limited,INE011H01014,RAJVIR,3.5921448219999998,RAJVIR,3.1036999999999999,-,,3.3479224109999999,Small Cap
5163,Jain Farms Palm Oil Limited,INE379Y01010,-,-,-,-,JAINFARM,3.3450000000000002,3.3450000000000002,Small Cap
5164,J.J.Exporters Ltd.,INE408B01015,JJEXPO,3.34367225,-,,-,,3.34367225,Small Cap
5165,Blueblood Ventures Limited,INE562S01013,BVL,3.3221955599999999,-,,-,,3.3221955599999999,Small Cap
5166,Parijat Paper Mills Limited,INE447K01014,-,-,-,-,PPML,3.2899999999999991,3.2899999999999991,Small Cap
5167,Advik Laboratories Ltd.,INE537C01019,ADVIKLA,3.2753754370000001,-,,-,,3.2753754370000001,Small Cap
5168,Shri Kalyan Holdings Ltd.,INE079N01019,SHKALYN,3.2678955629999997,-,,-,,3.2678955629999997,Small Cap
5169,GB GLOBAL LIMITED,INE087J01028,GBGLOBAL,3.2480091,-,,-,,3.2480091,Small Cap
5170,R J BIO-TECH LIMITED,INE594O01015,RJBIOTECH,3.2473868000000001,-,,-,,3.2473868000000001,Small Cap
5171,GCM Commodity & Derivatives Limited,INE200P01016,GCMCOMM,3.2443611670000001,-,,-,,3.2443611670000001,Small Cap
5172,Tricom Fruit Products Limited,INE843F01014,TRICOMFRU,3.225665244,-,,-,,3.225665244,Small Cap
5173,REVATI MEDIA LIMITED,INE270D01015,REVAMEDIA,3.2235,-,,-,,3.2235,Small Cap
5174,Fourth Generation Information Systems Ltd,INE739B01039,4THGEN,3.2151166670000002,-,,-,,3.2151166670000002,Small Cap
5175,City Gold Credit Capital Limited,INE868D01016,-,-,-,-,CITYGOLD,3.2005000000000012,3.2005000000000012,Small Cap
5176,Neogem India Limited,INE552E01014,NOGMIND,3.195252,-,,-,,3.195252,Small Cap
5177,CENTERAC TECHNOLOGIES LIMITED,INE157B01026,CENTERAC,3.1890282999999999,-,,-,,3.1890282999999999,Small Cap
5178,Technical Associates Infrapower Limited,INE095S01014,-,-,-,-,TECHAINPOW,3.1800000000000015,3.1800000000000015,Small Cap
5179,SBL Infratech Limited,INE0DLM01024,SBLI,3.1775552940000003,-,,-,,3.1775552940000003,Small Cap
5180,Ennore Coke Limited,INE755H01016,ENNORE,3.1775000000000002,-,,-,,3.1775000000000002,Small Cap
5181,Prabhat Securities Limited,INE774R01016,-,-,-,-,PRABHATSEC,3.1320075600000012,3.1320075600000012,Small Cap
5182,Credence Sound & Vision Ltd.,INE406C01025,CREDENCE,3.129,-,,-,,3.129,Small Cap
5183,P. K. Leasing & Finance Limited,INE061D01018,-,-,-,-,PKLEASING,3.1103999999999998,3.1103999999999998,Small Cap
5184,Tarangini Investments Limited,INE356R01020,-,-,-,-,TARANGINI,3.1059999999999985,3.1059999999999985,Small Cap
5185,Rane Computers Consultancy Ltd,INE749C01010,RANCC,3.1,-,,-,,3.1,Small Cap
5186,River Front Hotels Limited,INE970W01010,-,-,-,-,RFHL,3.0976786500000011,3.0976786500000011,Small Cap
5187,Encore Business System Limited,INE572B01018,-,-,-,-,EBSL,3.0974209999999993,3.0974209999999993,Small Cap
5188,Athena Constructions Limited,INE291R01011,ATHCON,3.0971875,-,,-,,3.0971875,Small Cap
5189,Kovalam Inv. & Trading Co.Ltd.,INE735U01011,ZKOVALIN,3.0778228460000001,-,,-,,3.0778228460000001,Small Cap
5190,Jain Farms And Resorts Limited,INE378Y01012,-,-,-,-,JFRL,3.0749999999999993,3.0749999999999993,Small Cap
5191,Dhampur Sugar (Kashipur) Ltd.,INE735A01013,DHAMSUGR,3.064257,-,,-,,3.064257,Small Cap
5192,Slesha Commercial Limited,INE205S01019,-,-,-,-,SLESHA,3.0489999999999999,3.0489999999999999,Small Cap
5193,Pace Automation Limited,INE413R01029,-,-,-,-,PACEAUTO,3.0233709999999996,3.0233709999999996,Small Cap
5194,MAFIA TRENDS LIMITED,INE0KQQ01011,MAFIA,3.0064272010000002,-,,-,,3.0064272010000002,Small Cap
5195,Microse India Limited,INE809F01015,MICROSE,3.0030000000000001,-,,-,,3.0030000000000001,Small Cap
5196,Ellora Traders Limited,INE237E01012,-,-,-,-,ELLORA,2.9917499999999992,2.9917499999999992,Small Cap
5197,Deltron Ltd,INE272R01011,DELTRON,2.9911500000000002,-,,-,,2.9911500000000002,Small Cap
5198,Vadilal Dairy International Ltd.,INE159T01016,VADIDAI,2.9501374999999999,-,,-,,2.9501374999999999,Small Cap
5199,TALWALKARS HEALTHCLUBS LIMITED,INE627Z01019,TALWGYM,2.9454613199999997,-,,-,,2.9454613199999997,Small Cap
5200,Gaekwar Mills Ltd.,INE837X01027,ZGAEKWAR,2.9385500000000002,-,,-,,2.9385500000000002,Small Cap
5201,Shivom Investment & Consultancy Limited,INE074G01014,SICLTD,2.9379556500000001,-,,-,,2.9379556500000001,Small Cap
5202,Supraneet Finance & Consultants Limited,INE828D01010,-,-,-,-,SUPRANEET,2.8767129999999992,2.8767129999999992,Small Cap
5203,Ramasigns Industries Limited,INE650D01026,RAMASIGNS,2.8616616670000004,-,,-,,2.8616616670000004,Small Cap
5204,ASEEM GLOBAL LIMITED,INE439C01018,ASEEMG,2.85670746,-,,-,,2.85670746,Small Cap
5205,Amit Spinning Industries Ltd.,INE988A01026,ASIL,2.8407070230000002,-,,-,,2.8407070230000002,Small Cap
5206,SPV GLOBAL TRADING LIMITED,INE177E01010,SPVGLOBAL,2.8321999999999998,-,,-,,2.8321999999999998,Small Cap
5207,Niwas Spinning Mills Ltd.,INE163E01010,NIWASSP,2.8178785999999998,-,,-,,2.8178785999999998,Small Cap
5208,Diamant Infrastructure Limited,INE206I01026,DIAMANT,2.8174934670000003,-,,-,,2.8174934670000003,Small Cap
5209,BMB Music & Magnetics Ltd.,INE644K01016,BMBMUMG,2.8161950780000002,-,,-,,2.8161950780000002,Small Cap
5210,SIP Industries Ltd,INE186B01017,SIPIND,2.8105254149999999,-,,-,,2.8105254149999999,Small Cap
5211,SUUMAYA CORPORATION LIMITED,INE0EMB01015,SUUMAYA,2.796174014,-,,-,,2.796174014,Small Cap
5212,New Era Alkaloids & Export Limited,INE166V01017,-,-,-,-,NEWERA,2.7917400000000008,2.7917400000000008,Small Cap
5213,Khyati Multimedia-Entertainment Ltd,INE593B01030,KHYATI,2.7901093329999997,-,,-,,2.7901093329999997,Small Cap
5214,I.C.S.A. (India) Ltd.,INE306B01029,ICSA,2.7438945000000001,-,,-,,2.7438945000000001,Small Cap
5215,Brilliant Portfolios Ltd.,INE661F01010,BRIPORT,2.7388894000000001,-,,-,,2.7388894000000001,Small Cap
5216,Charms Industries Ltd,INE442C01012,CHARMS,2.7355864730000001,-,,-,,2.7355864730000001,Small Cap
5217,Geetanjali Credit And Capital Limited,INE263R01010,GEETANJ,2.7283035999999998,-,,-,,2.7283035999999998,Small Cap
5218,Tulsi Extrusions Limited,INE474I01012,TULSI,2.72196639,-,,-,,2.72196639,Small Cap
5219,Sunita Bonds & Holdings Limited,INE505E01012,-,-,-,-,SBHL,2.7129666666666652,2.7129666666666652,Small Cap
5220,SVA India Ltd,INE763K01014,SVAINDIA,2.6850138000000001,-,,-,,2.6850138000000001,Small Cap
5221,Enchante Jewellery Ltd.,INE772C01012,ENCHANTE,2.6528999999999998,-,,-,,2.6528999999999998,Small Cap
5222,Emmsons International Limited,INE073C01015,EMMSONS,2.6391287999999999,-,,-,,2.6391287999999999,Small Cap
5223,Indus Fila Limited,INE025I01012,INDUSFILA,2.634579059,-,,-,,2.634579059,Small Cap
5224,Madhur Industries Limited,INE110C01015,MADHURIND,2.6309947500000002,-,,-,,2.6309947500000002,Small Cap
5225,Gajra Bevel Gears Ltd.,INE282D01010,GAJRA,2.5985049999999998,-,,-,,2.5985049999999998,Small Cap
5226,TechTrek India Limited,INE892N01015,TECHTREK,2.5701957600000003,-,,-,,2.5701957600000003,Small Cap
5227,Automobile Products of India Ltd.,INE0NY101012,AUTOPRD,2.495772804,-,,-,,2.495772804,Small Cap
5228,Cox & Kings Financial Service Limited,INE391Z01012,CKFSL,2.477051436,-,,-,,2.477051436,Small Cap
5229,HEM Holdings and Trading Ltd.,INE721U01011,ZHEMHOLD,2.4615079999999998,-,,-,,2.4615079999999998,Small Cap
5230,Empee Sugars & Chemicals Ltd.,INE928B01012,EMPEESUG,2.4344282000000002,-,-,-,,2.4344282000000002,Small Cap
5231,Nicco-Uco Alliance Credit Ltd.,INE917B01023,NICCOUCO,2.4083195870000003,-,,-,,2.4083195870000003,Small Cap
5232,Linaks Microelectronics Ltd.,INE028C01027,LINAKS,2.3922713999999998,-,,-,,2.3922713999999998,Small Cap
5233,Indo Gulf Industries  Ltd.,INE684U01011,IGLFXPL-B,2.3907013190000002,-,,-,,2.3907013190000002,Small Cap
5234,Omnipotent Industries Limited,INE0JFE01012,OMNIPOTENT,2.3887416670000001,-,,-,,2.3887416670000001,Small Cap
5235,Kome-on Communication Limited,INE833C01012,KOCL,2.3862890129999998,-,,-,,2.3862890129999998,Small Cap
5236,Anand Projects Ltd,INE134R01013,ANANDPROJ,2.2871419199999998,-,,-,,2.2871419199999998,Small Cap
5237,India Infraspace Ltd,INE954M01031,INDINFRA,2.283524892,-,,-,,2.283524892,Small Cap
5238,Veronica Production Limited,INE008M01044,VERONICAPRO,2.2812125760000002,-,,-,,2.2812125760000002,Small Cap
5239,Rakan Steels Limited,INE773R01026,-,-,-,-,RAKAN,2.2680000000000002,2.2680000000000002,Small Cap
5240,Prabhav Industries Limited,INE538J01012,PRABHAVIN,2.2583658999999998,-,,-,,2.2583658999999998,Small Cap
5241,Modern Denim Limited,INE01N301019,MDRNSUT-B,2.25,-,,-,,2.25,Small Cap
5242,Spangle Marketing Limited,INE315M01019,-,-,-,-,SPANGLE,2.202191,2.202191,Small Cap
5243,Rajeswari Infrastructure Limited,INE016C01014,RAJINFRA,2.1915894250000001,-,,-,,2.1915894250000001,Small Cap
5244,Asian Bearings Ltd.,INE046C01011,ASIANBRG,2.19095,-,,-,,2.19095,Small Cap
5245,Crysdale Industries Limited,INE0SV601019,CRYSDALE,2.1829499999999999,-,,-,,2.1829499999999999,Small Cap
5246,Nidhi Services Limited,INE163S01010,-,-,-,-,NIDHISER,2.1825000000000006,2.1825000000000006,Small Cap
5247,Jotindra Infrastructure Limited,INE173F01016,-,-,-,-,JOTINDRA,2.1695512400000001,2.1695512400000001,Small Cap
5248,Sanguine Media Ltd.,INE617F01038,SANGUI,2.1678999999999999,-,,-,,2.1678999999999999,Small Cap
5249,Corporate Courier and Cargo Ltd,INE871E01018,CORPOCO,2.1456,-,,-,,2.1456,Small Cap
5250,Mudra Financial Services Ltd.,INE967S01014,MUDRA,2.1292917500000001,-,,-,,2.1292917500000001,Small Cap
5251,Shree Rajeshwaranand Paper Mills Lt,INE617D01017,SRPML,2.1289500000000001,-,,-,,2.1289500000000001,Small Cap
5252,Birla Transasia Carpets Ltd.,INE646O01013,BIRLATR,2.1262717499999999,-,,-,,2.1262717499999999,Small Cap
5253,Blue Blends (India) Ltd,INE113O01014,BLUBLND-B,2.100167661,-,,-,,2.100167661,Small Cap
5254,Olympic Management & Financial Serv,INE091N01014,OLYMTFI,2.0702695950000001,-,,-,,2.0702695950000001,Small Cap
5255,Shreenath Investments Co. Ltd.,INE475V01012,SHRENTI,2.0625,-,,-,,2.0625,Small Cap
5256,Hindusthan Udyog Ltd,INE582K01018,ZHINUDYP,2.0505436760000002,-,,-,,2.0505436760000002,Small Cap
5257,HRB Flouriculture Ltd.,INE284D01016,HRBFLOR,2.04867,-,,-,,2.04867,Small Cap
5258,Tirupati Industries (India) Ltd,INE329E01017,TIRIN,2.0374593999999999,-,,-,,2.0374593999999999,Small Cap
5259,Shri Krishna Prasadam Limited,INE009Q01019,SKP,2.0301,-,,-,,2.0301,Small Cap
5260,Gangotri Textiles Ltd.,INE670B01028,GANGOTRI,2.0221073079999998,-,,-,,2.0221073079999998,Small Cap
5261,GIKEN SEIKI INDUSTRIES LIMITED,INE757Q01013,-,-,-,-,GIKENSEIKI,2.0104999999999991,2.0104999999999991,Small Cap
5262,Capital Finvest Limited,INE379R01014,-,-,-,-,CAPFIN,2,2,Small Cap
5263,Amar Vanijya Limited,INE499F01015,-,-,-,-,AMARVAN,1.9920000000000002,1.9920000000000002,Small Cap
5264,Technojet Consultants Ltd.,INE881P01013,TECHCON,1.9907999999999999,-,,-,,1.9907999999999999,Small Cap
5265,Pillar Investment Company Limited,INE752U01016,-,-,-,-,PILLAR,1.9850000000000003,1.9850000000000003,Small Cap
5266,Sagar Systech Ltd.,INE771Z01015,SAGARSYST,1.976,-,,-,,1.976,Small Cap
5267,Premier Pipes Limited,INE448N01024,PREMPIPES,1.9028,-,,-,,1.9028,Small Cap
5268,P R Holdings Limited,INE160T01014,-,-,-,-,PRHOLDING,1.89,1.89,Small Cap
5269,Cresanto Global Limited,INE741C01017,CRESANTO,1.8749214170000001,-,,-,,1.8749214170000001,Small Cap
5270,Fortune Industrial Resources Limited,INE510L01017,-,-,-,-,FIRL,1.868004333333334,1.868004333333334,Small Cap
5271,KUNDAN MINERALS AND METALS LIMITED,INE889B01016,KUNDANMM,1.8252108,-,,-,,1.8252108,Small Cap
5272,Mahavir Industries Limited,INE987M01023,MAHAVIRIND,1.82,-,,-,,1.82,Small Cap
5273,Vegepro Foods & Feeds Ltd.,INE155O01015,VGPRFOO,1.8088,-,,-,,1.8088,Small Cap
5274,KD LEISURES LIMITED,INE081R01016,KDLL,1.7722800000000001,-,,-,,1.7722800000000001,Small Cap
5275,Achal Investments Limited,INE860P01025,ACHAL,1.7667409199999999,-,,-,,1.7667409199999999,Small Cap
5276,Telephone Cables Ltd,INE745C01018,TELECABL,1.6813,-,,-,,1.6813,Small Cap
5277,Super Syncotex (India) Ltd.,INE542D01017,SUPERSYN,1.6626784320000001,-,,-,,1.6626784320000001,Small Cap
5278,Advance Multitech Ltd.,INE875S01019,ADVMULT,1.662135696,-,,-,,1.662135696,Small Cap
5279,Sybly Industries Ltd.,INE080D01042,SYBLY,1.6607879380000001,-,,-,,1.6607879380000001,Small Cap
5280,VISU INTERNATIONAL lTD.,INE965A01016,VISUINTL,1.6605099999999999,-,,-,,1.6605099999999999,Small Cap
5281,Baron Infotech Ltd.,INE228B01017,BARONINF,1.655205,-,,-,,1.655205,Small Cap
5282,GLOBAL DEFENCE INDUSTRIES LIMITED,INE425H01016,GDIL,1.622861895,-,,-,,1.622861895,Small Cap
5283,AURIQUE LIMITED,INE766A01026,AURIQUE,1.6224905329999999,-,,-,,1.6224905329999999,Small Cap
5284,Midland Polymers Ltd.,INE046M01036,MIDPOLY,1.5983364,-,,-,,1.5983364,Small Cap
5285,Rathi Graphics Technologies ltd.,INE886C01010,RATHIGRA,1.5945830000000001,-,,-,,1.5945830000000001,Small Cap
5286,Gujarat Perstorp Electronics Ltd.,INE878D01015,GUJPE,1.5904499999999999,-,,-,,1.5904499999999999,Small Cap
5287,Sharp Commercial Enterprises Limited,INE023F01013,-,-,-,-,SCEL,1.5901999999999996,1.5901999999999996,Small Cap
5288,Emgee Cables & Communications Ltd.,INE128F01010,EMGEECA,1.5892170000000001,-,,-,,1.5892170000000001,Small Cap
5289,Advance PowerInfra Tech Limited,INE009D01017,ADVPOWER,1.5509999999999999,-,,-,,1.5509999999999999,Small Cap
5290,Garlon Polyfab Industries Ltd.,INE875E01019,GARLNIN,1.5259100000000001,-,,-,,1.5259100000000001,Small Cap
5291,Nivi Trading Ltd.,INE552F01011,ZNIVITRD,1.49472,-,,-,,1.49472,Small Cap
5292,Be Swasth Healthcare Limited,INE288U01011,-,-,-,-,BESWASTH,1.4938650000000002,1.4938650000000002,Small Cap
5293,Silver oak Commercial Ltd.,INE798C01017,SILVERO,1.482272917,-,,-,,1.482272917,Small Cap
5294,Jeco Exports And Finance Limited,INE719C01013,-,-,-,-,JECOEXP,1.482,1.482,Small Cap
5295,Buy Right Impex Limited,INE157T01010,-,-,-,-,BUYRIGHT,1.47695625,1.47695625,Small Cap
5296,SNS Properties And Leasing Limited,INE777R01019,-,-,-,-,SNSPL,1.4766999999999995,1.4766999999999995,Small Cap
5297,Arihant Institute Limited,INE997Z01016,ARIHANTINS,1.4671809359999999,-,,-,,1.4671809359999999,Small Cap
5298,Kedia Construction Co. Ltd.,INE511J01027,KEDIACN,1.4670000000000001,-,,-,,1.4670000000000001,Small Cap
5299,GSL Nova Petrochemicals Limited,INE787A01022,GSLNOVA,1.431,-,,-,,1.431,Small Cap
5300,Uddhav Properties Limited,INE162S01012,-,-,-,-,UDDHAV,1.4099999999999993,1.4099999999999993,Small Cap
5301,Uttaranchal Leasing Limited,INE799S01011,-,-,-,-,ULL,1.4000000000000004,1.4000000000000004,Small Cap
5302,Zenith Computers Ltd.,INE598B01013,ZENITHCOMP,1.3932755999999999,-,,-,,1.3932755999999999,Small Cap
5303,Sheraton Properties & Finance Ltd.,INE495M01019,ZSHERAPR,1.3824000000000001,-,,-,,1.3824000000000001,Small Cap
5304,Valley Magnesite Company Limited,INE834E01016,VALLEY,1.3775999999999999,-,,-,,1.3775999999999999,Small Cap
5305,Sriven Multi-Tech Ltd,INE004B01012,SRIMT,1.3425480000000001,-,,-,,1.3425480000000001,Small Cap
5306,Aditya Forge Ltd,INE281H01013,ADTYFRG,1.3399745999999999,-,,-,,1.3399745999999999,Small Cap
5307,SIGNATURE GREEN CORPORATION LIMITED,INE131O01024,SIGNGCL,1.334803575,-,,-,,1.334803575,Small Cap
5308,Diksha Greens Limited,INE01GR01018,DGL,1.325259274,-,,-,,1.325259274,Small Cap
5309,Sarvamangal Mercantile Co. Ltd.,INE978L01016,ZSARVAMA,1.30725,-,,-,,1.30725,Small Cap
5310,DEVOTED CONSTRUCTION LIMITED,INE061Z01011,DCL,1.2784600800000001,-,,-,,1.2784600800000001,Small Cap
5311,India Radiators Ltd.,INE461Y01016,INRADIA,1.2735224999999999,-,,-,,1.2735224999999999,Small Cap
5312,Abhinandan Enterprises Limited,INE841E01011,-,-,-,-,AEL,1.2704999999999995,1.2704999999999995,Small Cap
5313,Uniworth Securities Limited,INE728J01019,UNIWSEC,1.2510239999999999,-,,-,,1.2510239999999999,Small Cap
5314,Esquire Money Guarantees Ltd,INE0HMN01013,ESQRMON,1.21275,-,,-,,1.21275,Small Cap
5315,NOBLE POLYMERS LIMITED,INE203Q01026,NOBPOL,1.190300283,-,,-,,1.190300283,Small Cap
5316,Victoria Enterprises Limited,INE082E01012,VICTENT,1.1775,-,,-,,1.1775,Small Cap
5317,Denim Developers Limited,INE956N01018,-,-,-,-,DENIMDL,1.1675571600000003,1.1675571600000003,Small Cap
5318,HIND COMMERCE LIMITED,INE691J01019,HCLTD,1.1563000000000001,-,,-,,1.1563000000000001,Small Cap
5319,WARDWIZARD HEALTHCARE LIMITED,INE048E01013,WARDHEALTH,1.11083,-,,-,,1.11083,Small Cap
5320,Gujarat Cypromet Ltd.,INE673B01014,GUJCYPROM,1.08,-,,-,,1.08,Small Cap
5321,Shri Gurudev En-Trade Limited,INE844E01015,-,-,-,-,SGETL,1.0759999999999998,1.0759999999999998,Small Cap
5322,Inditalia Refcon Ltd.,INE149C01013,INDITALIA,1.0115594999999999,-,,-,,1.0115594999999999,Small Cap
5323,Oasis Tradelink Limited,INE189Q01019,OASIS,1.0004665119999998,-,,-,,1.0004665119999998,Small Cap
5324,Bhairav Enterprises Limited,INE842E01019,-,-,-,-,BHAIRAV,1,1,Small Cap
5325,Rishabh Enterprises Limited,INE843E01017,-,-,-,-,RISHABHENT,1,1,Small Cap
5326,Shreyans Financial And Capital Services Limited,INE463R01016,-,-,-,-,SHREYANS,1,1,Small Cap
5327,Skyweb Infotech Limited,INE830R01016,-,-,-,-,SKYWEB,1,1,Small Cap
5328,Dhaval Exports Limited,INE307I01014,-,-,-,-,DHAVAL,0.99600000000000011,0.99600000000000011,Small Cap
5329,Sapan Chemicals Limited,INE823E01035,SAPANCHEM,0.99199999999999999,-,,-,,0.99199999999999999,Small Cap
5330,Cosboard Industries Ltd.,INE496D01016,COSBOARD,0.98757399999999995,-,,-,,0.98757399999999995,Small Cap
5331,P. B. Films Limited,INE212Q01019,PBFL,0.98039849999999995,-,,-,,0.98039849999999995,Small Cap
5332,Shah Construction Co. Ltd.,INE02C301011,SHAHCON,0.97943250000000004,-,,-,,0.97943250000000004,Small Cap
5333,Gold Rock Investments Ltd.,INE598F01014,ZGOLDINV,0.95371839999999997,-,,-,,0.95371839999999997,Small Cap
5334,Birla Capital & Financial Services Ltd.,INE776E01027,BIRLACAP,0.93831264000000003,-,,-,,0.93831264000000003,Small Cap
5335,D. D. Ventures Limited,INE458T01020,-,-,-,-,DDVENTURES,0.93488455882352983,0.93488455882352983,Small Cap
5336,Speedage Commercials Ltd.,INE497M01015,ZSPEEDCO,0.93100000000000005,-,,-,,0.93100000000000005,Small Cap
5337,Abhishek Corporation Ltd,INE004I01017,ABHISHEK,0.91248233400000001,-,,-,,0.91248233400000001,Small Cap
5338,Asian Fertilisers Ltd.,INE01OY01018,ASIANFR,0.90849999999999997,-,,-,,0.90849999999999997,Small Cap
5339,Associated Finman Limited,INE947R01018,-,-,-,-,ASSOFIN,0.90532799999999958,0.90532799999999958,Small Cap
5340,Winmore Leasing And Holdings Limited,INE465E01019,-,-,-,-,WINMORE,0.89903249999999968,0.89903249999999968,Small Cap
5341,Betala Global Securities Ltd.,INE658E01027,BETALA,0.84975000000000001,-,,-,,0.84975000000000001,Small Cap
5342,Uniworth International ltd.,INE760D01015,UNIIN,0.84799999999999998,-,,-,,0.84799999999999998,Small Cap
5343,XL Energy Limited,INE183H01011,XLENERGY,0.84265268900000001,-,,-,,0.84265268900000001,Small Cap
5344,N. K. Textile Industries Limited,INE800E01017,-,-,-,-,NKTEXTILE,0.83983200000000024,0.83983200000000024,Small Cap
5345,Newage Marketing Limited,INE948R01016,-,-,-,-,NEWAGE,0.83583099999999977,0.83583099999999977,Small Cap
5346,Twin Roses Trades & Agencies Ltd.,INE436U01016,TWIROST,0.82208000000000003,-,,-,,0.82208000000000003,Small Cap
5347,Molind Engineering Limited,INE310W01019,-,-,-,-,MOLIND,0.81119999999999992,0.81119999999999992,Small Cap
5348,Master Chemicals Ltd.,INE523D01017,MASCH,0.76146000000000003,-,,-,,0.76146000000000003,Small Cap
5349,ATN International Ltd.,INE803A01027,ATNINTER,0.74955000000000005,-,,-,,0.74955000000000005,Small Cap
5350,Kilburn Office Automation Ltd.,INE793E01014,KILBURN,0.74251100000000003,-,,-,,0.74251100000000003,Small Cap
5351,Atlantic Commercial Company Limited,INE790U01016,-,-,-,-,ATLANTIC,0.73499999999999988,0.73499999999999988,Small Cap
5352,Union Bearings (India) Ltd.,INE670F01011,UNIONBE,0.73,-,,-,,0.73,Small Cap
5353,Ishwarshakti Holdings & Traders Ltd,INE073I01012,ISHWATR,0.715368,-,,-,,0.715368,Small Cap
5354,Nachmo Knitex Ltd.,INE228C01015,NACHKNIT,0.67631728499999999,-,,-,,0.67631728499999999,Small Cap
5355,Satyam Silk Mills Ltd,INE07MC01015,ZSATYASL,0.644235,-,,-,,0.644235,Small Cap
5356,Baffin Engineering Projects Ltd.,INE786D01036,BAFEG,0.64,-,,-,,0.64,Small Cap
5357,NCC Finance Ltd.,INE768B01012,NCCFIN,0.63269744999999999,-,,-,,0.63269744999999999,Small Cap
5358,Castle Traders Limited,INE262V01014,-,-,-,-,CASTLE,0.62107499999999993,0.62107499999999993,Small Cap
5359,Tivoli Construction Ltd.,INE747V01014,TVOLCON,0.6,-,,-,,0.6,Small Cap
5360,Mahashree Trading Ltd.,INE924T01013,MAHSHRE,0.58079999999999998,-,,-,,0.58079999999999998,Small Cap
5361,Alna Trading & Exports Ltd.,INE07I701011,ALNATRD,0.57899999999999996,-,,-,,0.57899999999999996,Small Cap
5362,Mansoon Trading Co. Ltd.,INE776V01013,ZMANSOON,0.5635,-,,-,,0.5635,Small Cap
5363,Asutosh Enterprise Ltd.,INE508W01018,ASUTENT,0.56025000000000003,-,,-,,0.56025000000000003,Small Cap
5364,Priya International Limited,INE557E01013,-,-,-,-,PRIYAINT,0.54779999999999995,0.54779999999999995,Small Cap
5365,Supreme Commercial Enterprises Limited,INE530F01017,-,-,-,-,SUPREMECOM,0.53574899999999992,0.53574899999999992,Small Cap
5366,JATALIA GLOBAL VENTURES LIMITED,INE847M01011,JATALIA,0.52991795999999991,-,,-,,0.52991795999999991,Small Cap
5367,Classic Electricals Ltd.,INE02BR01017,CLASELE,0.51641353499999998,-,,-,,0.51641353499999998,Small Cap
5368,Morn Media Limited,INE343T01016,-,-,-,-,MORNMEDIA,0.5,0.5,Small Cap
5369,Ridhi Synthetics Ltd.,INE07LK01010,RIDHISYN,0.49402200000000002,-,,-,,0.49402200000000002,Small Cap
5370,John Oakey & Mohan Limited,INE353T01015,-,-,-,-,JOML,0.48377999999999988,0.48377999999999988,Small Cap
5371,Kengold (India) Ltd.,INE680C01025,KENGI,0.47576249999999998,-,,-,,0.47576249999999998,Small Cap
5372,Devinsu Trading Ltd.,INE07LH01016,DEVITRD,0.46973199999999998,-,,-,,0.46973199999999998,Small Cap
5373,Kajal Synthetics and Silk Mills Ltd,INE956V01011,KAJALSY,0.45816000000000001,-,,-,,0.45816000000000001,Small Cap
5374,Safal Securities Limited,INE101L01031,SAFALSEC,0.4550091,-,,-,,0.4550091,Small Cap
5375,Purity Flex Pack Ltd,INE898O01010,PURITY,0.4470711,-,,-,,0.4470711,Small Cap
5376,E and E ENTERPRISES LIMITED,INE094R01019,EENTER,0.439836,-,,-,,0.439836,Small Cap
5377,Triochem Products Ltd.,INE331E01013,TRIPR,0.42630000000000001,-,,-,,0.42630000000000001,Small Cap
5378,Bentley Commercial Enterprises Ltd.,INE496M01017,BENTCOM,0.40338000000000002,-,,-,,0.40338000000000002,Small Cap
5379,Shikhar Leasing and Trading Ltd.,INE02BV01019,SHIKHARLETR,0.4023369,-,,-,,0.4023369,Small Cap
5380,Jupiter Industries & Leasing Ltd.,INE990E01016,JPTRLES,0.39900000000000002,-,,-,,0.39900000000000002,Small Cap
5381,Kabirdas Investments Limited,INE268D01019,-,-,-,-,KABIRDAS,0.39571700000000015,0.39571700000000015,Small Cap
5382,Silicon Valley Infotech Ltd.,INE913A01024,SILICON,0.38904,-,,-,,0.38904,Small Cap
5383,Andhra Pradesh Tanneries Ltd.,INE628Y01010,APTANN,0.38451299999999999,-,,-,,0.38451299999999999,Small Cap
5384,Virgo Polymers (India) Ltd.,INE464H01015,VIRPOLY,0.374,-,,-,,0.374,Small Cap
5385,Typhoon Holdings Ltd.,INE2L3M01012,TYPHOON,0.36499999999999999,-,,-,,0.36499999999999999,Small Cap
5386,Nidhan Commercial Company Ltd,INE001V01016,-,-,-,-,NCCL,0.361064,0.361064,Small Cap
5387,Oseaspre Consultants Ltd.,INE880P01015,OSEASPR,0.35899999999999999,-,,-,,0.35899999999999999,Small Cap
5388,Trident India Limited,INE349T01013,-,-,-,-,TRIDENTIND,0.35856000000000016,0.35856000000000016,Small Cap
5389,Sunrise Industrial Traders Ltd.,INE371U01015,SUNRINV,0.35678500000000002,-,,-,,0.35678500000000002,Small Cap
5390,Procal Electronics India Ltd,INE700B01015,PROCAL,0.35349999999999998,-,,-,,0.35349999999999998,Small Cap
5391,Jyoti Overseas Ltd,INE432D01011,JYOTIOVR,0.34248600000000001,-,,-,,0.34248600000000001,Small Cap
5392,CRAFTROOT RETAIL LIMITED,INE218T01010,CRAFTROOT,0.33500000000000002,-,,-,,0.33500000000000002,Small Cap
5393,Terraform Realstate Limited,INE123V01018,TERRAREAL,0.32500000000000001,-,,-,,0.32500000000000001,Small Cap
5394,Nilkanth Engineering Ltd.,INE582V01015,ZNILKENG,0.31747500000000001,-,,-,,0.31747500000000001,Small Cap
5395,Welga Foods Limited,INE106W01011,-,-,-,-,WELGA,0.293904,0.293904,Small Cap
5396,Laser Diamonds Ltd.,INE995E01015,LADIAMO,0.27124874999999998,-,,-,,0.27124874999999998,Small Cap
5397,Ayushman Infratech Limited,INE552V01018,-,-,-,-,AYUSHMAN,0.25500000000000006,0.25500000000000006,Small Cap
5398,Supra Industrial Resources Limited,INE174E01017,-,-,-,-,SUPRAIND,0.25,0.25,Small Cap
5399,Morning Glory Leasing And Finance Limited,INE183F01015,-,-,-,-,MGLFL,0.24900000000000003,0.24900000000000003,Small Cap
5400,Efficient Industrial Finance Limited,INE255S01014,-,-,-,-,EIFL,0.24799999999999991,0.24799999999999991,Small Cap
5401,Shree Krishna Jute Products Limited,INE476T01014,-,-,-,-,SKJPL,0.24750000000000005,0.24750000000000005,Small Cap
5402,Alirox Abrasives Limited,INE143F01019,-,-,-,-,ALIROX,0.24000000000000007,0.24000000000000007,Small Cap
5403,Bajaj Global Ltd,INE553H01015,BAJGLOB,0.22275,-,,-,,0.22275,Small Cap
5404,Varun Mercantile Ltd.,INE442U01014,VARUNME,0.21492,-,,-,,0.21492,Small Cap
5405,Vinayak Vanijya Ltd.,INE132V01019,VINVANI,0.20916000000000001,-,,-,,0.20916000000000001,Small Cap
5406,Coromandel Agro Products & Oils Ltd,INE495D01018,CORAGRO,0.20382,-,,-,,0.20382,Small Cap
5407,Champion Commercial Co. Ltd.,INE477E01014,-,-,-,-,CHAMPION,0.19999999999999996,0.19999999999999996,Small Cap
5408,Mayurbhanj Trades And Agencies Limited,INE171V01017,-,-,-,-,MAYURBHANJ,0.19999999999999996,0.19999999999999996,Small Cap
5409,Terraform Magnum Limited,INE122V01010,TERRAFORM,0.1812,-,,-,,0.1812,Small Cap
5410,Western Ministil Ltd.,INE187U01015,WMINIMT,0.16935091799999999,-,,-,,0.16935091799999999,Small Cap
5411,PB Global Limited,INE615W01011,PBGLOBAL,0.1595,-,,-,,0.1595,Small Cap
5412,Shree Vijay Industries Limited,INE838R01019,-,-,-,-,SHREEVIJAY,0.1373625,0.1373625,Small Cap
5413,Jeet Machine Tools Ltd.,INE987E01012,ZJEETMAC,0.13328000000000001,-,,-,,0.13328000000000001,Small Cap
5414,Regency World Consulting Limited,INE419C01010,-,-,-,-,RWCL,0.125,0.125,Small Cap
5415,Kusam Electrical Industies Ltd.,INE175Q01018,KUSUMEL,0.12432,-,,-,,0.12432,Small Cap
5416,Ardi Alliances Limited,INE0LKP01014,ARDIALL,0.11,-,,-,,0.11,Small Cap
5417,Hindustan Housing Co. Ltd.,INE083O01019,ZHINDHSG,9.3750799999999995E-2,-,,-,,9.3750799999999995E-2,Small Cap
5418,Unijolly Investments Co. Ltd.,INE130N01010,UNIJOLL,9.0999999999999998E-2,-,,-,,9.0999999999999998E-2,Small Cap
5419,Viksit Engineering Ltd,INE965V01020,VIKSHEN,8.2474792000000005E-2,-,,-,,8.2474792000000005E-2,Small Cap
5420,Transoceanic Properties Ltd.,INE074J01018,TRANOCE,8.1900000000000001E-2,-,,-,,8.1900000000000001E-2,Small Cap
5421,Arco Leasing Ltd.,INE955S01019,ZARCOLEA,8.1023625000000002E-2,-,,-,,8.1023625000000002E-2,Small Cap
5422,Healthy Investments Ltd.,INE160N01017,HEALINV,7.8399999999999997E-2,-,,-,,7.8399999999999997E-2,Small Cap
5423,Sree Maruthi Marine Industries Limited,INE150W01019,-,-,-,-,SMMIL,5.8523174999999983E-2,5.8523174999999983E-2,Small Cap
5424,The Southern Gas Limited,INE532U01012,ZSOUTGAS,5.6250000000000001E-2,-,,-,,5.6250000000000001E-2,Small Cap
5425,ANTARIKSH INDUSTRIES LIMITED,INE825M01017,ANTARIKSH,4.3754041E-2,-,,-,,4.3754041E-2,Small Cap
5426,RATNAKAR SECURITIES LIMITED,INE820B01029,RATNAKAR,3.0159768E-2,-,,-,,3.0159768E-2,Small Cap
5427,Bengal Steel Industries Ltd.,INE523W01017,BENGALS,2.4500000000000001E-2,-,,-,,2.4500000000000001E-2,Small Cap
